country,year,sex,name,count
AU,1952,F,Alison,98
AU,1952,F,Ann,254
AU,1952,F,Anne,497
AU,1952,F,Annette,234
AU,1952,F,Barbara,434
AU,1952,F,Beverley,235
AU,1952,F,Brenda,70
AU,1952,F,Bronwyn,115
AU,1952,F,Carmel,86
AU,1952,F,Carol,362
AU,1952,F,Carolyn,246
AU,1952,F,Catherine,286
AU,1952,F,Cheryl,601
AU,1952,F,Christine,1346
AU,1952,F,Colleen,243
AU,1952,F,Deborah,171
AU,1952,F,Denise,381
AU,1952,F,Diana,81
AU,1952,F,Diane,412
AU,1952,F,Dianne,457
AU,1952,F,Dorothy,90
AU,1952,F,Elaine,120
AU,1952,F,Elizabeth,612
AU,1952,F,Fay,67
AU,1952,F,Frances,129
AU,1952,F,Gail,454
AU,1952,F,Gayle,90
AU,1952,F,Glenda,176
AU,1952,F,Gloria,85
AU,1952,F,Heather,199
AU,1952,F,Helen,648
AU,1952,F,Irene,139
AU,1952,F,Jacqueline,99
AU,1952,F,Jan,130
AU,1952,F,Jane,121
AU,1952,F,Janet,255
AU,1952,F,Janette,126
AU,1952,F,Janice,291
AU,1952,F,Jean,65
AU,1952,F,Jeanette,152
AU,1952,F,Jennifer,823
AU,1952,F,Jill,138
AU,1952,F,Jillian,84
AU,1952,F,Joan,125
AU,1952,F,Joanne,94
AU,1952,F,Joy,125
AU,1952,F,Judith,825
AU,1952,F,Julie,543
AU,1952,F,June,88
AU,1952,F,Karen,263
AU,1952,F,Kathleen,329
AU,1952,F,Kathryn,156
AU,1952,F,Kay,247
AU,1952,F,Kaye,72
AU,1952,F,Kerrie,157
AU,1952,F,Kerry,388
AU,1952,F,Kim,67
AU,1952,F,Leonie,148
AU,1952,F,Lesley,271
AU,1952,F,Linda,301
AU,1952,F,Lorraine,360
AU,1952,F,Louise,116
AU,1952,F,Lynette,756
AU,1952,F,Lynn,79
AU,1952,F,Lynne,177
AU,1952,F,Maree,118
AU,1952,F,Margaret,1112
AU,1952,F,Maria,199
AU,1952,F,Marie,147
AU,1952,F,Marilyn,336
AU,1952,F,Marion,84
AU,1952,F,Mary,433
AU,1952,F,Maureen,294
AU,1952,F,Michele,91
AU,1952,F,Michelle,72
AU,1952,F,Narelle,127
AU,1952,F,Pamela,417
AU,1952,F,Patricia,739
AU,1952,F,Paula,76
AU,1952,F,Pauline,160
AU,1952,F,Penelope,87
AU,1952,F,Rhonda,412
AU,1952,F,Robin,89
AU,1952,F,Robyn,747
AU,1952,F,Rosemary,155
AU,1952,F,Roslyn,203
AU,1952,F,Ruth,163
AU,1952,F,Sally,74
AU,1952,F,Sandra,448
AU,1952,F,Sharon,185
AU,1952,F,Shirley,178
AU,1952,F,Sue,66
AU,1952,F,Susan,1170
AU,1952,F,Susanne,123
AU,1952,F,Suzanne,375
AU,1952,F,Valerie,89
AU,1952,F,Vicki,252
AU,1952,F,Virginia,77
AU,1952,F,Wendy,452
AU,1952,F,Yvonne,151
AU,1952,M,Adrian,68
AU,1952,M,Alan,474
AU,1952,M,Alexander,82
AU,1952,M,Allan,372
AU,1952,M,Allen,84
AU,1952,M,Andrew,172
AU,1952,M,Anthony,520
AU,1952,M,Arthur,106
AU,1952,M,Barry,395
AU,1952,M,Bernard,75
AU,1952,M,Brian,624
AU,1952,M,Bruce,504
AU,1952,M,Charles,146
AU,1952,M,Christopher,718
AU,1952,M,Colin,508
AU,1952,M,Daniel,78
AU,1952,M,Darrell,54
AU,1952,M,Darryl,65
AU,1952,M,Daryl,54
AU,1952,M,David,1340
AU,1952,M,Denis,112
AU,1952,M,Dennis,328
AU,1952,M,Desmond,87
AU,1952,M,Donald,218
AU,1952,M,Douglas,198
AU,1952,M,Edward,197
AU,1952,M,Eric,99
AU,1952,M,Francis,91
AU,1952,M,Frank,73
AU,1952,M,Frederick,104
AU,1952,M,Garry,512
AU,1952,M,Gary,834
AU,1952,M,Geoffrey,586
AU,1952,M,George,200
AU,1952,M,Glen,61
AU,1952,M,Glenn,176
AU,1952,M,Gordon,146
AU,1952,M,Graeme,332
AU,1952,M,Graham,512
AU,1952,M,Grahame,79
AU,1952,M,Gregory,811
AU,1952,M,Harold,66
AU,1952,M,Ian,748
AU,1952,M,James,511
AU,1952,M,Jeffery,66
AU,1952,M,Jeffrey,259
AU,1952,M,John,2205
AU,1952,M,Joseph,122
AU,1952,M,Keith,244
AU,1952,M,Kenneth,548
AU,1952,M,Kerry,96
AU,1952,M,Kevin,480
AU,1952,M,Kim,61
AU,1952,M,Larry,102
AU,1952,M,Laurence,70
AU,1952,M,Lawrence,89
AU,1952,M,Leonard,94
AU,1952,M,Leslie,286
AU,1952,M,Lindsay,111
AU,1952,M,Malcolm,166
AU,1952,M,Mark,475
AU,1952,M,Martin,79
AU,1952,M,Maurice,56
AU,1952,M,Maxwell,99
AU,1952,M,Michael,1222
AU,1952,M,Neil,233
AU,1952,M,Neville,156
AU,1952,M,Noel,156
AU,1952,M,Norman,116
AU,1952,M,Patrick,141
AU,1952,M,Paul,1046
AU,1952,M,Peter,1903
AU,1952,M,Philip,358
AU,1952,M,Phillip,596
AU,1952,M,Raymond,525
AU,1952,M,Reginald,63
AU,1952,M,Richard,494
AU,1952,M,Robert,1787
AU,1952,M,Rodney,266
AU,1952,M,Roger,113
AU,1952,M,Ronald,495
AU,1952,M,Ross,291
AU,1952,M,Russell,189
AU,1952,M,Stanley,59
AU,1952,M,Stephen,1485
AU,1952,M,Steven,234
AU,1952,M,Stuart,90
AU,1952,M,Terence,163
AU,1952,M,Terrence,158
AU,1952,M,Terry,129
AU,1952,M,Thomas,220
AU,1952,M,Timothy,128
AU,1952,M,Tony,58
AU,1952,M,Trevor,296
AU,1952,M,Victor,57
AU,1952,M,Vincent,60
AU,1952,M,Warren,221
AU,1952,M,Warwick,91
AU,1952,M,Wayne,423
AU,1952,M,William,645
AU,1953,F,Alison,112
AU,1953,F,Ann,264
AU,1953,F,Anne,500
AU,1953,F,Annette,220
AU,1953,F,Barbara,448
AU,1953,F,Beverley,232
AU,1953,F,Brenda,81
AU,1953,F,Bronwyn,134
AU,1953,F,Carmel,81
AU,1953,F,Carol,293
AU,1953,F,Carolyn,199
AU,1953,F,Catherine,350
AU,1953,F,Cheryl,602
AU,1953,F,Christine,1279
AU,1953,F,Colleen,205
AU,1953,F,Deborah,311
AU,1953,F,Debra,110
AU,1953,F,Denise,410
AU,1953,F,Diana,73
AU,1953,F,Diane,446
AU,1953,F,Dianne,411
AU,1953,F,Donna,76
AU,1953,F,Dorothy,94
AU,1953,F,Elaine,97
AU,1953,F,Elizabeth,608
AU,1953,F,Frances,143
AU,1953,F,Gail,392
AU,1953,F,Gayle,74
AU,1953,F,Glenda,142
AU,1953,F,Gloria,67
AU,1953,F,Heather,199
AU,1953,F,Helen,648
AU,1953,F,Irene,96
AU,1953,F,Jacqueline,119
AU,1953,F,Jan,140
AU,1953,F,Jane,154
AU,1953,F,Janet,270
AU,1953,F,Janette,152
AU,1953,F,Janice,314
AU,1953,F,Jeanette,146
AU,1953,F,Jennifer,964
AU,1953,F,Jill,133
AU,1953,F,Jillian,86
AU,1953,F,Joan,110
AU,1953,F,Joanne,97
AU,1953,F,Joy,122
AU,1953,F,Judith,761
AU,1953,F,Julie,739
AU,1953,F,June,76
AU,1953,F,Karen,286
AU,1953,F,Kathleen,301
AU,1953,F,Kathryn,163
AU,1953,F,Kay,208
AU,1953,F,Kerrie,257
AU,1953,F,Kerry,462
AU,1953,F,Kim,154
AU,1953,F,Leonie,172
AU,1953,F,Lesley,264
AU,1953,F,Linda,358
AU,1953,F,Lorraine,348
AU,1953,F,Louise,113
AU,1953,F,Lynda,69
AU,1953,F,Lynette,658
AU,1953,F,Lynn,83
AU,1953,F,Lynne,179
AU,1953,F,Maree,132
AU,1953,F,Margaret,961
AU,1953,F,Maria,204
AU,1953,F,Marie,150
AU,1953,F,Marilyn,430
AU,1953,F,Marion,82
AU,1953,F,Mary,411
AU,1953,F,Maureen,246
AU,1953,F,Michele,106
AU,1953,F,Michelle,114
AU,1953,F,Narelle,152
AU,1953,F,Pamela,398
AU,1953,F,Patricia,646
AU,1953,F,Paula,67
AU,1953,F,Pauline,156
AU,1953,F,Rhonda,379
AU,1953,F,Robin,89
AU,1953,F,Robyn,753
AU,1953,F,Rosemary,190
AU,1953,F,Roslyn,231
AU,1953,F,Ruth,150
AU,1953,F,Sally,85
AU,1953,F,Sandra,453
AU,1953,F,Sharon,249
AU,1953,F,Shirley,148
AU,1953,F,Stephanie,71
AU,1953,F,Sue,74
AU,1953,F,Susan,1188
AU,1953,F,Susanne,104
AU,1953,F,Suzanne,388
AU,1953,F,Valerie,72
AU,1953,F,Vicki,316
AU,1953,F,Virginia,95
AU,1953,F,Wendy,440
AU,1953,F,Yvonne,159
AU,1953,M,Adrian,79
AU,1953,M,Alan,445
AU,1953,M,Alexander,79
AU,1953,M,Allan,363
AU,1953,M,Allen,84
AU,1953,M,Andrew,176
AU,1953,M,Anthony,595
AU,1953,M,Arthur,105
AU,1953,M,Barry,371
AU,1953,M,Bernard,99
AU,1953,M,Brian,518
AU,1953,M,Bruce,461
AU,1953,M,Charles,124
AU,1953,M,Christopher,754
AU,1953,M,Colin,481
AU,1953,M,Craig,82
AU,1953,M,Daniel,73
AU,1953,M,David,1320
AU,1953,M,Denis,109
AU,1953,M,Dennis,244
AU,1953,M,Desmond,72
AU,1953,M,Donald,253
AU,1953,M,Douglas,185
AU,1953,M,Edward,170
AU,1953,M,Eric,95
AU,1953,M,Francis,94
AU,1953,M,Frank,65
AU,1953,M,Frederick,105
AU,1953,M,Garry,483
AU,1953,M,Gary,801
AU,1953,M,Geoffrey,573
AU,1953,M,George,150
AU,1953,M,Glen,73
AU,1953,M,Glenn,187
AU,1953,M,Gordon,105
AU,1953,M,Graeme,338
AU,1953,M,Graham,431
AU,1953,M,Grahame,74
AU,1953,M,Grant,62
AU,1953,M,Gregory,955
AU,1953,M,Harold,54
AU,1953,M,Ian,800
AU,1953,M,James,546
AU,1953,M,Jeffery,67
AU,1953,M,Jeffrey,291
AU,1953,M,John,2148
AU,1953,M,Joseph,115
AU,1953,M,Keith,239
AU,1953,M,Kenneth,534
AU,1953,M,Kerry,87
AU,1953,M,Kevin,502
AU,1953,M,Kim,101
AU,1953,M,Larry,81
AU,1953,M,Laurence,62
AU,1953,M,Lawrence,84
AU,1953,M,Leonard,69
AU,1953,M,Leslie,228
AU,1953,M,Lindsay,109
AU,1953,M,Malcolm,172
AU,1953,M,Mark,610
AU,1953,M,Martin,70
AU,1953,M,Maxwell,85
AU,1953,M,Michael,1298
AU,1953,M,Neil,303
AU,1953,M,Neville,151
AU,1953,M,Noel,151
AU,1953,M,Norman,115
AU,1953,M,Owen,56
AU,1953,M,Patrick,156
AU,1953,M,Paul,1004
AU,1953,M,Peter,1983
AU,1953,M,Philip,367
AU,1953,M,Phillip,552
AU,1953,M,Ralph,51
AU,1953,M,Raymond,491
AU,1953,M,Reginald,74
AU,1953,M,Richard,440
AU,1953,M,Robert,1695
AU,1953,M,Rodney,271
AU,1953,M,Roger,103
AU,1953,M,Ronald,453
AU,1953,M,Ross,294
AU,1953,M,Russell,151
AU,1953,M,Stanley,59
AU,1953,M,Stephen,1486
AU,1953,M,Steven,352
AU,1953,M,Stillborn,90
AU,1953,M,Stuart,83
AU,1953,M,Terence,179
AU,1953,M,Terrence,133
AU,1953,M,Terry,126
AU,1953,M,Thomas,214
AU,1953,M,Timothy,142
AU,1953,M,Tony,57
AU,1953,M,Trevor,301
AU,1953,M,Victor,61
AU,1953,M,Warren,235
AU,1953,M,Warwick,76
AU,1953,M,Wayne,584
AU,1953,M,William,625
AU,1954,F,Alison,103
AU,1954,F,Amanda,87
AU,1954,F,Ann,284
AU,1954,F,Anna,80
AU,1954,F,Anne,541
AU,1954,F,Annette,227
AU,1954,F,Barbara,358
AU,1954,F,Beverley,194
AU,1954,F,Brenda,85
AU,1954,F,Bronwyn,115
AU,1954,F,Carmel,75
AU,1954,F,Carol,276
AU,1954,F,Carolyn,191
AU,1954,F,Catherine,338
AU,1954,F,Cheryl,512
AU,1954,F,Christine,1126
AU,1954,F,Colleen,166
AU,1954,F,Dawn,72
AU,1954,F,Deborah,435
AU,1954,F,Debra,173
AU,1954,F,Denise,356
AU,1954,F,Diane,383
AU,1954,F,Dianne,371
AU,1954,F,Donna,83
AU,1954,F,Dorothy,88
AU,1954,F,Elaine,100
AU,1954,F,Elizabeth,501
AU,1954,F,Frances,143
AU,1954,F,Gail,367
AU,1954,F,Glenda,174
AU,1954,F,Heather,206
AU,1954,F,Helen,612
AU,1954,F,Irene,95
AU,1954,F,Jacqueline,100
AU,1954,F,Jan,136
AU,1954,F,Jane,154
AU,1954,F,Janelle,102
AU,1954,F,Janet,220
AU,1954,F,Janette,157
AU,1954,F,Janice,272
AU,1954,F,Jeanette,137
AU,1954,F,Jennifer,833
AU,1954,F,Jill,127
AU,1954,F,Jillian,86
AU,1954,F,Joan,84
AU,1954,F,Joanne,114
AU,1954,F,Joy,104
AU,1954,F,Judith,657
AU,1954,F,Julie,831
AU,1954,F,Karen,521
AU,1954,F,Kathleen,251
AU,1954,F,Kathryn,163
AU,1954,F,Kay,189
AU,1954,F,Kerrie,266
AU,1954,F,Kerry,471
AU,1954,F,Kim,181
AU,1954,F,Leonie,178
AU,1954,F,Lesley,220
AU,1954,F,Linda,350
AU,1954,F,Lorraine,312
AU,1954,F,Louise,153
AU,1954,F,Lynda,83
AU,1954,F,Lynette,667
AU,1954,F,Lynn,84
AU,1954,F,Lynne,129
AU,1954,F,Maree,136
AU,1954,F,Margaret,899
AU,1954,F,Maria,254
AU,1954,F,Marie,136
AU,1954,F,Marilyn,280
AU,1954,F,Marion,78
AU,1954,F,Mary,350
AU,1954,F,Maureen,226
AU,1954,F,Maxine,74
AU,1954,F,Michele,129
AU,1954,F,Michelle,158
AU,1954,F,Narelle,180
AU,1954,F,Pamela,336
AU,1954,F,Patricia,561
AU,1954,F,Paula,70
AU,1954,F,Pauline,177
AU,1954,F,Rhonda,392
AU,1954,F,Robin,81
AU,1954,F,Robyn,707
AU,1954,F,Rosemary,133
AU,1954,F,Roslyn,190
AU,1954,F,Ruth,146
AU,1954,F,Sally,96
AU,1954,F,Sandra,450
AU,1954,F,Sharon,276
AU,1954,F,Shirley,125
AU,1954,F,Sue,76
AU,1954,F,Susan,1175
AU,1954,F,Susanne,142
AU,1954,F,Suzanne,403
AU,1954,F,Toni,73
AU,1954,F,Vicki,395
AU,1954,F,Virginia,75
AU,1954,F,Wendy,530
AU,1954,F,Yvonne,123
AU,1954,M,Adrian,73
AU,1954,M,Alan,388
AU,1954,M,Allan,324
AU,1954,M,Allen,65
AU,1954,M,Andrew,215
AU,1954,M,Anthony,610
AU,1954,M,Arthur,73
AU,1954,M,Barry,340
AU,1954,M,Bernard,66
AU,1954,M,Brian,513
AU,1954,M,Bruce,483
AU,1954,M,Charles,113
AU,1954,M,Christopher,639
AU,1954,M,Colin,411
AU,1954,M,Craig,95
AU,1954,M,Daniel,84
AU,1954,M,Darrell,60
AU,1954,M,Darryl,68
AU,1954,M,Daryl,55
AU,1954,M,David,1400
AU,1954,M,Denis,70
AU,1954,M,Dennis,161
AU,1954,M,Desmond,62
AU,1954,M,Donald,206
AU,1954,M,Douglas,162
AU,1954,M,Edward,154
AU,1954,M,Eric,100
AU,1954,M,Francis,89
AU,1954,M,Frank,71
AU,1954,M,Frederick,73
AU,1954,M,Garry,578
AU,1954,M,Gary,705
AU,1954,M,Geoffrey,539
AU,1954,M,George,148
AU,1954,M,Glen,93
AU,1954,M,Glenn,254
AU,1954,M,Gordon,121
AU,1954,M,Graeme,296
AU,1954,M,Graham,431
AU,1954,M,Grahame,80
AU,1954,M,Grant,68
AU,1954,M,Gregory,1146
AU,1954,M,Howard,66
AU,1954,M,Ian,804
AU,1954,M,James,500
AU,1954,M,Jeffery,57
AU,1954,M,Jeffrey,269
AU,1954,M,John,1993
AU,1954,M,Joseph,103
AU,1954,M,Keith,214
AU,1954,M,Kenneth,459
AU,1954,M,Kerry,84
AU,1954,M,Kevin,475
AU,1954,M,Kim,127
AU,1954,M,Larry,90
AU,1954,M,Laurence,63
AU,1954,M,Lawrence,71
AU,1954,M,Leonard,85
AU,1954,M,Leslie,219
AU,1954,M,Lindsay,110
AU,1954,M,Malcolm,160
AU,1954,M,Mark,729
AU,1954,M,Martin,82
AU,1954,M,Maxwell,75
AU,1954,M,Michael,1315
AU,1954,M,Neil,306
AU,1954,M,Neville,126
AU,1954,M,Noel,133
AU,1954,M,Norman,91
AU,1954,M,Patrick,143
AU,1954,M,Paul,1069
AU,1954,M,Peter,2097
AU,1954,M,Philip,353
AU,1954,M,Phillip,503
AU,1954,M,Raymond,436
AU,1954,M,Reginald,56
AU,1954,M,Richard,435
AU,1954,M,Robert,1578
AU,1954,M,Rodney,259
AU,1954,M,Roger,102
AU,1954,M,Ronald,407
AU,1954,M,Ross,295
AU,1954,M,Russell,175
AU,1954,M,Shane,86
AU,1954,M,Stephen,1516
AU,1954,M,Steven,358
AU,1954,M,Stuart,80
AU,1954,M,Terence,135
AU,1954,M,Terrence,144
AU,1954,M,Terry,135
AU,1954,M,Thomas,181
AU,1954,M,Timothy,153
AU,1954,M,Tony,64
AU,1954,M,Trevor,270
AU,1954,M,Victor,66
AU,1954,M,Vincent,58
AU,1954,M,Warren,221
AU,1954,M,Warwick,83
AU,1954,M,Wayne,725
AU,1954,M,William,545
AU,1955,F,Alison,104
AU,1955,F,Amanda,97
AU,1955,F,Angela,66
AU,1955,F,Ann,314
AU,1955,F,Anna,90
AU,1955,F,Anne,526
AU,1955,F,Annette,215
AU,1955,F,Barbara,276
AU,1955,F,Beverley,208
AU,1955,F,Brenda,79
AU,1955,F,Bronwyn,110
AU,1955,F,Carmel,82
AU,1955,F,Carol,279
AU,1955,F,Carolyn,126
AU,1955,F,Catherine,307
AU,1955,F,Cheryl,485
AU,1955,F,Christine,963
AU,1955,F,Colleen,180
AU,1955,F,Deborah,530
AU,1955,F,Debra,315
AU,1955,F,Denise,335
AU,1955,F,Diane,316
AU,1955,F,Dianne,363
AU,1955,F,Donna,116
AU,1955,F,Dorothy,96
AU,1955,F,Elaine,79
AU,1955,F,Elizabeth,531
AU,1955,F,Frances,127
AU,1955,F,Gail,350
AU,1955,F,Gayle,70
AU,1955,F,Glenda,149
AU,1955,F,Heather,211
AU,1955,F,Helen,577
AU,1955,F,Irene,96
AU,1955,F,Jacqueline,117
AU,1955,F,Jan,116
AU,1955,F,Jane,161
AU,1955,F,Janelle,104
AU,1955,F,Janet,238
AU,1955,F,Janette,125
AU,1955,F,Janice,216
AU,1955,F,Janine,70
AU,1955,F,Jeanette,132
AU,1955,F,Jennifer,1226
AU,1955,F,Jill,121
AU,1955,F,Jillian,90
AU,1955,F,Joan,93
AU,1955,F,Joanne,181
AU,1955,F,Joy,93
AU,1955,F,Judith,598
AU,1955,F,Julie,824
AU,1955,F,Karen,630
AU,1955,F,Kathleen,230
AU,1955,F,Kathryn,149
AU,1955,F,Kay,166
AU,1955,F,Kerrie,220
AU,1955,F,Kerry,510
AU,1955,F,Kim,251
AU,1955,F,Leonie,166
AU,1955,F,Lesley,236
AU,1955,F,Linda,424
AU,1955,F,Lorraine,284
AU,1955,F,Louise,161
AU,1955,F,Lynda,72
AU,1955,F,Lynette,674
AU,1955,F,Lynn,95
AU,1955,F,Lynne,167
AU,1955,F,Maree,179
AU,1955,F,Margaret,865
AU,1955,F,Maria,233
AU,1955,F,Marie,142
AU,1955,F,Marilyn,172
AU,1955,F,Mary,372
AU,1955,F,Maureen,190
AU,1955,F,Michele,124
AU,1955,F,Michelle,192
AU,1955,F,Narelle,249
AU,1955,F,Pamela,340
AU,1955,F,Patricia,498
AU,1955,F,Paula,72
AU,1955,F,Pauline,147
AU,1955,F,Penelope,71
AU,1955,F,Rhonda,344
AU,1955,F,Robin,80
AU,1955,F,Robyn,616
AU,1955,F,Rosemary,172
AU,1955,F,Roslyn,170
AU,1955,F,Ruth,125
AU,1955,F,Sally,82
AU,1955,F,Sandra,441
AU,1955,F,Sharon,366
AU,1955,F,Shirley,113
AU,1955,F,Sue,82
AU,1955,F,Susan,1303
AU,1955,F,Susanne,115
AU,1955,F,Suzanne,385
AU,1955,F,Vicki,462
AU,1955,F,Virginia,81
AU,1955,F,Wendy,509
AU,1955,F,Yvonne,124
AU,1955,M,Adrian,65
AU,1955,M,Alan,402
AU,1955,M,Alexander,62
AU,1955,M,Allan,314
AU,1955,M,Allen,76
AU,1955,M,Andrew,239
AU,1955,M,Anthony,668
AU,1955,M,Arthur,74
AU,1955,M,Barry,325
AU,1955,M,Bernard,81
AU,1955,M,Brett,63
AU,1955,M,Brian,477
AU,1955,M,Bruce,403
AU,1955,M,Charles,113
AU,1955,M,Christopher,711
AU,1955,M,Colin,423
AU,1955,M,Craig,102
AU,1955,M,Daniel,71
AU,1955,M,Darryl,85
AU,1955,M,Daryl,67
AU,1955,M,David,1404
AU,1955,M,Denis,62
AU,1955,M,Dennis,135
AU,1955,M,Desmond,62
AU,1955,M,Donald,231
AU,1955,M,Douglas,176
AU,1955,M,Edward,134
AU,1955,M,Eric,99
AU,1955,M,Francis,75
AU,1955,M,Frank,68
AU,1955,M,Frederick,75
AU,1955,M,Garry,537
AU,1955,M,Gary,651
AU,1955,M,Geoffrey,566
AU,1955,M,George,156
AU,1955,M,Glen,127
AU,1955,M,Glenn,261
AU,1955,M,Gordon,118
AU,1955,M,Graeme,294
AU,1955,M,Graham,450
AU,1955,M,Grahame,82
AU,1955,M,Grant,77
AU,1955,M,Gregory,1110
AU,1955,M,Ian,829
AU,1955,M,James,441
AU,1955,M,Jeffery,65
AU,1955,M,Jeffrey,313
AU,1955,M,John,1838
AU,1955,M,Joseph,131
AU,1955,M,Keith,213
AU,1955,M,Kenneth,463
AU,1955,M,Kerry,78
AU,1955,M,Kevin,450
AU,1955,M,Kim,163
AU,1955,M,Larry,82
AU,1955,M,Laurence,61
AU,1955,M,Leonard,65
AU,1955,M,Leslie,247
AU,1955,M,Lindsay,81
AU,1955,M,Malcolm,153
AU,1955,M,Mark,841
AU,1955,M,Martin,109
AU,1955,M,Maxwell,80
AU,1955,M,Michael,1456
AU,1955,M,Neil,322
AU,1955,M,Neville,102
AU,1955,M,Nicholas,64
AU,1955,M,Noel,133
AU,1955,M,Norman,77
AU,1955,M,Patrick,154
AU,1955,M,Paul,1041
AU,1955,M,Peter,2312
AU,1955,M,Philip,313
AU,1955,M,Phillip,495
AU,1955,M,Raymond,402
AU,1955,M,Richard,468
AU,1955,M,Robert,1493
AU,1955,M,Rodney,304
AU,1955,M,Roger,103
AU,1955,M,Ronald,407
AU,1955,M,Ross,271
AU,1955,M,Roy,62
AU,1955,M,Russell,148
AU,1955,M,Shane,116
AU,1955,M,Simon,66
AU,1955,M,Stephen,1578
AU,1955,M,Steven,387
AU,1955,M,Stuart,73
AU,1955,M,Terence,151
AU,1955,M,Terrence,124
AU,1955,M,Terry,148
AU,1955,M,Thomas,157
AU,1955,M,Timothy,178
AU,1955,M,Tony,72
AU,1955,M,Trevor,303
AU,1955,M,Vincent,64
AU,1955,M,Warren,223
AU,1955,M,Warwick,78
AU,1955,M,Wayne,826
AU,1955,M,William,575
AU,1956,F,Alison,101
AU,1956,F,Amanda,148
AU,1956,F,Ann,290
AU,1956,F,Anna,72
AU,1956,F,Anne,514
AU,1956,F,Annette,232
AU,1956,F,Barbara,290
AU,1956,F,Beverley,152
AU,1956,F,Bronwyn,128
AU,1956,F,Carmel,79
AU,1956,F,Carol,293
AU,1956,F,Carolyn,128
AU,1956,F,Catherine,387
AU,1956,F,Cheryl,462
AU,1956,F,Christine,831
AU,1956,F,Colleen,171
AU,1956,F,Deborah,716
AU,1956,F,Debra,431
AU,1956,F,Denise,305
AU,1956,F,Diane,329
AU,1956,F,Dianne,342
AU,1956,F,Donna,130
AU,1956,F,Dorothy,82
AU,1956,F,Elizabeth,511
AU,1956,F,Fiona,81
AU,1956,F,Frances,111
AU,1956,F,Gail,304
AU,1956,F,Glenda,156
AU,1956,F,Heather,181
AU,1956,F,Helen,604
AU,1956,F,Irene,70
AU,1956,F,Jacqueline,124
AU,1956,F,Jan,123
AU,1956,F,Jane,210
AU,1956,F,Janelle,136
AU,1956,F,Janet,214
AU,1956,F,Janette,139
AU,1956,F,Janice,204
AU,1956,F,Janine,75
AU,1956,F,Jeanette,166
AU,1956,F,Jennifer,1418
AU,1956,F,Jill,108
AU,1956,F,Joan,79
AU,1956,F,Joanne,204
AU,1956,F,Joy,88
AU,1956,F,Judith,534
AU,1956,F,Julie,842
AU,1956,F,Karen,738
AU,1956,F,Katherine,77
AU,1956,F,Kathleen,252
AU,1956,F,Kathryn,191
AU,1956,F,Kay,137
AU,1956,F,Kerrie,318
AU,1956,F,Kerry,586
AU,1956,F,Kim,362
AU,1956,F,Lee,74
AU,1956,F,Leonie,181
AU,1956,F,Lesley,158
AU,1956,F,Linda,389
AU,1956,F,Lorraine,227
AU,1956,F,Louise,209
AU,1956,F,Lynda,83
AU,1956,F,Lynette,596
AU,1956,F,Lynn,85
AU,1956,F,Lynne,155
AU,1956,F,Maree,164
AU,1956,F,Margaret,783
AU,1956,F,Maria,249
AU,1956,F,Marie,105
AU,1956,F,Marilyn,75
AU,1956,F,Marion,69
AU,1956,F,Mary,386
AU,1956,F,Maureen,191
AU,1956,F,Michele,160
AU,1956,F,Michelle,148
AU,1956,F,Narelle,216
AU,1956,F,Pamela,309
AU,1956,F,Patricia,485
AU,1956,F,Pauline,119
AU,1956,F,Penelope,95
AU,1956,F,Rhonda,277
AU,1956,F,Robyn,615
AU,1956,F,Rosemary,160
AU,1956,F,Roslyn,176
AU,1956,F,Ruth,122
AU,1956,F,Sally,119
AU,1956,F,Sandra,376
AU,1956,F,Sharon,365
AU,1956,F,Sheryl,69
AU,1956,F,Shirley,129
AU,1956,F,Sue,87
AU,1956,F,Susan,1165
AU,1956,F,Susanne,89
AU,1956,F,Suzanne,389
AU,1956,F,Therese,69
AU,1956,F,Toni,72
AU,1956,F,Vicki,565
AU,1956,F,Victoria,78
AU,1956,F,Wendy,523
AU,1956,F,Yvonne,124
AU,1956,M,Alan,366
AU,1956,M,Alexander,69
AU,1956,M,Allan,335
AU,1956,M,Allen,70
AU,1956,M,Andrew,299
AU,1956,M,Anthony,698
AU,1956,M,Arthur,73
AU,1956,M,Barry,321
AU,1956,M,Bernard,75
AU,1956,M,Bradley,72
AU,1956,M,Brett,88
AU,1956,M,Brian,462
AU,1956,M,Bruce,424
AU,1956,M,Charles,95
AU,1956,M,Christopher,671
AU,1956,M,Colin,454
AU,1956,M,Craig,136
AU,1956,M,Daniel,78
AU,1956,M,Darryl,98
AU,1956,M,Daryl,77
AU,1956,M,David,1594
AU,1956,M,Dennis,124
AU,1956,M,Desmond,55
AU,1956,M,Donald,180
AU,1956,M,Douglas,177
AU,1956,M,Edward,140
AU,1956,M,Eric,99
AU,1956,M,Francis,78
AU,1956,M,Frank,70
AU,1956,M,Garry,520
AU,1956,M,Gary,581
AU,1956,M,Geoffrey,521
AU,1956,M,George,170
AU,1956,M,Gerard,66
AU,1956,M,Glen,120
AU,1956,M,Glenn,313
AU,1956,M,Gordon,124
AU,1956,M,Graeme,258
AU,1956,M,Graham,405
AU,1956,M,Grahame,79
AU,1956,M,Grant,88
AU,1956,M,Gregory,1151
AU,1956,M,Ian,818
AU,1956,M,James,498
AU,1956,M,Jeffery,65
AU,1956,M,Jeffrey,298
AU,1956,M,John,1780
AU,1956,M,Joseph,147
AU,1956,M,Keith,229
AU,1956,M,Kelvin,56
AU,1956,M,Kenneth,402
AU,1956,M,Kerry,63
AU,1956,M,Kevin,552
AU,1956,M,Kim,136
AU,1956,M,Larry,85
AU,1956,M,Laurence,56
AU,1956,M,Lawrence,59
AU,1956,M,Leonard,71
AU,1956,M,Leslie,201
AU,1956,M,Lindsay,66
AU,1956,M,Malcolm,183
AU,1956,M,Mark,1225
AU,1956,M,Martin,165
AU,1956,M,Maxwell,55
AU,1956,M,Michael,1464
AU,1956,M,Neil,299
AU,1956,M,Neville,111
AU,1956,M,Nicholas,69
AU,1956,M,Noel,133
AU,1956,M,Norman,86
AU,1956,M,Patrick,145
AU,1956,M,Paul,1105
AU,1956,M,Peter,2796
AU,1956,M,Philip,300
AU,1956,M,Phillip,517
AU,1956,M,Raymond,380
AU,1956,M,Richard,449
AU,1956,M,Robert,1457
AU,1956,M,Rodney,318
AU,1956,M,Roger,110
AU,1956,M,Ronald,364
AU,1956,M,Ross,264
AU,1956,M,Russell,135
AU,1956,M,Shane,133
AU,1956,M,Simon,67
AU,1956,M,Stephen,1584
AU,1956,M,Steven,421
AU,1956,M,Stuart,106
AU,1956,M,Terence,131
AU,1956,M,Terrence,136
AU,1956,M,Terry,141
AU,1956,M,Thomas,184
AU,1956,M,Timothy,177
AU,1956,M,Tony,101
AU,1956,M,Trevor,275
AU,1956,M,Victor,63
AU,1956,M,Warren,216
AU,1956,M,Warwick,58
AU,1956,M,Wayne,730
AU,1956,M,William,501
AU,1957,F,Alison,102
AU,1957,F,Amanda,162
AU,1957,F,Angela,91
AU,1957,F,Ann,263
AU,1957,F,Anna,103
AU,1957,F,Anne,545
AU,1957,F,Annette,213
AU,1957,F,Barbara,280
AU,1957,F,Belinda,76
AU,1957,F,Beverley,157
AU,1957,F,Bronwyn,126
AU,1957,F,Carmel,73
AU,1957,F,Carol,273
AU,1957,F,Caroline,74
AU,1957,F,Carolyn,195
AU,1957,F,Catherine,444
AU,1957,F,Cheryl,462
AU,1957,F,Christine,751
AU,1957,F,Colleen,181
AU,1957,F,Debbie,140
AU,1957,F,Deborah,985
AU,1957,F,Debra,685
AU,1957,F,Denise,256
AU,1957,F,Diana,74
AU,1957,F,Diane,337
AU,1957,F,Dianne,280
AU,1957,F,Donna,163
AU,1957,F,Elizabeth,538
AU,1957,F,Fiona,126
AU,1957,F,Frances,114
AU,1957,F,Gail,249
AU,1957,F,Glenda,150
AU,1957,F,Heather,169
AU,1957,F,Helen,536
AU,1957,F,Irene,70
AU,1957,F,Jacqueline,97
AU,1957,F,Jan,118
AU,1957,F,Jane,225
AU,1957,F,Janelle,152
AU,1957,F,Janet,202
AU,1957,F,Janette,125
AU,1957,F,Janice,159
AU,1957,F,Janine,84
AU,1957,F,Jeanette,111
AU,1957,F,Jennifer,1367
AU,1957,F,Jill,83
AU,1957,F,Joanne,288
AU,1957,F,Joy,71
AU,1957,F,Judith,475
AU,1957,F,Julie,924
AU,1957,F,Karen,818
AU,1957,F,Katherine,75
AU,1957,F,Kathleen,225
AU,1957,F,Kathryn,211
AU,1957,F,Kay,123
AU,1957,F,Kerrie,330
AU,1957,F,Kerry,574
AU,1957,F,Kim,697
AU,1957,F,Leanne,74
AU,1957,F,Lee,68
AU,1957,F,Leonie,195
AU,1957,F,Lesley,169
AU,1957,F,Linda,434
AU,1957,F,Lorraine,244
AU,1957,F,Louise,216
AU,1957,F,Lynda,99
AU,1957,F,Lynette,513
AU,1957,F,Lynne,137
AU,1957,F,Maree,171
AU,1957,F,Margaret,795
AU,1957,F,Maria,282
AU,1957,F,Marie,102
AU,1957,F,Mary,430
AU,1957,F,Maureen,140
AU,1957,F,Michele,177
AU,1957,F,Michelle,225
AU,1957,F,Narelle,240
AU,1957,F,Pamela,244
AU,1957,F,Patricia,425
AU,1957,F,Pauline,134
AU,1957,F,Penelope,87
AU,1957,F,Rhonda,308
AU,1957,F,Robyn,583
AU,1957,F,Rosemary,164
AU,1957,F,Roslyn,152
AU,1957,F,Ruth,126
AU,1957,F,Sally,105
AU,1957,F,Sandra,402
AU,1957,F,Sharon,412
AU,1957,F,Shirley,121
AU,1957,F,Susan,1083
AU,1957,F,Susanne,95
AU,1957,F,Suzanne,378
AU,1957,F,Therese,89
AU,1957,F,Toni,95
AU,1957,F,Vicki,558
AU,1957,F,Victoria,103
AU,1957,F,Virginia,101
AU,1957,F,Wendy,582
AU,1957,F,Yvonne,109
AU,1957,M,Adrian,71
AU,1957,M,Alan,377
AU,1957,M,Alexander,82
AU,1957,M,Allan,316
AU,1957,M,Andrew,356
AU,1957,M,Anthony,802
AU,1957,M,Barry,308
AU,1957,M,Bernard,80
AU,1957,M,Bradley,125
AU,1957,M,Brett,122
AU,1957,M,Brian,482
AU,1957,M,Bruce,444
AU,1957,M,Charles,107
AU,1957,M,Christopher,705
AU,1957,M,Colin,429
AU,1957,M,Craig,208
AU,1957,M,Dale,63
AU,1957,M,Daniel,125
AU,1957,M,Darryl,106
AU,1957,M,Daryl,79
AU,1957,M,David,1655
AU,1957,M,Dean,71
AU,1957,M,Dennis,120
AU,1957,M,Donald,191
AU,1957,M,Douglas,158
AU,1957,M,Edward,144
AU,1957,M,Eric,102
AU,1957,M,Francis,89
AU,1957,M,Frank,85
AU,1957,M,Garry,491
AU,1957,M,Gary,605
AU,1957,M,Geoffrey,566
AU,1957,M,George,179
AU,1957,M,Gerard,74
AU,1957,M,Glen,155
AU,1957,M,Glenn,361
AU,1957,M,Gordon,108
AU,1957,M,Graeme,267
AU,1957,M,Graham,419
AU,1957,M,Grahame,67
AU,1957,M,Grant,127
AU,1957,M,Gregory,1277
AU,1957,M,Ian,756
AU,1957,M,James,479
AU,1957,M,Jeffrey,301
AU,1957,M,John,1762
AU,1957,M,Joseph,150
AU,1957,M,Keith,173
AU,1957,M,Kelvin,72
AU,1957,M,Kenneth,376
AU,1957,M,Kevin,464
AU,1957,M,Kim,122
AU,1957,M,Larry,88
AU,1957,M,Lawrence,66
AU,1957,M,Leonard,66
AU,1957,M,Leslie,193
AU,1957,M,Lindsay,85
AU,1957,M,Malcolm,171
AU,1957,M,Mark,1395
AU,1957,M,Martin,175
AU,1957,M,Matthew,89
AU,1957,M,Maxwell,77
AU,1957,M,Michael,1492
AU,1957,M,Murray,81
AU,1957,M,Neil,299
AU,1957,M,Neville,83
AU,1957,M,Nicholas,68
AU,1957,M,Noel,128
AU,1957,M,Norman,85
AU,1957,M,Patrick,161
AU,1957,M,Paul,1155
AU,1957,M,Peter,2741
AU,1957,M,Philip,310
AU,1957,M,Phillip,486
AU,1957,M,Raymond,394
AU,1957,M,Richard,450
AU,1957,M,Robert,1354
AU,1957,M,Rodney,290
AU,1957,M,Roger,105
AU,1957,M,Ronald,318
AU,1957,M,Ross,274
AU,1957,M,Russell,164
AU,1957,M,Scott,97
AU,1957,M,Shane,161
AU,1957,M,Simon,70
AU,1957,M,Stephen,1589
AU,1957,M,Steven,465
AU,1957,M,Stuart,121
AU,1957,M,Terence,121
AU,1957,M,Terrence,112
AU,1957,M,Terry,153
AU,1957,M,Thomas,186
AU,1957,M,Timothy,224
AU,1957,M,Tony,93
AU,1957,M,Trevor,280
AU,1957,M,Victor,67
AU,1957,M,Warren,219
AU,1957,M,Warwick,83
AU,1957,M,Wayne,790
AU,1957,M,William,467
AU,1958,F,Alison,102
AU,1958,F,Amanda,172
AU,1958,F,Angela,106
AU,1958,F,Ann,244
AU,1958,F,Anna,103
AU,1958,F,Anne,429
AU,1958,F,Annette,261
AU,1958,F,Barbara,288
AU,1958,F,Belinda,108
AU,1958,F,Bernadette,108
AU,1958,F,Beverley,125
AU,1958,F,Brenda,88
AU,1958,F,Bronwyn,137
AU,1958,F,Carol,233
AU,1958,F,Carolyn,155
AU,1958,F,Catherine,439
AU,1958,F,Cheryl,522
AU,1958,F,Christine,648
AU,1958,F,Colleen,152
AU,1958,F,Debbie,266
AU,1958,F,Deborah,1036
AU,1958,F,Debra,794
AU,1958,F,Denise,261
AU,1958,F,Diana,113
AU,1958,F,Diane,305
AU,1958,F,Dianne,314
AU,1958,F,Donna,200
AU,1958,F,Elizabeth,513
AU,1958,F,Fiona,152
AU,1958,F,Frances,107
AU,1958,F,Gail,248
AU,1958,F,Glenda,109
AU,1958,F,Heather,156
AU,1958,F,Helen,510
AU,1958,F,Jacqueline,113
AU,1958,F,Jan,112
AU,1958,F,Jane,277
AU,1958,F,Janelle,148
AU,1958,F,Janet,169
AU,1958,F,Janette,116
AU,1958,F,Janice,151
AU,1958,F,Jeanette,109
AU,1958,F,Jennifer,1215
AU,1958,F,Joanne,355
AU,1958,F,Joy,80
AU,1958,F,Judith,452
AU,1958,F,Julie,1002
AU,1958,F,Karen,821
AU,1958,F,Katherine,89
AU,1958,F,Kathleen,249
AU,1958,F,Kathryn,219
AU,1958,F,Kay,132
AU,1958,F,Kerrie,261
AU,1958,F,Kerry,562
AU,1958,F,Kim,761
AU,1958,F,Leanne,146
AU,1958,F,Lee,86
AU,1958,F,Leonie,200
AU,1958,F,Lesley,148
AU,1958,F,Linda,420
AU,1958,F,Lorraine,197
AU,1958,F,Louise,254
AU,1958,F,Lynda,84
AU,1958,F,Lynette,518
AU,1958,F,Lynn,104
AU,1958,F,Lynne,113
AU,1958,F,Maree,187
AU,1958,F,Margaret,596
AU,1958,F,Maria,280
AU,1958,F,Marie,94
AU,1958,F,Mary,400
AU,1958,F,Maureen,110
AU,1958,F,Megan,81
AU,1958,F,Michele,233
AU,1958,F,Michelle,332
AU,1958,F,Narelle,233
AU,1958,F,Pamela,219
AU,1958,F,Patricia,377
AU,1958,F,Pauline,94
AU,1958,F,Penelope,89
AU,1958,F,Rhonda,244
AU,1958,F,Robyn,525
AU,1958,F,Rosemary,174
AU,1958,F,Roslyn,162
AU,1958,F,Ruth,117
AU,1958,F,Sally,138
AU,1958,F,Sandra,417
AU,1958,F,Sharon,540
AU,1958,F,Shirley,107
AU,1958,F,Sue,83
AU,1958,F,Susan,1131
AU,1958,F,Suzanne,358
AU,1958,F,Therese,92
AU,1958,F,Toni,79
AU,1958,F,Tracey,182
AU,1958,F,Vicki,558
AU,1958,F,Victoria,93
AU,1958,F,Virginia,87
AU,1958,F,Wendy,578
AU,1958,F,Yvonne,85
AU,1958,M,Adrian,73
AU,1958,M,Alan,318
AU,1958,M,Alexander,66
AU,1958,M,Allan,281
AU,1958,M,Allen,65
AU,1958,M,Andrew,354
AU,1958,M,Anthony,836
AU,1958,M,Arthur,65
AU,1958,M,Barry,275
AU,1958,M,Bernard,98
AU,1958,M,Bradley,158
AU,1958,M,Brett,162
AU,1958,M,Brian,470
AU,1958,M,Bruce,412
AU,1958,M,Charles,96
AU,1958,M,Christopher,742
AU,1958,M,Colin,414
AU,1958,M,Craig,246
AU,1958,M,Daniel,108
AU,1958,M,Darryl,114
AU,1958,M,Daryl,79
AU,1958,M,David,1698
AU,1958,M,Dean,61
AU,1958,M,Dennis,123
AU,1958,M,Donald,162
AU,1958,M,Douglas,150
AU,1958,M,Edward,125
AU,1958,M,Eric,93
AU,1958,M,Francis,64
AU,1958,M,Frank,84
AU,1958,M,Frederick,65
AU,1958,M,Garry,426
AU,1958,M,Gary,561
AU,1958,M,Geoffrey,552
AU,1958,M,George,164
AU,1958,M,Gerard,60
AU,1958,M,Glen,153
AU,1958,M,Glenn,323
AU,1958,M,Gordon,115
AU,1958,M,Graeme,284
AU,1958,M,Graham,418
AU,1958,M,Grahame,64
AU,1958,M,Grant,156
AU,1958,M,Gregory,1358
AU,1958,M,Ian,754
AU,1958,M,James,427
AU,1958,M,Jeffery,75
AU,1958,M,Jeffrey,304
AU,1958,M,John,1701
AU,1958,M,Joseph,145
AU,1958,M,Keith,152
AU,1958,M,Kenneth,365
AU,1958,M,Kevin,472
AU,1958,M,Kim,80
AU,1958,M,Larry,85
AU,1958,M,Leonard,67
AU,1958,M,Leslie,169
AU,1958,M,Lindsay,62
AU,1958,M,Malcolm,181
AU,1958,M,Mark,1513
AU,1958,M,Martin,176
AU,1958,M,Matthew,101
AU,1958,M,Maxwell,67
AU,1958,M,Michael,1622
AU,1958,M,Murray,65
AU,1958,M,Neil,291
AU,1958,M,Neville,112
AU,1958,M,Nicholas,85
AU,1958,M,Noel,98
AU,1958,M,Norman,84
AU,1958,M,Patrick,152
AU,1958,M,Paul,1050
AU,1958,M,Peter,2572
AU,1958,M,Philip,334
AU,1958,M,Phillip,461
AU,1958,M,Raymond,334
AU,1958,M,Richard,398
AU,1958,M,Robert,1343
AU,1958,M,Rodney,281
AU,1958,M,Roger,110
AU,1958,M,Ronald,290
AU,1958,M,Ross,299
AU,1958,M,Russell,177
AU,1958,M,Scott,137
AU,1958,M,Shane,156
AU,1958,M,Simon,84
AU,1958,M,Stephen,1527
AU,1958,M,Steven,503
AU,1958,M,Stuart,103
AU,1958,M,Terence,100
AU,1958,M,Terrence,105
AU,1958,M,Terry,154
AU,1958,M,Thomas,162
AU,1958,M,Timothy,262
AU,1958,M,Tony,127
AU,1958,M,Trevor,243
AU,1958,M,Warren,256
AU,1958,M,Warwick,79
AU,1958,M,Wayne,852
AU,1958,M,William,431
AU,1959,F,Alison,131
AU,1959,F,Amanda,194
AU,1959,F,Angela,115
AU,1959,F,Ann,224
AU,1959,F,Anna,115
AU,1959,F,Anne,432
AU,1959,F,Annette,309
AU,1959,F,Barbara,204
AU,1959,F,Belinda,97
AU,1959,F,Bernadette,78
AU,1959,F,Beverley,103
AU,1959,F,Bronwyn,96
AU,1959,F,Carol,233
AU,1959,F,Carolyn,200
AU,1959,F,Catherine,581
AU,1959,F,Cheryl,510
AU,1959,F,Christine,618
AU,1959,F,Colleen,130
AU,1959,F,Debbie,323
AU,1959,F,Deborah,970
AU,1959,F,Debra,659
AU,1959,F,Denise,214
AU,1959,F,Diana,81
AU,1959,F,Diane,256
AU,1959,F,Dianne,264
AU,1959,F,Donna,455
AU,1959,F,Elizabeth,533
AU,1959,F,Fiona,159
AU,1959,F,Frances,127
AU,1959,F,Gail,179
AU,1959,F,Glenda,112
AU,1959,F,Heather,184
AU,1959,F,Helen,515
AU,1959,F,Jacqueline,99
AU,1959,F,Jan,107
AU,1959,F,Jane,260
AU,1959,F,Janelle,162
AU,1959,F,Janet,162
AU,1959,F,Janette,106
AU,1959,F,Janice,135
AU,1959,F,Janine,79
AU,1959,F,Jeanette,101
AU,1959,F,Jennifer,1192
AU,1959,F,Jill,77
AU,1959,F,Joanne,462
AU,1959,F,Judith,403
AU,1959,F,Julie,982
AU,1959,F,Karen,886
AU,1959,F,Katherine,99
AU,1959,F,Kathleen,253
AU,1959,F,Kathryn,242
AU,1959,F,Kay,84
AU,1959,F,Kerrie,330
AU,1959,F,Kerry,434
AU,1959,F,Kim,757
AU,1959,F,Leanne,247
AU,1959,F,Lee,81
AU,1959,F,Leonie,199
AU,1959,F,Lesley,141
AU,1959,F,Linda,426
AU,1959,F,Lisa,134
AU,1959,F,Lorraine,160
AU,1959,F,Louise,280
AU,1959,F,Lynda,92
AU,1959,F,Lynette,462
AU,1959,F,Lynne,134
AU,1959,F,Maree,156
AU,1959,F,Margaret,581
AU,1959,F,Maria,337
AU,1959,F,Marie,94
AU,1959,F,Mary,389
AU,1959,F,Maureen,131
AU,1959,F,Megan,88
AU,1959,F,Michele,179
AU,1959,F,Michelle,439
AU,1959,F,Narelle,240
AU,1959,F,Pamela,203
AU,1959,F,Patricia,383
AU,1959,F,Pauline,104
AU,1959,F,Rhonda,259
AU,1959,F,Robyn,542
AU,1959,F,Rosemary,150
AU,1959,F,Roslyn,146
AU,1959,F,Ruth,105
AU,1959,F,Sally,128
AU,1959,F,Sandra,386
AU,1959,F,Sharon,610
AU,1959,F,Shirley,110
AU,1959,F,Susan,1089
AU,1959,F,Susanne,108
AU,1959,F,Suzanne,321
AU,1959,F,Tanya,95
AU,1959,F,Therese,105
AU,1959,F,Toni,94
AU,1959,F,Tracey,206
AU,1959,F,Vicki,577
AU,1959,F,Victoria,80
AU,1959,F,Virginia,80
AU,1959,F,Wendy,534
AU,1959,F,Yvonne,114
AU,1959,M,Adrian,66
AU,1959,M,Alan,311
AU,1959,M,Alexander,76
AU,1959,M,Allan,215
AU,1959,M,Andrew,346
AU,1959,M,Anthony,843
AU,1959,M,Arthur,60
AU,1959,M,Barry,258
AU,1959,M,Bernard,80
AU,1959,M,Bradley,298
AU,1959,M,Brett,339
AU,1959,M,Brian,437
AU,1959,M,Bruce,365
AU,1959,M,Charles,108
AU,1959,M,Christopher,689
AU,1959,M,Colin,402
AU,1959,M,Craig,422
AU,1959,M,Dale,96
AU,1959,M,Daniel,120
AU,1959,M,Darryl,95
AU,1959,M,Daryl,72
AU,1959,M,David,1800
AU,1959,M,Dean,108
AU,1959,M,Dennis,109
AU,1959,M,Donald,154
AU,1959,M,Douglas,130
AU,1959,M,Edward,144
AU,1959,M,Eric,87
AU,1959,M,Francis,82
AU,1959,M,Frank,101
AU,1959,M,Frederick,63
AU,1959,M,Garry,439
AU,1959,M,Gary,487
AU,1959,M,Geoffrey,479
AU,1959,M,George,196
AU,1959,M,Gerard,72
AU,1959,M,Glen,186
AU,1959,M,Glenn,347
AU,1959,M,Gordon,118
AU,1959,M,Graeme,248
AU,1959,M,Graham,393
AU,1959,M,Grahame,73
AU,1959,M,Grant,153
AU,1959,M,Gregory,1295
AU,1959,M,Guy,59
AU,1959,M,Ian,739
AU,1959,M,James,445
AU,1959,M,Jeffery,71
AU,1959,M,Jeffrey,325
AU,1959,M,John,1633
AU,1959,M,Joseph,156
AU,1959,M,Keith,154
AU,1959,M,Kenneth,324
AU,1959,M,Kevin,435
AU,1959,M,Lee,68
AU,1959,M,Leslie,160
AU,1959,M,Malcolm,160
AU,1959,M,Mark,1754
AU,1959,M,Martin,177
AU,1959,M,Matthew,122
AU,1959,M,Maxwell,61
AU,1959,M,Michael,1709
AU,1959,M,Murray,88
AU,1959,M,Neil,288
AU,1959,M,Neville,85
AU,1959,M,Nicholas,94
AU,1959,M,Noel,136
AU,1959,M,Norman,79
AU,1959,M,Patrick,145
AU,1959,M,Paul,1067
AU,1959,M,Perry,64
AU,1959,M,Peter,2312
AU,1959,M,Philip,331
AU,1959,M,Phillip,430
AU,1959,M,Raymond,340
AU,1959,M,Richard,476
AU,1959,M,Ricky,71
AU,1959,M,Robert,1223
AU,1959,M,Rodney,352
AU,1959,M,Roger,100
AU,1959,M,Ronald,293
AU,1959,M,Ross,268
AU,1959,M,Russell,165
AU,1959,M,Scott,156
AU,1959,M,Shane,203
AU,1959,M,Simon,91
AU,1959,M,Stephen,1429
AU,1959,M,Steven,592
AU,1959,M,Stuart,159
AU,1959,M,Terence,86
AU,1959,M,Terrence,118
AU,1959,M,Terry,187
AU,1959,M,Thomas,168
AU,1959,M,Timothy,249
AU,1959,M,Tony,152
AU,1959,M,Trevor,240
AU,1959,M,Warren,226
AU,1959,M,Warwick,63
AU,1959,M,Wayne,798
AU,1959,M,William,437
AU,1960,F,Alison,152
AU,1960,F,Amanda,196
AU,1960,F,Angela,138
AU,1960,F,Ann,200
AU,1960,F,Anna,121
AU,1960,F,Anne,421
AU,1960,F,Annette,314
AU,1960,F,Barbara,179
AU,1960,F,Belinda,124
AU,1960,F,Bernadette,85
AU,1960,F,Beverley,100
AU,1960,F,Bronwyn,145
AU,1960,F,Carmel,83
AU,1960,F,Carol,259
AU,1960,F,Carolyn,219
AU,1960,F,Catherine,529
AU,1960,F,Cathy,86
AU,1960,F,Cheryl,445
AU,1960,F,Christine,585
AU,1960,F,Colleen,130
AU,1960,F,Debbie,354
AU,1960,F,Deborah,835
AU,1960,F,Debra,635
AU,1960,F,Denise,208
AU,1960,F,Diana,90
AU,1960,F,Diane,252
AU,1960,F,Dianne,237
AU,1960,F,Donna,528
AU,1960,F,Elizabeth,502
AU,1960,F,Fiona,178
AU,1960,F,Frances,113
AU,1960,F,Gail,210
AU,1960,F,Glenda,92
AU,1960,F,Heather,150
AU,1960,F,Helen,523
AU,1960,F,Jacqueline,118
AU,1960,F,Jan,96
AU,1960,F,Jane,249
AU,1960,F,Janelle,198
AU,1960,F,Janet,190
AU,1960,F,Janette,98
AU,1960,F,Janice,107
AU,1960,F,Janine,96
AU,1960,F,Jeanette,106
AU,1960,F,Jennifer,1159
AU,1960,F,Jo-Anne,94
AU,1960,F,Joanne,481
AU,1960,F,Judith,360
AU,1960,F,Julie,972
AU,1960,F,Karen,857
AU,1960,F,Katherine,111
AU,1960,F,Kathleen,277
AU,1960,F,Kathryn,286
AU,1960,F,Kay,97
AU,1960,F,Kerrie,376
AU,1960,F,Kerry,396
AU,1960,F,Kim,695
AU,1960,F,Leanne,341
AU,1960,F,Leonie,163
AU,1960,F,Lesley,135
AU,1960,F,Linda,401
AU,1960,F,Lisa,177
AU,1960,F,Lorraine,131
AU,1960,F,Louise,329
AU,1960,F,Lynette,407
AU,1960,F,Lynne,137
AU,1960,F,Maree,182
AU,1960,F,Margaret,527
AU,1960,F,Maria,318
AU,1960,F,Mary,394
AU,1960,F,Maureen,121
AU,1960,F,Megan,94
AU,1960,F,Michele,184
AU,1960,F,Michelle,493
AU,1960,F,Narelle,210
AU,1960,F,Pamela,201
AU,1960,F,Patricia,400
AU,1960,F,Pauline,108
AU,1960,F,Penelope,76
AU,1960,F,Rhonda,221
AU,1960,F,Robyn,577
AU,1960,F,Rosemary,124
AU,1960,F,Roslyn,130
AU,1960,F,Ruth,119
AU,1960,F,Sally,130
AU,1960,F,Sandra,515
AU,1960,F,Sharon,626
AU,1960,F,Shirley,85
AU,1960,F,Susan,1026
AU,1960,F,Susanne,87
AU,1960,F,Suzanne,383
AU,1960,F,Tanya,112
AU,1960,F,Therese,96
AU,1960,F,Toni,105
AU,1960,F,Tracey,362
AU,1960,F,Tracy,153
AU,1960,F,Vicki,505
AU,1960,F,Victoria,87
AU,1960,F,Wendy,502
AU,1960,F,Yvonne,103
AU,1960,M,Adrian,71
AU,1960,M,Alan,292
AU,1960,M,Alexander,91
AU,1960,M,Allan,296
AU,1960,M,Allen,68
AU,1960,M,Andrew,521
AU,1960,M,Anthony,948
AU,1960,M,Antony,60
AU,1960,M,Arthur,60
AU,1960,M,Barry,241
AU,1960,M,Bernard,80
AU,1960,M,Bradley,370
AU,1960,M,Brett,456
AU,1960,M,Brian,428
AU,1960,M,Bruce,324
AU,1960,M,Charles,98
AU,1960,M,Christopher,732
AU,1960,M,Colin,385
AU,1960,M,Craig,545
AU,1960,M,Dale,77
AU,1960,M,Daniel,118
AU,1960,M,Danny,63
AU,1960,M,Darren,85
AU,1960,M,Darryl,126
AU,1960,M,Daryl,72
AU,1960,M,David,1884
AU,1960,M,Dean,85
AU,1960,M,Dennis,117
AU,1960,M,Donald,153
AU,1960,M,Douglas,149
AU,1960,M,Edward,124
AU,1960,M,Eric,94
AU,1960,M,Francis,72
AU,1960,M,Frank,93
AU,1960,M,Garry,436
AU,1960,M,Gary,419
AU,1960,M,Geoffrey,422
AU,1960,M,George,190
AU,1960,M,Gerard,82
AU,1960,M,Glen,156
AU,1960,M,Glenn,355
AU,1960,M,Gordon,97
AU,1960,M,Graeme,314
AU,1960,M,Graham,349
AU,1960,M,Grahame,68
AU,1960,M,Grant,199
AU,1960,M,Gregory,1173
AU,1960,M,Guy,60
AU,1960,M,Ian,760
AU,1960,M,James,512
AU,1960,M,Jeffrey,288
AU,1960,M,John,1628
AU,1960,M,Joseph,133
AU,1960,M,Keith,156
AU,1960,M,Kenneth,315
AU,1960,M,Kevin,428
AU,1960,M,Leslie,147
AU,1960,M,Lindsay,73
AU,1960,M,Malcolm,179
AU,1960,M,Mark,1940
AU,1960,M,Martin,180
AU,1960,M,Matthew,148
AU,1960,M,Michael,1721
AU,1960,M,Murray,98
AU,1960,M,Neil,279
AU,1960,M,Neville,86
AU,1960,M,Nicholas,130
AU,1960,M,Noel,106
AU,1960,M,Norman,62
AU,1960,M,Patrick,131
AU,1960,M,Paul,1111
AU,1960,M,Peter,2236
AU,1960,M,Philip,288
AU,1960,M,Phillip,433
AU,1960,M,Raymond,310
AU,1960,M,Richard,523
AU,1960,M,Ricky,117
AU,1960,M,Robert,1246
AU,1960,M,Rodney,382
AU,1960,M,Roger,92
AU,1960,M,Ronald,282
AU,1960,M,Ross,235
AU,1960,M,Russell,170
AU,1960,M,Scott,199
AU,1960,M,Shane,255
AU,1960,M,Simon,114
AU,1960,M,Stephen,1523
AU,1960,M,Steven,725
AU,1960,M,Stewart,63
AU,1960,M,Stuart,180
AU,1960,M,Terence,72
AU,1960,M,Terrence,106
AU,1960,M,Terry,136
AU,1960,M,Thomas,181
AU,1960,M,Timothy,280
AU,1960,M,Tony,159
AU,1960,M,Trevor,243
AU,1960,M,Warren,257
AU,1960,M,Wayne,738
AU,1960,M,William,426
AU,1961,F,Alison,198
AU,1961,F,Amanda,236
AU,1961,F,Angela,164
AU,1961,F,Ann,195
AU,1961,F,Anna,158
AU,1961,F,Anne,447
AU,1961,F,Annette,278
AU,1961,F,Barbara,168
AU,1961,F,Belinda,169
AU,1961,F,Bernadette,86
AU,1961,F,Brenda,92
AU,1961,F,Bronwyn,138
AU,1961,F,Carol,291
AU,1961,F,Caroline,103
AU,1961,F,Carolyn,258
AU,1961,F,Catherine,626
AU,1961,F,Cheryl,364
AU,1961,F,Christine,602
AU,1961,F,Colleen,150
AU,1961,F,Debbie,350
AU,1961,F,Deborah,874
AU,1961,F,Debra,512
AU,1961,F,Denise,217
AU,1961,F,Diana,97
AU,1961,F,Diane,274
AU,1961,F,Dianne,274
AU,1961,F,Donna,672
AU,1961,F,Elizabeth,552
AU,1961,F,Fiona,247
AU,1961,F,Frances,130
AU,1961,F,Gail,190
AU,1961,F,Glenda,83
AU,1961,F,Heather,142
AU,1961,F,Helen,481
AU,1961,F,Jacqueline,266
AU,1961,F,Jan,83
AU,1961,F,Jane,351
AU,1961,F,Janelle,177
AU,1961,F,Janet,164
AU,1961,F,Janette,100
AU,1961,F,Janice,111
AU,1961,F,Janine,108
AU,1961,F,Jeanette,89
AU,1961,F,Jennifer,1092
AU,1961,F,Jo-Anne,101
AU,1961,F,Joanne,612
AU,1961,F,Judith,304
AU,1961,F,Julie,888
AU,1961,F,Karen,997
AU,1961,F,Katherine,161
AU,1961,F,Kathleen,239
AU,1961,F,Kathryn,301
AU,1961,F,Kay,93
AU,1961,F,Kerrie,340
AU,1961,F,Kerry,375
AU,1961,F,Kim,651
AU,1961,F,Leanne,483
AU,1961,F,Lee,94
AU,1961,F,Leonie,172
AU,1961,F,Lesley,121
AU,1961,F,Linda,468
AU,1961,F,Lisa,289
AU,1961,F,Lorraine,133
AU,1961,F,Louise,375
AU,1961,F,Lynette,390
AU,1961,F,Lynne,124
AU,1961,F,Maree,181
AU,1961,F,Margaret,518
AU,1961,F,Maria,371
AU,1961,F,Marie,86
AU,1961,F,Mary,383
AU,1961,F,Maureen,88
AU,1961,F,Megan,90
AU,1961,F,Michele,187
AU,1961,F,Michelle,627
AU,1961,F,Narelle,259
AU,1961,F,Pamela,141
AU,1961,F,Patricia,353
AU,1961,F,Pauline,110
AU,1961,F,Rhonda,208
AU,1961,F,Robyn,582
AU,1961,F,Rosemary,146
AU,1961,F,Roslyn,145
AU,1961,F,Ruth,120
AU,1961,F,Sally,152
AU,1961,F,Sandra,602
AU,1961,F,Sharon,668
AU,1961,F,Shirley,82
AU,1961,F,Susan,996
AU,1961,F,Susanne,89
AU,1961,F,Suzanne,352
AU,1961,F,Tanya,156
AU,1961,F,Therese,116
AU,1961,F,Toni,98
AU,1961,F,Tracey,433
AU,1961,F,Tracy,197
AU,1961,F,Vicki,511
AU,1961,F,Victoria,104
AU,1961,F,Wendy,532
AU,1961,F,Yvonne,84
AU,1961,M,Adam,80
AU,1961,M,Adrian,69
AU,1961,M,Alan,270
AU,1961,M,Alexander,78
AU,1961,M,Allan,202
AU,1961,M,Andrew,682
AU,1961,M,Anthony,1107
AU,1961,M,Barry,242
AU,1961,M,Bernard,97
AU,1961,M,Bradley,201
AU,1961,M,Brett,512
AU,1961,M,Brian,412
AU,1961,M,Bruce,350
AU,1961,M,Charles,93
AU,1961,M,Christopher,709
AU,1961,M,Colin,346
AU,1961,M,Craig,693
AU,1961,M,Dale,74
AU,1961,M,Daniel,126
AU,1961,M,Darren,212
AU,1961,M,Darryl,120
AU,1961,M,Daryl,87
AU,1961,M,David,2138
AU,1961,M,Dean,114
AU,1961,M,Dennis,108
AU,1961,M,Donald,165
AU,1961,M,Douglas,112
AU,1961,M,Edward,107
AU,1961,M,Eric,91
AU,1961,M,Francis,69
AU,1961,M,Frank,74
AU,1961,M,Garry,372
AU,1961,M,Gary,498
AU,1961,M,Geoffrey,440
AU,1961,M,George,187
AU,1961,M,Gerard,79
AU,1961,M,Giuseppe,67
AU,1961,M,Glen,267
AU,1961,M,Glenn,561
AU,1961,M,Gordon,106
AU,1961,M,Graeme,283
AU,1961,M,Graham,346
AU,1961,M,Grant,219
AU,1961,M,Gregory,1201
AU,1961,M,Guy,62
AU,1961,M,Ian,699
AU,1961,M,James,468
AU,1961,M,Jeffery,77
AU,1961,M,Jeffrey,332
AU,1961,M,John,1659
AU,1961,M,Joseph,147
AU,1961,M,Keith,150
AU,1961,M,Kelvin,66
AU,1961,M,Kenneth,324
AU,1961,M,Kevin,458
AU,1961,M,Lance,64
AU,1961,M,Leonard,63
AU,1961,M,Leslie,143
AU,1961,M,Malcolm,157
AU,1961,M,Mark,2021
AU,1961,M,Martin,195
AU,1961,M,Matthew,221
AU,1961,M,Michael,1918
AU,1961,M,Murray,90
AU,1961,M,Neil,292
AU,1961,M,Neville,68
AU,1961,M,Nicholas,100
AU,1961,M,Noel,81
AU,1961,M,Norman,73
AU,1961,M,Patrick,161
AU,1961,M,Paul,1143
AU,1961,M,Peter,2135
AU,1961,M,Philip,280
AU,1961,M,Phillip,380
AU,1961,M,Raymond,309
AU,1961,M,Richard,497
AU,1961,M,Ricky,118
AU,1961,M,Robert,1258
AU,1961,M,Rodney,356
AU,1961,M,Roger,97
AU,1961,M,Ronald,265
AU,1961,M,Ross,270
AU,1961,M,Russell,175
AU,1961,M,Scott,316
AU,1961,M,Shane,232
AU,1961,M,Simon,111
AU,1961,M,Stephen,1471
AU,1961,M,Steven,700
AU,1961,M,Stuart,184
AU,1961,M,Terence,80
AU,1961,M,Terrence,109
AU,1961,M,Terry,137
AU,1961,M,Thomas,158
AU,1961,M,Timothy,327
AU,1961,M,Tony,169
AU,1961,M,Trevor,242
AU,1961,M,Warren,261
AU,1961,M,Warwick,68
AU,1961,M,Wayne,689
AU,1961,M,William,392
AU,1962,F,Alison,214
AU,1962,F,Amanda,254
AU,1962,F,Angela,161
AU,1962,F,Ann,182
AU,1962,F,Anna,138
AU,1962,F,Anne,363
AU,1962,F,Annette,290
AU,1962,F,Barbara,176
AU,1962,F,Belinda,197
AU,1962,F,Brenda,112
AU,1962,F,Bronwyn,145
AU,1962,F,Carol,217
AU,1962,F,Caroline,94
AU,1962,F,Carolyn,304
AU,1962,F,Catherine,664
AU,1962,F,Cathy,89
AU,1962,F,Cheryl,318
AU,1962,F,Christina,87
AU,1962,F,Christine,516
AU,1962,F,Colleen,114
AU,1962,F,Debbie,308
AU,1962,F,Deborah,684
AU,1962,F,Debra,397
AU,1962,F,Denise,206
AU,1962,F,Diana,102
AU,1962,F,Diane,258
AU,1962,F,Dianne,239
AU,1962,F,Donna,677
AU,1962,F,Elizabeth,527
AU,1962,F,Fiona,222
AU,1962,F,Frances,108
AU,1962,F,Gail,157
AU,1962,F,Heather,143
AU,1962,F,Helen,464
AU,1962,F,Jacqueline,221
AU,1962,F,Jane,290
AU,1962,F,Janelle,174
AU,1962,F,Janet,154
AU,1962,F,Janette,81
AU,1962,F,Janine,120
AU,1962,F,Jeanette,93
AU,1962,F,Jennifer,1079
AU,1962,F,Joanne,600
AU,1962,F,Judith,287
AU,1962,F,Julie,816
AU,1962,F,Karen,1041
AU,1962,F,Katherine,137
AU,1962,F,Kathleen,260
AU,1962,F,Kathryn,301
AU,1962,F,Katrina,100
AU,1962,F,Kay,92
AU,1962,F,Kerrie,281
AU,1962,F,Kerry,319
AU,1962,F,Kim,597
AU,1962,F,Leanne,585
AU,1962,F,Lee,104
AU,1962,F,Leonie,163
AU,1962,F,Lesley,121
AU,1962,F,Linda,513
AU,1962,F,Lisa,370
AU,1962,F,Lorraine,104
AU,1962,F,Louise,361
AU,1962,F,Lynda,96
AU,1962,F,Lynette,352
AU,1962,F,Lynne,103
AU,1962,F,Maree,164
AU,1962,F,Margaret,457
AU,1962,F,Maria,355
AU,1962,F,Mary,302
AU,1962,F,Maureen,94
AU,1962,F,Megan,105
AU,1962,F,Melinda,87
AU,1962,F,Melissa,111
AU,1962,F,Michele,186
AU,1962,F,Michelle,668
AU,1962,F,Narelle,249
AU,1962,F,Pamela,156
AU,1962,F,Patricia,323
AU,1962,F,Pauline,83
AU,1962,F,Rhonda,214
AU,1962,F,Robyn,488
AU,1962,F,Rosemary,126
AU,1962,F,Roslyn,141
AU,1962,F,Ruth,122
AU,1962,F,Sally,117
AU,1962,F,Sandra,557
AU,1962,F,Sharon,880
AU,1962,F,Sharyn,81
AU,1962,F,Susan,1009
AU,1962,F,Susanne,96
AU,1962,F,Suzanne,392
AU,1962,F,Tania,90
AU,1962,F,Tanya,158
AU,1962,F,Therese,117
AU,1962,F,Toni,93
AU,1962,F,Tracey,471
AU,1962,F,Tracy,221
AU,1962,F,Vicki,424
AU,1962,F,Wendy,472
AU,1962,F,Yvonne,89
AU,1962,M,Adam,130
AU,1962,M,Adrian,84
AU,1962,M,Alan,252
AU,1962,M,Alexander,64
AU,1962,M,Allan,200
AU,1962,M,Andrew,859
AU,1962,M,Anthony,1038
AU,1962,M,Antonio,63
AU,1962,M,Barry,236
AU,1962,M,Bernard,101
AU,1962,M,Bradley,225
AU,1962,M,Brett,526
AU,1962,M,Brian,354
AU,1962,M,Bruce,303
AU,1962,M,Bryan,69
AU,1962,M,Charles,78
AU,1962,M,Christopher,681
AU,1962,M,Colin,296
AU,1962,M,Craig,812
AU,1962,M,Dale,75
AU,1962,M,Daniel,139
AU,1962,M,Danny,76
AU,1962,M,Darren,249
AU,1962,M,Darryl,97
AU,1962,M,Daryl,91
AU,1962,M,David,2660
AU,1962,M,Dean,126
AU,1962,M,Dennis,95
AU,1962,M,Donald,120
AU,1962,M,Douglas,123
AU,1962,M,Edward,121
AU,1962,M,Eric,81
AU,1962,M,Frank,82
AU,1962,M,Garry,275
AU,1962,M,Gary,434
AU,1962,M,Gavin,81
AU,1962,M,Geoffrey,458
AU,1962,M,George,170
AU,1962,M,Gerard,66
AU,1962,M,Giuseppe,72
AU,1962,M,Glen,301
AU,1962,M,Glenn,624
AU,1962,M,Gordon,71
AU,1962,M,Graeme,230
AU,1962,M,Graham,342
AU,1962,M,Grant,223
AU,1962,M,Gregory,1065
AU,1962,M,Ian,624
AU,1962,M,James,463
AU,1962,M,Jeffery,61
AU,1962,M,Jeffrey,314
AU,1962,M,John,1649
AU,1962,M,Joseph,166
AU,1962,M,Keith,104
AU,1962,M,Kelvin,59
AU,1962,M,Kenneth,293
AU,1962,M,Kevin,410
AU,1962,M,Leslie,125
AU,1962,M,Malcolm,167
AU,1962,M,Mark,1905
AU,1962,M,Martin,194
AU,1962,M,Matthew,243
AU,1962,M,Michael,1886
AU,1962,M,Murray,91
AU,1962,M,Neil,288
AU,1962,M,Neville,66
AU,1962,M,Nicholas,101
AU,1962,M,Noel,99
AU,1962,M,Norman,62
AU,1962,M,Patrick,167
AU,1962,M,Paul,1292
AU,1962,M,Peter,1960
AU,1962,M,Philip,270
AU,1962,M,Phillip,419
AU,1962,M,Raymond,274
AU,1962,M,Richard,486
AU,1962,M,Ricky,94
AU,1962,M,Robert,1181
AU,1962,M,Rodney,403
AU,1962,M,Roger,104
AU,1962,M,Ronald,247
AU,1962,M,Ross,237
AU,1962,M,Russell,149
AU,1962,M,Scott,429
AU,1962,M,Shane,250
AU,1962,M,Simon,122
AU,1962,M,Stephen,1425
AU,1962,M,Steven,690
AU,1962,M,Stuart,210
AU,1962,M,Terence,80
AU,1962,M,Terrence,73
AU,1962,M,Terry,137
AU,1962,M,Thomas,152
AU,1962,M,Timothy,309
AU,1962,M,Tony,145
AU,1962,M,Trevor,248
AU,1962,M,Vincent,61
AU,1962,M,Warren,280
AU,1962,M,Wayne,651
AU,1962,M,William,372
AU,1963,F,Alison,195
AU,1963,F,Amanda,230
AU,1963,F,Angela,194
AU,1963,F,Ann,208
AU,1963,F,Anna,140
AU,1963,F,Anne,365
AU,1963,F,Annette,304
AU,1963,F,Barbara,145
AU,1963,F,Belinda,208
AU,1963,F,Brenda,96
AU,1963,F,Bronwyn,141
AU,1963,F,Carol,172
AU,1963,F,Caroline,94
AU,1963,F,Carolyn,252
AU,1963,F,Catherine,653
AU,1963,F,Cheryl,319
AU,1963,F,Christina,78
AU,1963,F,Christine,495
AU,1963,F,Colleen,131
AU,1963,F,Debbie,253
AU,1963,F,Deborah,623
AU,1963,F,Debra,287
AU,1963,F,Denise,185
AU,1963,F,Diana,103
AU,1963,F,Diane,230
AU,1963,F,Dianne,209
AU,1963,F,Donna,711
AU,1963,F,Elizabeth,559
AU,1963,F,Fiona,267
AU,1963,F,Frances,114
AU,1963,F,Gail,122
AU,1963,F,Heather,129
AU,1963,F,Helen,409
AU,1963,F,Jacqueline,253
AU,1963,F,Jane,271
AU,1963,F,Janelle,183
AU,1963,F,Janet,149
AU,1963,F,Janice,82
AU,1963,F,Janine,115
AU,1963,F,Jeanette,90
AU,1963,F,Jennifer,956
AU,1963,F,Jo-Anne,86
AU,1963,F,Joanne,599
AU,1963,F,Judith,258
AU,1963,F,Julie,740
AU,1963,F,Karen,1064
AU,1963,F,Katherine,135
AU,1963,F,Kathleen,265
AU,1963,F,Kathryn,298
AU,1963,F,Katrina,90
AU,1963,F,Kay,84
AU,1963,F,Kerrie,218
AU,1963,F,Kerry,307
AU,1963,F,Kim,539
AU,1963,F,Leanne,706
AU,1963,F,Lee,85
AU,1963,F,Leonie,159
AU,1963,F,Lesley,91
AU,1963,F,Linda,581
AU,1963,F,Lisa,555
AU,1963,F,Lorraine,109
AU,1963,F,Louise,318
AU,1963,F,Lynda,82
AU,1963,F,Lynette,280
AU,1963,F,Lynne,91
AU,1963,F,Maree,177
AU,1963,F,Margaret,376
AU,1963,F,Maria,412
AU,1963,F,Mary,295
AU,1963,F,Megan,82
AU,1963,F,Melissa,148
AU,1963,F,Michele,166
AU,1963,F,Michelle,641
AU,1963,F,Narelle,191
AU,1963,F,Pamela,90
AU,1963,F,Patricia,323
AU,1963,F,Paula,97
AU,1963,F,Pauline,98
AU,1963,F,Rhonda,172
AU,1963,F,Robyn,445
AU,1963,F,Rosemary,140
AU,1963,F,Roslyn,133
AU,1963,F,Ruth,113
AU,1963,F,Sally,131
AU,1963,F,Sandra,535
AU,1963,F,Sharon,889
AU,1963,F,Susan,1032
AU,1963,F,Suzanne,352
AU,1963,F,Tania,129
AU,1963,F,Tanya,100
AU,1963,F,Teresa,86
AU,1963,F,Therese,109
AU,1963,F,Toni,83
AU,1963,F,Tracey,528
AU,1963,F,Tracy,259
AU,1963,F,Vanessa,77
AU,1963,F,Vicki,410
AU,1963,F,Virginia,79
AU,1963,F,Wendy,428
AU,1963,F,Yvonne,75
AU,1963,M,Adam,161
AU,1963,M,Adrian,87
AU,1963,M,Alan,242
AU,1963,M,Alexander,70
AU,1963,M,Allan,193
AU,1963,M,Andrew,903
AU,1963,M,Anthony,959
AU,1963,M,Antonio,61
AU,1963,M,Barry,199
AU,1963,M,Bernard,79
AU,1963,M,Bradley,270
AU,1963,M,Brett,610
AU,1963,M,Brian,400
AU,1963,M,Bruce,281
AU,1963,M,Bryan,66
AU,1963,M,Charles,90
AU,1963,M,Christopher,627
AU,1963,M,Colin,295
AU,1963,M,Craig,806
AU,1963,M,Daniel,147
AU,1963,M,Danny,66
AU,1963,M,Darren,347
AU,1963,M,Darryl,124
AU,1963,M,Daryl,86
AU,1963,M,David,2476
AU,1963,M,Dean,125
AU,1963,M,Dennis,88
AU,1963,M,Donald,121
AU,1963,M,Douglas,120
AU,1963,M,Edward,120
AU,1963,M,Eric,71
AU,1963,M,Frank,68
AU,1963,M,Garry,252
AU,1963,M,Gary,387
AU,1963,M,Gavin,91
AU,1963,M,Geoffrey,430
AU,1963,M,George,198
AU,1963,M,Gerard,72
AU,1963,M,Giuseppe,69
AU,1963,M,Glen,293
AU,1963,M,Glenn,591
AU,1963,M,Gordon,76
AU,1963,M,Graeme,207
AU,1963,M,Graham,226
AU,1963,M,Grant,269
AU,1963,M,Gregory,998
AU,1963,M,Ian,577
AU,1963,M,James,495
AU,1963,M,Jeffery,64
AU,1963,M,Jeffrey,285
AU,1963,M,John,1483
AU,1963,M,Jonathan,67
AU,1963,M,Joseph,167
AU,1963,M,Keith,86
AU,1963,M,Kelvin,59
AU,1963,M,Kenneth,252
AU,1963,M,Kevin,350
AU,1963,M,Leslie,112
AU,1963,M,Malcolm,138
AU,1963,M,Mark,1808
AU,1963,M,Martin,196
AU,1963,M,Matthew,264
AU,1963,M,Michael,1859
AU,1963,M,Murray,115
AU,1963,M,Neil,276
AU,1963,M,Neville,67
AU,1963,M,Nicholas,109
AU,1963,M,Noel,63
AU,1963,M,Patrick,185
AU,1963,M,Paul,1287
AU,1963,M,Peter,1888
AU,1963,M,Philip,284
AU,1963,M,Phillip,387
AU,1963,M,Raymond,235
AU,1963,M,Richard,537
AU,1963,M,Ricky,98
AU,1963,M,Robert,1173
AU,1963,M,Rodney,382
AU,1963,M,Roger,81
AU,1963,M,Ronald,191
AU,1963,M,Ross,199
AU,1963,M,Russell,138
AU,1963,M,Scott,503
AU,1963,M,Sean,81
AU,1963,M,Shane,287
AU,1963,M,Simon,127
AU,1963,M,Stephen,1233
AU,1963,M,Steven,685
AU,1963,M,Stuart,230
AU,1963,M,Terence,58
AU,1963,M,Terrence,69
AU,1963,M,Terry,111
AU,1963,M,Thomas,163
AU,1963,M,Timothy,316
AU,1963,M,Tony,148
AU,1963,M,Trevor,207
AU,1963,M,Warren,280
AU,1963,M,Warwick,67
AU,1963,M,Wayne,607
AU,1963,M,William,360
AU,1964,F,Alison,148
AU,1964,F,Amanda,257
AU,1964,F,Angela,191
AU,1964,F,Ann,170
AU,1964,F,Anna,131
AU,1964,F,Anne,330
AU,1964,F,Annette,263
AU,1964,F,Barbara,114
AU,1964,F,Belinda,163
AU,1964,F,Bronwyn,175
AU,1964,F,Carol,177
AU,1964,F,Caroline,95
AU,1964,F,Carolyn,280
AU,1964,F,Catherine,579
AU,1964,F,Cathy,75
AU,1964,F,Cheryl,264
AU,1964,F,Christine,386
AU,1964,F,Cindy,77
AU,1964,F,Colleen,109
AU,1964,F,Debbie,193
AU,1964,F,Deborah,491
AU,1964,F,Debra,267
AU,1964,F,Denise,164
AU,1964,F,Diana,103
AU,1964,F,Diane,227
AU,1964,F,Dianne,251
AU,1964,F,Donna,744
AU,1964,F,Elizabeth,513
AU,1964,F,Fiona,261
AU,1964,F,Frances,108
AU,1964,F,Gail,119
AU,1964,F,Heather,110
AU,1964,F,Helen,433
AU,1964,F,Jacqueline,274
AU,1964,F,Jane,306
AU,1964,F,Janelle,174
AU,1964,F,Janet,112
AU,1964,F,Janine,106
AU,1964,F,Jennifer,873
AU,1964,F,Jenny,76
AU,1964,F,Jo-Anne,101
AU,1964,F,Joanne,584
AU,1964,F,Judith,220
AU,1964,F,Julie,728
AU,1964,F,Karen,1032
AU,1964,F,Katherine,118
AU,1964,F,Kathleen,200
AU,1964,F,Kathryn,277
AU,1964,F,Katrina,98
AU,1964,F,Kelly,82
AU,1964,F,Kerrie,235
AU,1964,F,Kerry,228
AU,1964,F,Kim,561
AU,1964,F,Leanne,661
AU,1964,F,Leonie,145
AU,1964,F,Lesley,88
AU,1964,F,Linda,516
AU,1964,F,Lisa,563
AU,1964,F,Lorraine,79
AU,1964,F,Louise,333
AU,1964,F,Lynda,102
AU,1964,F,Lynette,300
AU,1964,F,Lynne,90
AU,1964,F,Maree,164
AU,1964,F,Margaret,304
AU,1964,F,Maria,410
AU,1964,F,Mary,342
AU,1964,F,Megan,125
AU,1964,F,Melinda,81
AU,1964,F,Melissa,176
AU,1964,F,Michele,160
AU,1964,F,Michelle,737
AU,1964,F,Narelle,185
AU,1964,F,Natalie,85
AU,1964,F,Nicole,88
AU,1964,F,Pamela,100
AU,1964,F,Patricia,292
AU,1964,F,Paula,95
AU,1964,F,Pauline,93
AU,1964,F,Penelope,75
AU,1964,F,Rhonda,137
AU,1964,F,Robyn,414
AU,1964,F,Rosemary,96
AU,1964,F,Roslyn,99
AU,1964,F,Ruth,98
AU,1964,F,Sally,119
AU,1964,F,Sandra,526
AU,1964,F,Sharon,831
AU,1964,F,Susan,831
AU,1964,F,Suzanne,339
AU,1964,F,Tania,93
AU,1964,F,Tanya,111
AU,1964,F,Therese,108
AU,1964,F,Toni,100
AU,1964,F,Tracey,486
AU,1964,F,Tracy,251
AU,1964,F,Vanessa,93
AU,1964,F,Vicki,324
AU,1964,F,Wendy,362
AU,1964,F,Yvonne,79
AU,1964,M,Adam,164
AU,1964,M,Adrian,87
AU,1964,M,Alan,218
AU,1964,M,Alexander,66
AU,1964,M,Allan,189
AU,1964,M,Andrew,944
AU,1964,M,Anthony,967
AU,1964,M,Antonio,69
AU,1964,M,Barry,188
AU,1964,M,Bernard,65
AU,1964,M,Bradley,233
AU,1964,M,Brett,606
AU,1964,M,Brian,301
AU,1964,M,Bruce,251
AU,1964,M,Charles,66
AU,1964,M,Christopher,613
AU,1964,M,Colin,281
AU,1964,M,Craig,1017
AU,1964,M,Dale,63
AU,1964,M,Daniel,156
AU,1964,M,Danny,73
AU,1964,M,Darren,351
AU,1964,M,Darryl,126
AU,1964,M,Daryl,63
AU,1964,M,David,2393
AU,1964,M,Dean,157
AU,1964,M,Dennis,80
AU,1964,M,Donald,113
AU,1964,M,Douglas,109
AU,1964,M,Edward,110
AU,1964,M,Eric,72
AU,1964,M,Frank,90
AU,1964,M,Garry,236
AU,1964,M,Gary,341
AU,1964,M,Gavin,71
AU,1964,M,Geoffrey,348
AU,1964,M,George,218
AU,1964,M,Giuseppe,59
AU,1964,M,Glen,242
AU,1964,M,Glenn,452
AU,1964,M,Gordon,80
AU,1964,M,Graeme,201
AU,1964,M,Graham,247
AU,1964,M,Grant,217
AU,1964,M,Gregory,878
AU,1964,M,Ian,547
AU,1964,M,James,524
AU,1964,M,Jason,59
AU,1964,M,Jeffrey,225
AU,1964,M,John,1449
AU,1964,M,Jonathan,65
AU,1964,M,Joseph,173
AU,1964,M,Keith,102
AU,1964,M,Kenneth,255
AU,1964,M,Kevin,365
AU,1964,M,Leslie,96
AU,1964,M,Malcolm,128
AU,1964,M,Mark,1599
AU,1964,M,Martin,205
AU,1964,M,Matthew,296
AU,1964,M,Michael,1765
AU,1964,M,Murray,96
AU,1964,M,Neil,199
AU,1964,M,Nicholas,104
AU,1964,M,Noel,65
AU,1964,M,Patrick,157
AU,1964,M,Paul,1441
AU,1964,M,Peter,1754
AU,1964,M,Philip,234
AU,1964,M,Phillip,309
AU,1964,M,Raymond,225
AU,1964,M,Richard,529
AU,1964,M,Ricky,74
AU,1964,M,Robert,1155
AU,1964,M,Rodney,336
AU,1964,M,Roger,67
AU,1964,M,Ronald,180
AU,1964,M,Ross,160
AU,1964,M,Russell,146
AU,1964,M,Scott,518
AU,1964,M,Sean,96
AU,1964,M,Shane,290
AU,1964,M,Simon,150
AU,1964,M,Stephen,1168
AU,1964,M,Steven,645
AU,1964,M,Stewart,63
AU,1964,M,Stuart,225
AU,1964,M,Terence,60
AU,1964,M,Terrence,61
AU,1964,M,Terry,98
AU,1964,M,Thomas,129
AU,1964,M,Timothy,315
AU,1964,M,Todd,65
AU,1964,M,Tony,138
AU,1964,M,Trevor,193
AU,1964,M,Troy,64
AU,1964,M,Warren,236
AU,1964,M,Warwick,73
AU,1964,M,Wayne,612
AU,1964,M,William,359
AU,1965,F,Alison,288
AU,1965,F,Allison,78
AU,1965,F,Amanda,264
AU,1965,F,Angela,237
AU,1965,F,Ann,147
AU,1965,F,Anna,159
AU,1965,F,Anne,299
AU,1965,F,Annette,202
AU,1965,F,Barbara,100
AU,1965,F,Belinda,188
AU,1965,F,Bernadette,89
AU,1965,F,Bronwyn,128
AU,1965,F,Carol,160
AU,1965,F,Caroline,88
AU,1965,F,Carolyn,206
AU,1965,F,Catherine,583
AU,1965,F,Cathy,81
AU,1965,F,Cheryl,224
AU,1965,F,Christine,337
AU,1965,F,Cindy,113
AU,1965,F,Colleen,90
AU,1965,F,Debbie,179
AU,1965,F,Deborah,441
AU,1965,F,Debra,254
AU,1965,F,Denise,144
AU,1965,F,Diana,109
AU,1965,F,Diane,185
AU,1965,F,Dianne,212
AU,1965,F,Donna,710
AU,1965,F,Elizabeth,488
AU,1965,F,Fiona,272
AU,1965,F,Frances,77
AU,1965,F,Gail,85
AU,1965,F,Heather,103
AU,1965,F,Helen,394
AU,1965,F,Jacqueline,253
AU,1965,F,Jane,281
AU,1965,F,Janelle,167
AU,1965,F,Janet,89
AU,1965,F,Janine,85
AU,1965,F,Jennifer,738
AU,1965,F,Joanne,594
AU,1965,F,Jodie,107
AU,1965,F,Judith,185
AU,1965,F,Julie,679
AU,1965,F,Karen,1060
AU,1965,F,Katherine,158
AU,1965,F,Kathleen,198
AU,1965,F,Kathryn,275
AU,1965,F,Katrina,117
AU,1965,F,Kerrie,192
AU,1965,F,Kerry,222
AU,1965,F,Kim,582
AU,1965,F,Kylie,86
AU,1965,F,Leanne,694
AU,1965,F,Lee,80
AU,1965,F,Leonie,146
AU,1965,F,Linda,485
AU,1965,F,Lisa,668
AU,1965,F,Louise,311
AU,1965,F,Lynda,93
AU,1965,F,Lynette,217
AU,1965,F,Maree,129
AU,1965,F,Margaret,333
AU,1965,F,Maria,420
AU,1965,F,Marie,74
AU,1965,F,Mary,239
AU,1965,F,Megan,173
AU,1965,F,Melissa,219
AU,1965,F,Michele,104
AU,1965,F,Michelle,762
AU,1965,F,Narelle,142
AU,1965,F,Natalie,137
AU,1965,F,Nicole,161
AU,1965,F,Patricia,279
AU,1965,F,Paula,75
AU,1965,F,Pauline,93
AU,1965,F,Rhonda,131
AU,1965,F,Robyn,376
AU,1965,F,Rosemary,83
AU,1965,F,Roslyn,102
AU,1965,F,Ruth,84
AU,1965,F,Sally,126
AU,1965,F,Sandra,444
AU,1965,F,Sarah,86
AU,1965,F,Sharon,815
AU,1965,F,Simone,79
AU,1965,F,Stephanie,80
AU,1965,F,Susan,707
AU,1965,F,Suzanne,343
AU,1965,F,Tania,136
AU,1965,F,Tanya,151
AU,1965,F,Teresa,80
AU,1965,F,Therese,84
AU,1965,F,Toni,85
AU,1965,F,Tracey,509
AU,1965,F,Tracy,261
AU,1965,F,Vanessa,91
AU,1965,F,Vicki,254
AU,1965,F,Wendy,359
AU,1965,M,Adam,208
AU,1965,M,Adrian,96
AU,1965,M,Alan,182
AU,1965,M,Alexander,70
AU,1965,M,Allan,148
AU,1965,M,Andrew,1049
AU,1965,M,Anthony,968
AU,1965,M,Antonio,63
AU,1965,M,Barry,139
AU,1965,M,Benjamin,57
AU,1965,M,Bernard,67
AU,1965,M,Bradley,254
AU,1965,M,Brendan,58
AU,1965,M,Brett,534
AU,1965,M,Brian,283
AU,1965,M,Bruce,235
AU,1965,M,Charles,81
AU,1965,M,Christopher,561
AU,1965,M,Colin,249
AU,1965,M,Craig,813
AU,1965,M,Dale,69
AU,1965,M,Daniel,181
AU,1965,M,Danny,66
AU,1965,M,Darren,665
AU,1965,M,Darrin,103
AU,1965,M,Darryl,99
AU,1965,M,Daryl,79
AU,1965,M,David,2288
AU,1965,M,Dean,168
AU,1965,M,Dennis,86
AU,1965,M,Donald,78
AU,1965,M,Douglas,102
AU,1965,M,Edward,92
AU,1965,M,Eric,61
AU,1965,M,Frank,63
AU,1965,M,Garry,218
AU,1965,M,Gary,319
AU,1965,M,Gavin,76
AU,1965,M,Geoffrey,277
AU,1965,M,George,230
AU,1965,M,Glen,194
AU,1965,M,Glenn,353
AU,1965,M,Gordon,68
AU,1965,M,Graeme,148
AU,1965,M,Graham,218
AU,1965,M,Grant,217
AU,1965,M,Gregory,748
AU,1965,M,Ian,528
AU,1965,M,James,574
AU,1965,M,Jamie,66
AU,1965,M,Jason,102
AU,1965,M,Jeffrey,209
AU,1965,M,John,1442
AU,1965,M,Jonathan,62
AU,1965,M,Joseph,188
AU,1965,M,Keith,84
AU,1965,M,Kenneth,192
AU,1965,M,Kevin,313
AU,1965,M,Leslie,96
AU,1965,M,Malcolm,114
AU,1965,M,Mark,1484
AU,1965,M,Martin,198
AU,1965,M,Matthew,317
AU,1965,M,Michael,1756
AU,1965,M,Murray,84
AU,1965,M,Neil,155
AU,1965,M,Nicholas,104
AU,1965,M,Patrick,170
AU,1965,M,Paul,1441
AU,1965,M,Peter,1614
AU,1965,M,Philip,219
AU,1965,M,Phillip,342
AU,1965,M,Raymond,199
AU,1965,M,Richard,549
AU,1965,M,Ricky,60
AU,1965,M,Robert,1104
AU,1965,M,Rodney,487
AU,1965,M,Roger,79
AU,1965,M,Ronald,150
AU,1965,M,Ross,144
AU,1965,M,Russell,108
AU,1965,M,Scott,580
AU,1965,M,Sean,151
AU,1965,M,Shane,285
AU,1965,M,Shaun,72
AU,1965,M,Simon,206
AU,1965,M,Stephen,1063
AU,1965,M,Steven,581
AU,1965,M,Stewart,65
AU,1965,M,Stuart,232
AU,1965,M,Terry,99
AU,1965,M,Thomas,108
AU,1965,M,Timothy,303
AU,1965,M,Todd,64
AU,1965,M,Tony,149
AU,1965,M,Trevor,177
AU,1965,M,Troy,70
AU,1965,M,Warren,243
AU,1965,M,Wayne,565
AU,1965,M,William,308
AU,1966,F,Alison,259
AU,1966,F,Allison,102
AU,1966,F,Amanda,239
AU,1966,F,Angela,259
AU,1966,F,Ann,131
AU,1966,F,Anna,155
AU,1966,F,Anne,267
AU,1966,F,Annette,193
AU,1966,F,Barbara,109
AU,1966,F,Belinda,237
AU,1966,F,Bernadette,77
AU,1966,F,Bronwyn,127
AU,1966,F,Carol,137
AU,1966,F,Caroline,85
AU,1966,F,Carolyn,176
AU,1966,F,Catherine,551
AU,1966,F,Cheryl,209
AU,1966,F,Christine,356
AU,1966,F,Colleen,74
AU,1966,F,Debbie,159
AU,1966,F,Deborah,453
AU,1966,F,Debra,181
AU,1966,F,Denise,130
AU,1966,F,Diana,93
AU,1966,F,Diane,140
AU,1966,F,Dianne,185
AU,1966,F,Donna,693
AU,1966,F,Elizabeth,441
AU,1966,F,Fiona,332
AU,1966,F,Gail,78
AU,1966,F,Heather,83
AU,1966,F,Helen,403
AU,1966,F,Jacqueline,286
AU,1966,F,Jane,287
AU,1966,F,Janelle,173
AU,1966,F,Janine,112
AU,1966,F,Jennifer,691
AU,1966,F,Joanne,543
AU,1966,F,Jodie,132
AU,1966,F,Judith,147
AU,1966,F,Julie,611
AU,1966,F,Karen,1088
AU,1966,F,Katherine,144
AU,1966,F,Kathleen,198
AU,1966,F,Kathryn,262
AU,1966,F,Katrina,121
AU,1966,F,Kelly,99
AU,1966,F,Kerrie,157
AU,1966,F,Kerry,186
AU,1966,F,Kim,670
AU,1966,F,Kylie,151
AU,1966,F,Leanne,599
AU,1966,F,Lee,79
AU,1966,F,Leonie,118
AU,1966,F,Linda,436
AU,1966,F,Lisa,695
AU,1966,F,Lorraine,94
AU,1966,F,Louise,282
AU,1966,F,Lynda,98
AU,1966,F,Lynette,160
AU,1966,F,Maree,117
AU,1966,F,Margaret,252
AU,1966,F,Maria,459
AU,1966,F,Mary,248
AU,1966,F,Megan,143
AU,1966,F,Melinda,78
AU,1966,F,Melissa,229
AU,1966,F,Michele,133
AU,1966,F,Michelle,1050
AU,1966,F,Narelle,142
AU,1966,F,Natalie,121
AU,1966,F,Nicole,212
AU,1966,F,Patricia,253
AU,1966,F,Paula,93
AU,1966,F,Pauline,91
AU,1966,F,Rebecca,81
AU,1966,F,Rhonda,125
AU,1966,F,Robyn,290
AU,1966,F,Roslyn,117
AU,1966,F,Ruth,84
AU,1966,F,Sally,124
AU,1966,F,Samantha,101
AU,1966,F,Sandra,418
AU,1966,F,Sarah,105
AU,1966,F,Sharon,815
AU,1966,F,Simone,93
AU,1966,F,Sonya,75
AU,1966,F,Stephanie,86
AU,1966,F,Susan,616
AU,1966,F,Suzanne,324
AU,1966,F,Tania,209
AU,1966,F,Tanya,181
AU,1966,F,Teresa,77
AU,1966,F,Therese,78
AU,1966,F,Tina,83
AU,1966,F,Toni,104
AU,1966,F,Tracey,425
AU,1966,F,Tracy,265
AU,1966,F,Vicki,186
AU,1966,F,Wendy,330
AU,1966,M,Adam,198
AU,1966,M,Adrian,93
AU,1966,M,Alan,157
AU,1966,M,Allan,148
AU,1966,M,Andrew,1106
AU,1966,M,Anthony,931
AU,1966,M,Antonio,58
AU,1966,M,Barry,138
AU,1966,M,Bernard,69
AU,1966,M,Bradley,244
AU,1966,M,Brendan,58
AU,1966,M,Brett,467
AU,1966,M,Brian,292
AU,1966,M,Bruce,199
AU,1966,M,Cameron,60
AU,1966,M,Charles,76
AU,1966,M,Christopher,586
AU,1966,M,Colin,220
AU,1966,M,Craig,852
AU,1966,M,Daniel,162
AU,1966,M,Darren,945
AU,1966,M,Darrin,132
AU,1966,M,Darryl,89
AU,1966,M,David,2116
AU,1966,M,Dean,207
AU,1966,M,Dennis,70
AU,1966,M,Donald,81
AU,1966,M,Douglas,101
AU,1966,M,Edward,96
AU,1966,M,Frank,62
AU,1966,M,Garry,186
AU,1966,M,Gary,282
AU,1966,M,Gavin,127
AU,1966,M,Geoffrey,254
AU,1966,M,George,241
AU,1966,M,Gerard,75
AU,1966,M,Glen,225
AU,1966,M,Glenn,333
AU,1966,M,Gordon,57
AU,1966,M,Graeme,127
AU,1966,M,Graham,190
AU,1966,M,Grant,270
AU,1966,M,Gregory,710
AU,1966,M,Ian,466
AU,1966,M,James,509
AU,1966,M,Jamie,85
AU,1966,M,Jason,230
AU,1966,M,Jeffrey,216
AU,1966,M,John,1347
AU,1966,M,Jonathan,103
AU,1966,M,Joseph,158
AU,1966,M,Justin,59
AU,1966,M,Keith,71
AU,1966,M,Kenneth,181
AU,1966,M,Kevin,260
AU,1966,M,Leslie,71
AU,1966,M,Malcolm,128
AU,1966,M,Mark,1405
AU,1966,M,Martin,179
AU,1966,M,Mathew,59
AU,1966,M,Matthew,367
AU,1966,M,Michael,1653
AU,1966,M,Micheal,61
AU,1966,M,Murray,87
AU,1966,M,Neil,148
AU,1966,M,Nicholas,142
AU,1966,M,Nigel,64
AU,1966,M,Patrick,165
AU,1966,M,Paul,1468
AU,1966,M,Peter,1595
AU,1966,M,Philip,191
AU,1966,M,Phillip,289
AU,1966,M,Raymond,222
AU,1966,M,Richard,470
AU,1966,M,Ricky,57
AU,1966,M,Robert,1053
AU,1966,M,Rodney,550
AU,1966,M,Roger,69
AU,1966,M,Ronald,133
AU,1966,M,Ross,153
AU,1966,M,Russell,98
AU,1966,M,Scott,621
AU,1966,M,Sean,177
AU,1966,M,Shane,327
AU,1966,M,Shaun,75
AU,1966,M,Simon,214
AU,1966,M,Stephen,1012
AU,1966,M,Steven,587
AU,1966,M,Stuart,234
AU,1966,M,Terry,92
AU,1966,M,Thomas,136
AU,1966,M,Timothy,356
AU,1966,M,Todd,88
AU,1966,M,Tony,159
AU,1966,M,Trevor,184
AU,1966,M,Troy,120
AU,1966,M,Unnamed,406
AU,1966,M,Warren,199
AU,1966,M,Wayne,543
AU,1966,M,William,289
AU,1967,F,Alison,276
AU,1967,F,Allison,104
AU,1967,F,Amanda,291
AU,1967,F,Angela,278
AU,1967,F,Anita,75
AU,1967,F,Ann,148
AU,1967,F,Anna,168
AU,1967,F,Anne,261
AU,1967,F,Annette,166
AU,1967,F,Barbara,93
AU,1967,F,Belinda,251
AU,1967,F,Bernadette,88
AU,1967,F,Bronwyn,163
AU,1967,F,Carol,82
AU,1967,F,Caroline,76
AU,1967,F,Carolyn,180
AU,1967,F,Catherine,507
AU,1967,F,Cheryl,192
AU,1967,F,Christina,88
AU,1967,F,Christine,333
AU,1967,F,Danielle,78
AU,1967,F,Debbie,114
AU,1967,F,Deborah,402
AU,1967,F,Debra,198
AU,1967,F,Denise,94
AU,1967,F,Diane,131
AU,1967,F,Dianne,153
AU,1967,F,Donna,655
AU,1967,F,Elizabeth,448
AU,1967,F,Fiona,353
AU,1967,F,Heather,99
AU,1967,F,Helen,371
AU,1967,F,Jacqueline,309
AU,1967,F,Jane,283
AU,1967,F,Janelle,133
AU,1967,F,Janine,100
AU,1967,F,Jennifer,650
AU,1967,F,Joanne,546
AU,1967,F,Jodi,86
AU,1967,F,Jodie,172
AU,1967,F,Judith,131
AU,1967,F,Julie,632
AU,1967,F,Karen,1061
AU,1967,F,Katherine,148
AU,1967,F,Kathleen,173
AU,1967,F,Kathryn,276
AU,1967,F,Katrina,179
AU,1967,F,Kelly,101
AU,1967,F,Kerrie,154
AU,1967,F,Kerry,165
AU,1967,F,Kim,655
AU,1967,F,Kylie,161
AU,1967,F,Leanne,552
AU,1967,F,Leonie,109
AU,1967,F,Lesley,75
AU,1967,F,Linda,414
AU,1967,F,Lisa,861
AU,1967,F,Louise,332
AU,1967,F,Lynda,104
AU,1967,F,Lynette,167
AU,1967,F,Maree,136
AU,1967,F,Margaret,220
AU,1967,F,Maria,384
AU,1967,F,Mary,209
AU,1967,F,Megan,178
AU,1967,F,Melinda,154
AU,1967,F,Melissa,304
AU,1967,F,Michele,137
AU,1967,F,Michelle,1086
AU,1967,F,Narelle,141
AU,1967,F,Natalie,170
AU,1967,F,Nicole,337
AU,1967,F,Patricia,207
AU,1967,F,Paula,85
AU,1967,F,Rebecca,116
AU,1967,F,Rhonda,109
AU,1967,F,Robyn,251
AU,1967,F,Roslyn,76
AU,1967,F,Ruth,85
AU,1967,F,Sally,114
AU,1967,F,Samantha,151
AU,1967,F,Sandra,408
AU,1967,F,Sarah,128
AU,1967,F,Sharon,748
AU,1967,F,Simone,88
AU,1967,F,Sonia,111
AU,1967,F,Sonya,93
AU,1967,F,Stephanie,90
AU,1967,F,Susan,582
AU,1967,F,Suzanne,301
AU,1967,F,Tania,203
AU,1967,F,Tanya,232
AU,1967,F,Teresa,86
AU,1967,F,Tina,104
AU,1967,F,Toni,114
AU,1967,F,Tracey,467
AU,1967,F,Tracy,313
AU,1967,F,Vanessa,136
AU,1967,F,Vicki,201
AU,1967,F,Wendy,269
AU,1967,M,Adam,215
AU,1967,M,Adrian,107
AU,1967,M,Alan,156
AU,1967,M,Alexander,75
AU,1967,M,Allan,135
AU,1967,M,Andrew,1193
AU,1967,M,Anthony,989
AU,1967,M,Antonio,69
AU,1967,M,Barry,118
AU,1967,M,Bradley,262
AU,1967,M,Brendan,60
AU,1967,M,Brett,473
AU,1967,M,Brian,271
AU,1967,M,Bruce,188
AU,1967,M,Charles,74
AU,1967,M,Christopher,597
AU,1967,M,Colin,189
AU,1967,M,Craig,911
AU,1967,M,Daniel,204
AU,1967,M,Darren,899
AU,1967,M,Darrin,82
AU,1967,M,Darryl,66
AU,1967,M,David,2156
AU,1967,M,Dean,309
AU,1967,M,Dennis,98
AU,1967,M,Donald,70
AU,1967,M,Douglas,80
AU,1967,M,Edward,75
AU,1967,M,Frank,73
AU,1967,M,Garry,128
AU,1967,M,Gary,277
AU,1967,M,Gavin,107
AU,1967,M,Geoffrey,248
AU,1967,M,George,237
AU,1967,M,Giuseppe,58
AU,1967,M,Glen,196
AU,1967,M,Glenn,287
AU,1967,M,Gordon,61
AU,1967,M,Graeme,137
AU,1967,M,Graham,211
AU,1967,M,Grant,255
AU,1967,M,Gregory,696
AU,1967,M,Ian,430
AU,1967,M,James,553
AU,1967,M,Jamie,79
AU,1967,M,Jason,313
AU,1967,M,Jeffrey,183
AU,1967,M,John,1279
AU,1967,M,Jonathan,101
AU,1967,M,Joseph,180
AU,1967,M,Justin,78
AU,1967,M,Keith,76
AU,1967,M,Kenneth,151
AU,1967,M,Kevin,268
AU,1967,M,Lee,72
AU,1967,M,Leslie,67
AU,1967,M,Luke,62
AU,1967,M,Malcolm,107
AU,1967,M,Mark,1346
AU,1967,M,Martin,221
AU,1967,M,Matthew,458
AU,1967,M,Michael,1738
AU,1967,M,Micheal,62
AU,1967,M,Murray,76
AU,1967,M,Neil,140
AU,1967,M,Nicholas,130
AU,1967,M,Nigel,78
AU,1967,M,Patrick,162
AU,1967,M,Paul,1474
AU,1967,M,Peter,1483
AU,1967,M,Philip,212
AU,1967,M,Phillip,272
AU,1967,M,Raymond,193
AU,1967,M,Richard,481
AU,1967,M,Ricky,64
AU,1967,M,Robert,1088
AU,1967,M,Rodney,540
AU,1967,M,Roger,67
AU,1967,M,Ronald,135
AU,1967,M,Ross,119
AU,1967,M,Russell,90
AU,1967,M,Scott,758
AU,1967,M,Sean,280
AU,1967,M,Shane,327
AU,1967,M,Shaun,93
AU,1967,M,Simon,267
AU,1967,M,Stephen,907
AU,1967,M,Steven,643
AU,1967,M,Stewart,73
AU,1967,M,Stuart,274
AU,1967,M,Terry,72
AU,1967,M,Thomas,134
AU,1967,M,Timothy,393
AU,1967,M,Todd,104
AU,1967,M,Tony,148
AU,1967,M,Trevor,133
AU,1967,M,Troy,141
AU,1967,M,Warren,189
AU,1967,M,Wayne,539
AU,1967,M,William,260
AU,1968,F,Alison,261
AU,1968,F,Allison,105
AU,1968,F,Amanda,300
AU,1968,F,Angela,282
AU,1968,F,Ann,105
AU,1968,F,Anna,166
AU,1968,F,Anne,197
AU,1968,F,Annette,161
AU,1968,F,Belinda,245
AU,1968,F,Bronwyn,122
AU,1968,F,Carol,97
AU,1968,F,Caroline,107
AU,1968,F,Carolyn,209
AU,1968,F,Catherine,523
AU,1968,F,Cheryl,184
AU,1968,F,Christine,329
AU,1968,F,Danielle,124
AU,1968,F,Debbie,126
AU,1968,F,Deborah,337
AU,1968,F,Debra,166
AU,1968,F,Denise,97
AU,1968,F,Diana,99
AU,1968,F,Diane,105
AU,1968,F,Dianne,136
AU,1968,F,Donna,611
AU,1968,F,Elizabeth,424
AU,1968,F,Fiona,397
AU,1968,F,Heather,90
AU,1968,F,Helen,356
AU,1968,F,Jacqueline,379
AU,1968,F,Jane,248
AU,1968,F,Janelle,139
AU,1968,F,Janine,101
AU,1968,F,Jennifer,682
AU,1968,F,Joanne,504
AU,1968,F,Jodi,87
AU,1968,F,Jodie,312
AU,1968,F,Judith,117
AU,1968,F,Julie,512
AU,1968,F,Karen,1109
AU,1968,F,Katherine,160
AU,1968,F,Kathleen,152
AU,1968,F,Kathryn,247
AU,1968,F,Katrina,185
AU,1968,F,Kellie,125
AU,1968,F,Kelly,200
AU,1968,F,Kerrie,204
AU,1968,F,Kerry,180
AU,1968,F,Kim,521
AU,1968,F,Kylie,278
AU,1968,F,Leah,88
AU,1968,F,Leanne,612
AU,1968,F,Leonie,111
AU,1968,F,Linda,395
AU,1968,F,Lisa,1058
AU,1968,F,Louise,282
AU,1968,F,Lynda,88
AU,1968,F,Lynette,142
AU,1968,F,Maree,126
AU,1968,F,Margaret,180
AU,1968,F,Maria,412
AU,1968,F,Mary,205
AU,1968,F,Megan,182
AU,1968,F,Melinda,182
AU,1968,F,Melissa,350
AU,1968,F,Michele,119
AU,1968,F,Michelle,1049
AU,1968,F,Narelle,132
AU,1968,F,Natalie,198
AU,1968,F,Nicole,463
AU,1968,F,Patricia,223
AU,1968,F,Paula,134
AU,1968,F,Penelope,106
AU,1968,F,Rachel,120
AU,1968,F,Rebecca,152
AU,1968,F,Rhonda,90
AU,1968,F,Robyn,220
AU,1968,F,Ruth,81
AU,1968,F,Sally,120
AU,1968,F,Samantha,187
AU,1968,F,Sandra,349
AU,1968,F,Sarah,126
AU,1968,F,Sharon,809
AU,1968,F,Simone,132
AU,1968,F,Sonia,101
AU,1968,F,Sonya,81
AU,1968,F,Stephanie,98
AU,1968,F,Susan,544
AU,1968,F,Suzanne,286
AU,1968,F,Tania,193
AU,1968,F,Tanya,242
AU,1968,F,Teresa,91
AU,1968,F,Therese,86
AU,1968,F,Tina,101
AU,1968,F,Toni,123
AU,1968,F,Tracey,453
AU,1968,F,Tracy,294
AU,1968,F,Vanessa,199
AU,1968,F,Vicki,201
AU,1968,F,Wendy,257
AU,1968,M,Adam,356
AU,1968,M,Adrian,112
AU,1968,M,Alan,136
AU,1968,M,Alexander,75
AU,1968,M,Allan,129
AU,1968,M,Andrew,1266
AU,1968,M,Anthony,993
AU,1968,M,Antonio,69
AU,1968,M,Barry,122
AU,1968,M,Benjamin,81
AU,1968,M,Bradley,280
AU,1968,M,Brendan,79
AU,1968,M,Brett,487
AU,1968,M,Brian,227
AU,1968,M,Bruce,178
AU,1968,M,Cameron,80
AU,1968,M,Charles,67
AU,1968,M,Christopher,738
AU,1968,M,Colin,202
AU,1968,M,Craig,950
AU,1968,M,Dale,72
AU,1968,M,Daniel,240
AU,1968,M,Darren,864
AU,1968,M,Darrin,72
AU,1968,M,David,2032
AU,1968,M,Dean,360
AU,1968,M,Dennis,68
AU,1968,M,Douglas,86
AU,1968,M,Edward,86
AU,1968,M,Garry,140
AU,1968,M,Gary,288
AU,1968,M,Gavin,156
AU,1968,M,Geoffrey,269
AU,1968,M,George,209
AU,1968,M,Giuseppe,79
AU,1968,M,Glen,181
AU,1968,M,Glenn,248
AU,1968,M,Graeme,131
AU,1968,M,Graham,168
AU,1968,M,Grant,259
AU,1968,M,Gregory,594
AU,1968,M,Ian,412
AU,1968,M,James,491
AU,1968,M,Jamie,100
AU,1968,M,Jason,402
AU,1968,M,Jeffrey,217
AU,1968,M,John,1221
AU,1968,M,Jonathan,74
AU,1968,M,Joseph,188
AU,1968,M,Justin,118
AU,1968,M,Keith,77
AU,1968,M,Kenneth,121
AU,1968,M,Kevin,246
AU,1968,M,Lee,67
AU,1968,M,Leslie,67
AU,1968,M,Luke,74
AU,1968,M,Malcolm,119
AU,1968,M,Mark,1476
AU,1968,M,Martin,210
AU,1968,M,Mathew,85
AU,1968,M,Matthew,761
AU,1968,M,Michael,1729
AU,1968,M,Murray,81
AU,1968,M,Neil,143
AU,1968,M,Nicholas,179
AU,1968,M,Nigel,86
AU,1968,M,Patrick,178
AU,1968,M,Paul,1439
AU,1968,M,Peter,1407
AU,1968,M,Philip,196
AU,1968,M,Phillip,281
AU,1968,M,Raymond,156
AU,1968,M,Richard,502
AU,1968,M,Ricky,70
AU,1968,M,Robert,948
AU,1968,M,Rodney,420
AU,1968,M,Roger,78
AU,1968,M,Ronald,149
AU,1968,M,Ross,130
AU,1968,M,Russell,105
AU,1968,M,Scott,875
AU,1968,M,Sean,295
AU,1968,M,Shane,309
AU,1968,M,Shaun,127
AU,1968,M,Simon,337
AU,1968,M,Stephen,911
AU,1968,M,Steven,659
AU,1968,M,Stuart,297
AU,1968,M,Terry,74
AU,1968,M,Thomas,92
AU,1968,M,Timothy,376
AU,1968,M,Todd,103
AU,1968,M,Tony,164
AU,1968,M,Trevor,122
AU,1968,M,Troy,208
AU,1968,M,Unnamed,315
AU,1968,M,Warren,207
AU,1968,M,Warwick,66
AU,1968,M,Wayne,494
AU,1968,M,William,257
AU,1969,F,Alexandra,85
AU,1969,F,Alison,269
AU,1969,F,Allison,98
AU,1969,F,Amanda,438
AU,1969,F,Angela,328
AU,1969,F,Ann,106
AU,1969,F,Anna,186
AU,1969,F,Anne,163
AU,1969,F,Annette,157
AU,1969,F,Barbara,86
AU,1969,F,Belinda,301
AU,1969,F,Bronwyn,143
AU,1969,F,Caroline,87
AU,1969,F,Carolyn,184
AU,1969,F,Cassandra,86
AU,1969,F,Catherine,467
AU,1969,F,Cheryl,154
AU,1969,F,Christine,323
AU,1969,F,Cindy,92
AU,1969,F,Danielle,166
AU,1969,F,Debbie,123
AU,1969,F,Deborah,325
AU,1969,F,Debra,155
AU,1969,F,Denise,87
AU,1969,F,Diane,95
AU,1969,F,Dianne,113
AU,1969,F,Donna,487
AU,1969,F,Elizabeth,392
AU,1969,F,Emma,94
AU,1969,F,Fiona,491
AU,1969,F,Heather,90
AU,1969,F,Helen,324
AU,1969,F,Jacqueline,325
AU,1969,F,Jane,249
AU,1969,F,Janelle,145
AU,1969,F,Janine,126
AU,1969,F,Jennifer,619
AU,1969,F,Joanne,627
AU,1969,F,Jodie,346
AU,1969,F,Judith,110
AU,1969,F,Julie,569
AU,1969,F,Justine,143
AU,1969,F,Karen,1087
AU,1969,F,Katherine,169
AU,1969,F,Kathleen,154
AU,1969,F,Kathryn,251
AU,1969,F,Katrina,247
AU,1969,F,Kellie,186
AU,1969,F,Kelly,277
AU,1969,F,Kerrie,171
AU,1969,F,Kerry,174
AU,1969,F,Kim,539
AU,1969,F,Kylie,438
AU,1969,F,Leanne,550
AU,1969,F,Leonie,115
AU,1969,F,Linda,363
AU,1969,F,Lisa,966
AU,1969,F,Louise,346
AU,1969,F,Lynette,127
AU,1969,F,Maree,113
AU,1969,F,Margaret,156
AU,1969,F,Maria,369
AU,1969,F,Mary,174
AU,1969,F,Megan,211
AU,1969,F,Melinda,195
AU,1969,F,Melissa,483
AU,1969,F,Michele,115
AU,1969,F,Michelle,1208
AU,1969,F,Narelle,111
AU,1969,F,Natalie,255
AU,1969,F,Nicole,690
AU,1969,F,Patricia,183
AU,1969,F,Paula,111
AU,1969,F,Penelope,98
AU,1969,F,Rachel,192
AU,1969,F,Rebecca,249
AU,1969,F,Robyn,189
AU,1969,F,Sally,131
AU,1969,F,Samantha,256
AU,1969,F,Sandra,298
AU,1969,F,Sarah,148
AU,1969,F,Sharon,864
AU,1969,F,Simone,158
AU,1969,F,Sonia,115
AU,1969,F,Sonya,104
AU,1969,F,Stephanie,93
AU,1969,F,Susan,523
AU,1969,F,Suzanne,272
AU,1969,F,Tammy,88
AU,1969,F,Tania,177
AU,1969,F,Tanya,296
AU,1969,F,Teresa,94
AU,1969,F,Tina,152
AU,1969,F,Toni,101
AU,1969,F,Tracey,468
AU,1969,F,Tracy,309
AU,1969,F,Vanessa,281
AU,1969,F,Vicki,200
AU,1969,F,Victoria,97
AU,1969,F,Wendy,237
AU,1969,M,Aaron,71
AU,1969,M,Adam,380
AU,1969,M,Adrian,151
AU,1969,M,Alan,160
AU,1969,M,Allan,126
AU,1969,M,Andrew,1349
AU,1969,M,Anthony,981
AU,1969,M,Barry,95
AU,1969,M,Benjamin,127
AU,1969,M,Bradley,285
AU,1969,M,Brendan,80
AU,1969,M,Brett,477
AU,1969,M,Brian,250
AU,1969,M,Bruce,153
AU,1969,M,Cameron,98
AU,1969,M,Charles,76
AU,1969,M,Christopher,747
AU,1969,M,Colin,196
AU,1969,M,Craig,1046
AU,1969,M,Dale,77
AU,1969,M,Damian,79
AU,1969,M,Damien,79
AU,1969,M,Daniel,262
AU,1969,M,Danny,71
AU,1969,M,Darren,921
AU,1969,M,Darrin,82
AU,1969,M,Darryl,71
AU,1969,M,David,2193
AU,1969,M,Dean,360
AU,1969,M,Dennis,77
AU,1969,M,Donald,76
AU,1969,M,Douglas,75
AU,1969,M,Edward,108
AU,1969,M,Garry,145
AU,1969,M,Gary,247
AU,1969,M,Gavin,177
AU,1969,M,Geoffrey,234
AU,1969,M,George,250
AU,1969,M,Glen,182
AU,1969,M,Glenn,288
AU,1969,M,Graeme,104
AU,1969,M,Graham,179
AU,1969,M,Grant,230
AU,1969,M,Gregory,570
AU,1969,M,Ian,374
AU,1969,M,James,599
AU,1969,M,Jamie,158
AU,1969,M,Jason,925
AU,1969,M,Jeffrey,219
AU,1969,M,John,1151
AU,1969,M,Jonathan,104
AU,1969,M,Joseph,153
AU,1969,M,Justin,148
AU,1969,M,Keith,75
AU,1969,M,Kenneth,149
AU,1969,M,Kevin,235
AU,1969,M,Lee,76
AU,1969,M,Luke,83
AU,1969,M,Malcolm,102
AU,1969,M,Mark,1475
AU,1969,M,Martin,220
AU,1969,M,Mathew,101
AU,1969,M,Matthew,853
AU,1969,M,Michael,1685
AU,1969,M,Murray,77
AU,1969,M,Nathan,80
AU,1969,M,Neil,177
AU,1969,M,Nicholas,203
AU,1969,M,Nigel,98
AU,1969,M,Patrick,151
AU,1969,M,Paul,1388
AU,1969,M,Peter,1298
AU,1969,M,Philip,165
AU,1969,M,Phillip,291
AU,1969,M,Raymond,172
AU,1969,M,Richard,538
AU,1969,M,Ricky,83
AU,1969,M,Robert,995
AU,1969,M,Rodney,428
AU,1969,M,Roger,83
AU,1969,M,Ronald,134
AU,1969,M,Ross,124
AU,1969,M,Russell,98
AU,1969,M,Scott,1017
AU,1969,M,Sean,355
AU,1969,M,Shane,561
AU,1969,M,Shaun,113
AU,1969,M,Simon,368
AU,1969,M,Stephen,876
AU,1969,M,Steven,655
AU,1969,M,Stuart,326
AU,1969,M,Thomas,132
AU,1969,M,Timothy,397
AU,1969,M,Todd,121
AU,1969,M,Tony,164
AU,1969,M,Trevor,130
AU,1969,M,Troy,247
AU,1969,M,Warren,207
AU,1969,M,Wayne,471
AU,1969,M,William,238
AU,1970,F,Alison,297
AU,1970,F,Allison,104
AU,1970,F,Amanda,438
AU,1970,F,Angela,310
AU,1970,F,Ann,93
AU,1970,F,Anna,190
AU,1970,F,Anne,156
AU,1970,F,Annette,141
AU,1970,F,Belinda,366
AU,1970,F,Bernadette,94
AU,1970,F,Bronwyn,144
AU,1970,F,Caroline,94
AU,1970,F,Carolyn,182
AU,1970,F,Cassandra,97
AU,1970,F,Catherine,429
AU,1970,F,Cheryl,145
AU,1970,F,Christine,339
AU,1970,F,Cindy,107
AU,1970,F,Danielle,229
AU,1970,F,Debbie,118
AU,1970,F,Deborah,306
AU,1970,F,Debra,114
AU,1970,F,Diane,86
AU,1970,F,Dianne,123
AU,1970,F,Donna,438
AU,1970,F,Elizabeth,427
AU,1970,F,Emma,139
AU,1970,F,Fiona,467
AU,1970,F,Helen,274
AU,1970,F,Jacqueline,284
AU,1970,F,Jane,258
AU,1970,F,Janelle,115
AU,1970,F,Janine,129
AU,1970,F,Jennifer,582
AU,1970,F,Joanne,657
AU,1970,F,Jodi,87
AU,1970,F,Jodie,394
AU,1970,F,Julia,116
AU,1970,F,Julie,563
AU,1970,F,Justine,165
AU,1970,F,Karen,991
AU,1970,F,Katherine,199
AU,1970,F,Kathleen,162
AU,1970,F,Kathryn,236
AU,1970,F,Katrina,238
AU,1970,F,Kellie,170
AU,1970,F,Kelly,263
AU,1970,F,Kerrie,153
AU,1970,F,Kerry,143
AU,1970,F,Kim,582
AU,1970,F,Kylie,657
AU,1970,F,Leanne,498
AU,1970,F,Leonie,99
AU,1970,F,Linda,354
AU,1970,F,Lisa,885
AU,1970,F,Louise,329
AU,1970,F,Lynette,96
AU,1970,F,Maree,104
AU,1970,F,Margaret,132
AU,1970,F,Maria,370
AU,1970,F,Mary,168
AU,1970,F,Megan,252
AU,1970,F,Melanie,93
AU,1970,F,Melinda,157
AU,1970,F,Melissa,523
AU,1970,F,Michele,127
AU,1970,F,Michelle,1199
AU,1970,F,Narelle,124
AU,1970,F,Natalie,309
AU,1970,F,Nicole,779
AU,1970,F,Patricia,188
AU,1970,F,Paula,106
AU,1970,F,Penelope,106
AU,1970,F,Peta,106
AU,1970,F,Rachael,117
AU,1970,F,Rachel,245
AU,1970,F,Rebecca,329
AU,1970,F,Robyn,142
AU,1970,F,Sally,129
AU,1970,F,Samantha,276
AU,1970,F,Sandra,318
AU,1970,F,Sarah,213
AU,1970,F,Sharon,653
AU,1970,F,Simone,189
AU,1970,F,Sonia,127
AU,1970,F,Sonya,102
AU,1970,F,Stephanie,105
AU,1970,F,Susan,430
AU,1970,F,Suzanne,211
AU,1970,F,Tammy,116
AU,1970,F,Tania,188
AU,1970,F,Tanya,313
AU,1970,F,Teresa,106
AU,1970,F,Tina,165
AU,1970,F,Toni,105
AU,1970,F,Tracey,537
AU,1970,F,Tracy,394
AU,1970,F,Vanessa,315
AU,1970,F,Vicki,166
AU,1970,F,Wendy,248
AU,1970,M,Aaron,107
AU,1970,M,Adam,486
AU,1970,M,Adrian,169
AU,1970,M,Alan,126
AU,1970,M,Alexander,96
AU,1970,M,Allan,120
AU,1970,M,Andrew,1528
AU,1970,M,Anthony,973
AU,1970,M,Barry,98
AU,1970,M,Benjamin,187
AU,1970,M,Bradley,292
AU,1970,M,Brendan,111
AU,1970,M,Brett,507
AU,1970,M,Brian,211
AU,1970,M,Bruce,112
AU,1970,M,Cameron,140
AU,1970,M,Charles,69
AU,1970,M,Christopher,746
AU,1970,M,Colin,188
AU,1970,M,Craig,930
AU,1970,M,Dale,70
AU,1970,M,Damian,73
AU,1970,M,Damien,135
AU,1970,M,Daniel,319
AU,1970,M,Darren,936
AU,1970,M,Darrin,81
AU,1970,M,David,2016
AU,1970,M,Dean,358
AU,1970,M,Dennis,69
AU,1970,M,Douglas,88
AU,1970,M,Edward,103
AU,1970,M,Garry,116
AU,1970,M,Gary,183
AU,1970,M,Gavin,200
AU,1970,M,Geoffrey,230
AU,1970,M,George,243
AU,1970,M,Giuseppe,72
AU,1970,M,Glen,231
AU,1970,M,Glenn,327
AU,1970,M,Graeme,102
AU,1970,M,Graham,134
AU,1970,M,Grant,243
AU,1970,M,Gregory,566
AU,1970,M,Guy,73
AU,1970,M,Ian,321
AU,1970,M,James,615
AU,1970,M,Jamie,204
AU,1970,M,Jason,1775
AU,1970,M,Jeffrey,212
AU,1970,M,Jeremy,75
AU,1970,M,John,1087
AU,1970,M,Jonathan,101
AU,1970,M,Joseph,170
AU,1970,M,Justin,248
AU,1970,M,Kenneth,127
AU,1970,M,Kevin,215
AU,1970,M,Luke,126
AU,1970,M,Malcolm,93
AU,1970,M,Mark,1314
AU,1970,M,Martin,233
AU,1970,M,Mathew,131
AU,1970,M,Matthew,945
AU,1970,M,Michael,1721
AU,1970,M,Micheal,72
AU,1970,M,Murray,76
AU,1970,M,Nathan,86
AU,1970,M,Neil,118
AU,1970,M,Nicholas,236
AU,1970,M,Nigel,96
AU,1970,M,Patrick,161
AU,1970,M,Paul,1421
AU,1970,M,Peter,1225
AU,1970,M,Philip,156
AU,1970,M,Phillip,245
AU,1970,M,Raymond,155
AU,1970,M,Richard,523
AU,1970,M,Ricky,80
AU,1970,M,Robert,943
AU,1970,M,Rodney,374
AU,1970,M,Ronald,118
AU,1970,M,Ross,104
AU,1970,M,Russell,94
AU,1970,M,Scott,957
AU,1970,M,Sean,302
AU,1970,M,Shane,589
AU,1970,M,Shaun,137
AU,1970,M,Simon,435
AU,1970,M,Stephen,813
AU,1970,M,Steven,665
AU,1970,M,Stuart,307
AU,1970,M,Terry,75
AU,1970,M,Thomas,116
AU,1970,M,Timothy,339
AU,1970,M,Todd,154
AU,1970,M,Tony,169
AU,1970,M,Trevor,128
AU,1970,M,Troy,281
AU,1970,M,Warren,193
AU,1970,M,Wayne,415
AU,1970,M,William,245
AU,1971,F,Alison,389
AU,1971,F,Allison,158
AU,1971,F,Amanda,519
AU,1971,F,Angela,405
AU,1971,F,Anna,191
AU,1971,F,Anne,168
AU,1971,F,Annette,138
AU,1971,F,Belinda,474
AU,1971,F,Bronwyn,132
AU,1971,F,Carolyn,129
AU,1971,F,Cassandra,107
AU,1971,F,Catherine,431
AU,1971,F,Cheryl,137
AU,1971,F,Christine,313
AU,1971,F,Cindy,100
AU,1971,F,Danielle,265
AU,1971,F,Debbie,96
AU,1971,F,Deborah,269
AU,1971,F,Dianne,106
AU,1971,F,Donna,483
AU,1971,F,Elizabeth,421
AU,1971,F,Emma,152
AU,1971,F,Fiona,477
AU,1971,F,Heidi,105
AU,1971,F,Helen,256
AU,1971,F,Jacqueline,309
AU,1971,F,Jane,277
AU,1971,F,Janelle,143
AU,1971,F,Janine,136
AU,1971,F,Jennifer,581
AU,1971,F,Jo-Anne,101
AU,1971,F,Joanne,742
AU,1971,F,Jodi,95
AU,1971,F,Jodie,416
AU,1971,F,Jody,147
AU,1971,F,Julia,101
AU,1971,F,Julie,601
AU,1971,F,Justine,187
AU,1971,F,Karen,916
AU,1971,F,Katherine,228
AU,1971,F,Kathleen,137
AU,1971,F,Kathryn,262
AU,1971,F,Katrina,287
AU,1971,F,Kellie,217
AU,1971,F,Kelly,268
AU,1971,F,Kerrie,156
AU,1971,F,Kerry,139
AU,1971,F,Kim,607
AU,1971,F,Kylie,951
AU,1971,F,Leah,106
AU,1971,F,Leanne,449
AU,1971,F,Leonie,99
AU,1971,F,Linda,330
AU,1971,F,Lisa,895
AU,1971,F,Louise,333
AU,1971,F,Maree,97
AU,1971,F,Margaret,129
AU,1971,F,Maria,353
AU,1971,F,Mary,165
AU,1971,F,Megan,270
AU,1971,F,Melanie,170
AU,1971,F,Melinda,240
AU,1971,F,Melissa,633
AU,1971,F,Michele,112
AU,1971,F,Michelle,1248
AU,1971,F,Naomi,96
AU,1971,F,Narelle,139
AU,1971,F,Natalie,371
AU,1971,F,Natasha,143
AU,1971,F,Nicole,934
AU,1971,F,Patricia,181
AU,1971,F,Paula,159
AU,1971,F,Penelope,101
AU,1971,F,Peta,113
AU,1971,F,Rachael,179
AU,1971,F,Rachel,344
AU,1971,F,Rebecca,457
AU,1971,F,Robyn,146
AU,1971,F,Sally,124
AU,1971,F,Samantha,361
AU,1971,F,Sandra,268
AU,1971,F,Sarah,270
AU,1971,F,Sharon,619
AU,1971,F,Simone,247
AU,1971,F,Sonia,210
AU,1971,F,Sonya,96
AU,1971,F,Stephanie,109
AU,1971,F,Susan,383
AU,1971,F,Suzanne,255
AU,1971,F,Tammy,123
AU,1971,F,Tania,222
AU,1971,F,Tanya,335
AU,1971,F,Tina,205
AU,1971,F,Toni,149
AU,1971,F,Tracey,522
AU,1971,F,Tracy,326
AU,1971,F,Vanessa,386
AU,1971,F,Vicki,133
AU,1971,F,Victoria,112
AU,1971,F,Wendy,194
AU,1971,M,Aaron,198
AU,1971,M,Adam,667
AU,1971,M,Adrian,226
AU,1971,M,Alan,127
AU,1971,M,Alexander,119
AU,1971,M,Allan,97
AU,1971,M,Andrew,1575
AU,1971,M,Anthony,985
AU,1971,M,Ashley,76
AU,1971,M,Benjamin,305
AU,1971,M,Bradley,404
AU,1971,M,Brendan,188
AU,1971,M,Brett,598
AU,1971,M,Brian,213
AU,1971,M,Bruce,98
AU,1971,M,Cameron,157
AU,1971,M,Christian,81
AU,1971,M,Christopher,890
AU,1971,M,Colin,172
AU,1971,M,Craig,1022
AU,1971,M,Damian,111
AU,1971,M,Damien,177
AU,1971,M,Daniel,456
AU,1971,M,Darren,792
AU,1971,M,Darrin,85
AU,1971,M,Darryl,78
AU,1971,M,David,2009
AU,1971,M,Dean,362
AU,1971,M,Douglas,81
AU,1971,M,Edward,101
AU,1971,M,Garry,98
AU,1971,M,Gary,211
AU,1971,M,Gavin,226
AU,1971,M,Geoffrey,225
AU,1971,M,George,235
AU,1971,M,Glen,262
AU,1971,M,Glenn,308
AU,1971,M,Graeme,103
AU,1971,M,Graham,152
AU,1971,M,Grant,290
AU,1971,M,Gregory,542
AU,1971,M,Heath,87
AU,1971,M,Ian,330
AU,1971,M,James,613
AU,1971,M,Jamie,289
AU,1971,M,Jason,2147
AU,1971,M,Jeffrey,206
AU,1971,M,Jeremy,137
AU,1971,M,John,1027
AU,1971,M,Jonathan,129
AU,1971,M,Joseph,171
AU,1971,M,Joshua,113
AU,1971,M,Justin,323
AU,1971,M,Kenneth,119
AU,1971,M,Kevin,205
AU,1971,M,Lee,85
AU,1971,M,Luke,130
AU,1971,M,Malcolm,106
AU,1971,M,Marcus,90
AU,1971,M,Mark,1409
AU,1971,M,Martin,203
AU,1971,M,Mathew,162
AU,1971,M,Matthew,1293
AU,1971,M,Michael,1795
AU,1971,M,Micheal,87
AU,1971,M,Murray,86
AU,1971,M,Nathan,165
AU,1971,M,Neil,113
AU,1971,M,Nicholas,215
AU,1971,M,Nigel,116
AU,1971,M,Patrick,166
AU,1971,M,Paul,1375
AU,1971,M,Peter,1207
AU,1971,M,Philip,138
AU,1971,M,Phillip,247
AU,1971,M,Raymond,162
AU,1971,M,Richard,602
AU,1971,M,Robert,994
AU,1971,M,Rodney,373
AU,1971,M,Ronald,86
AU,1971,M,Ross,113
AU,1971,M,Russell,87
AU,1971,M,Scott,1048
AU,1971,M,Sean,277
AU,1971,M,Shane,818
AU,1971,M,Shaun,109
AU,1971,M,Simon,479
AU,1971,M,Stephen,708
AU,1971,M,Steven,663
AU,1971,M,Stuart,331
AU,1971,M,Terry,78
AU,1971,M,Thomas,132
AU,1971,M,Timothy,424
AU,1971,M,Todd,173
AU,1971,M,Tony,188
AU,1971,M,Trevor,123
AU,1971,M,Troy,420
AU,1971,M,Warren,159
AU,1971,M,Wayne,378
AU,1971,M,William,226
AU,1972,F,Alexandra,99
AU,1972,F,Alison,383
AU,1972,F,Allison,144
AU,1972,F,Amanda,544
AU,1972,F,Angela,356
AU,1972,F,Anna,156
AU,1972,F,Anne,125
AU,1972,F,Annette,125
AU,1972,F,Belinda,402
AU,1972,F,Bronwyn,116
AU,1972,F,Carolyn,121
AU,1972,F,Cassandra,110
AU,1972,F,Catherine,393
AU,1972,F,Cherie,95
AU,1972,F,Cheryl,101
AU,1972,F,Christine,289
AU,1972,F,Cindy,106
AU,1972,F,Danielle,300
AU,1972,F,Debbie,110
AU,1972,F,Deborah,298
AU,1972,F,Debra,112
AU,1972,F,Dianne,99
AU,1972,F,Donna,385
AU,1972,F,Elizabeth,404
AU,1972,F,Emma,136
AU,1972,F,Fiona,443
AU,1972,F,Heidi,108
AU,1972,F,Helen,219
AU,1972,F,Jacqueline,281
AU,1972,F,Jane,263
AU,1972,F,Janelle,132
AU,1972,F,Janine,136
AU,1972,F,Jennifer,558
AU,1972,F,Joanne,667
AU,1972,F,Jodi,103
AU,1972,F,Jodie,457
AU,1972,F,Jody,124
AU,1972,F,Julie,526
AU,1972,F,Justine,168
AU,1972,F,Karen,812
AU,1972,F,Katherine,231
AU,1972,F,Kathleen,133
AU,1972,F,Kathryn,219
AU,1972,F,Katrina,246
AU,1972,F,Kellie,205
AU,1972,F,Kelly,329
AU,1972,F,Kerrie,159
AU,1972,F,Kerry,122
AU,1972,F,Kim,493
AU,1972,F,Kylie,1025
AU,1972,F,Leah,95
AU,1972,F,Leanne,450
AU,1972,F,Leonie,103
AU,1972,F,Linda,323
AU,1972,F,Lisa,790
AU,1972,F,Louise,297
AU,1972,F,Margaret,102
AU,1972,F,Maria,313
AU,1972,F,Mary,131
AU,1972,F,Megan,261
AU,1972,F,Melanie,221
AU,1972,F,Melinda,280
AU,1972,F,Melissa,661
AU,1972,F,Michele,100
AU,1972,F,Michelle,1204
AU,1972,F,Naomi,106
AU,1972,F,Narelle,119
AU,1972,F,Natalie,362
AU,1972,F,Natasha,175
AU,1972,F,Nicole,978
AU,1972,F,Patricia,153
AU,1972,F,Paula,129
AU,1972,F,Penelope,96
AU,1972,F,Peta,106
AU,1972,F,Rachael,193
AU,1972,F,Rachel,380
AU,1972,F,Rebecca,654
AU,1972,F,Renee,136
AU,1972,F,Robyn,126
AU,1972,F,Sally,129
AU,1972,F,Samantha,381
AU,1972,F,Sandra,273
AU,1972,F,Sarah,293
AU,1972,F,Sharon,551
AU,1972,F,Simone,245
AU,1972,F,Sonia,208
AU,1972,F,Stephanie,132
AU,1972,F,Susan,310
AU,1972,F,Suzanne,203
AU,1972,F,Tammy,149
AU,1972,F,Tania,175
AU,1972,F,Tanya,297
AU,1972,F,Tina,181
AU,1972,F,Toni,110
AU,1972,F,Tracey,416
AU,1972,F,Tracy,285
AU,1972,F,Vanessa,369
AU,1972,F,Vicki,124
AU,1972,F,Victoria,131
AU,1972,F,Wendy,170
AU,1972,M,Aaron,260
AU,1972,M,Adam,864
AU,1972,M,Adrian,200
AU,1972,M,Alan,117
AU,1972,M,Alexander,133
AU,1972,M,Allan,113
AU,1972,M,Andrew,1353
AU,1972,M,Anthony,826
AU,1972,M,Ashley,92
AU,1972,M,Barry,73
AU,1972,M,Benjamin,311
AU,1972,M,Bradley,510
AU,1972,M,Brendan,162
AU,1972,M,Brett,579
AU,1972,M,Brian,174
AU,1972,M,Bruce,80
AU,1972,M,Cameron,161
AU,1972,M,Charles,78
AU,1972,M,Christian,114
AU,1972,M,Christopher,1058
AU,1972,M,Colin,151
AU,1972,M,Craig,855
AU,1972,M,Dale,91
AU,1972,M,Damian,128
AU,1972,M,Damien,180
AU,1972,M,Daniel,621
AU,1972,M,Darren,698
AU,1972,M,David,1846
AU,1972,M,Dean,289
AU,1972,M,Douglas,75
AU,1972,M,Edward,112
AU,1972,M,Garry,95
AU,1972,M,Gary,188
AU,1972,M,Gavin,227
AU,1972,M,Geoffrey,205
AU,1972,M,George,237
AU,1972,M,Glen,242
AU,1972,M,Glenn,311
AU,1972,M,Graeme,79
AU,1972,M,Graham,145
AU,1972,M,Grant,244
AU,1972,M,Gregory,517
AU,1972,M,Ian,278
AU,1972,M,James,597
AU,1972,M,Jamie,404
AU,1972,M,Jason,2304
AU,1972,M,Jeffrey,189
AU,1972,M,Jeremy,136
AU,1972,M,John,891
AU,1972,M,Jonathan,110
AU,1972,M,Joseph,172
AU,1972,M,Joshua,142
AU,1972,M,Justin,402
AU,1972,M,Kenneth,100
AU,1972,M,Kevin,194
AU,1972,M,Luke,172
AU,1972,M,Malcolm,88
AU,1972,M,Marcus,93
AU,1972,M,Mark,1164
AU,1972,M,Martin,213
AU,1972,M,Mathew,213
AU,1972,M,Matthew,1415
AU,1972,M,Michael,1679
AU,1972,M,Nathan,243
AU,1972,M,Neil,100
AU,1972,M,Nicholas,250
AU,1972,M,Nigel,134
AU,1972,M,Patrick,133
AU,1972,M,Paul,1283
AU,1972,M,Peter,1094
AU,1972,M,Philip,149
AU,1972,M,Phillip,260
AU,1972,M,Raymond,126
AU,1972,M,Richard,516
AU,1972,M,Robert,929
AU,1972,M,Rodney,307
AU,1972,M,Ronald,92
AU,1972,M,Ross,74
AU,1972,M,Russell,93
AU,1972,M,Samuel,82
AU,1972,M,Scott,955
AU,1972,M,Sean,255
AU,1972,M,Shane,805
AU,1972,M,Shaun,93
AU,1972,M,Shayne,82
AU,1972,M,Simon,485
AU,1972,M,Stephen,654
AU,1972,M,Steven,627
AU,1972,M,Stuart,291
AU,1972,M,Terry,90
AU,1972,M,Thomas,137
AU,1972,M,Timothy,385
AU,1972,M,Todd,169
AU,1972,M,Tony,157
AU,1972,M,Trent,90
AU,1972,M,Trevor,121
AU,1972,M,Troy,426
AU,1972,M,Warren,132
AU,1972,M,Wayne,315
AU,1972,M,William,253
AU,1973,F,Alison,324
AU,1973,F,Allison,119
AU,1973,F,Amanda,526
AU,1973,F,Angela,338
AU,1973,F,Anita,86
AU,1973,F,Anna,158
AU,1973,F,Anne,129
AU,1973,F,Annette,117
AU,1973,F,Belinda,581
AU,1973,F,Bronwyn,102
AU,1973,F,Caroline,94
AU,1973,F,Carolyn,93
AU,1973,F,Cassandra,97
AU,1973,F,Catherine,300
AU,1973,F,Cherie,81
AU,1973,F,Christine,209
AU,1973,F,Cindy,127
AU,1973,F,Danielle,319
AU,1973,F,Debbie,78
AU,1973,F,Deborah,282
AU,1973,F,Debra,79
AU,1973,F,Donna,325
AU,1973,F,Elizabeth,353
AU,1973,F,Emma,199
AU,1973,F,Fiona,381
AU,1973,F,Georgina,84
AU,1973,F,Heidi,138
AU,1973,F,Helen,190
AU,1973,F,Jacqueline,230
AU,1973,F,Jane,195
AU,1973,F,Janelle,98
AU,1973,F,Janine,92
AU,1973,F,Jennifer,468
AU,1973,F,Joanne,435
AU,1973,F,Jodi,100
AU,1973,F,Jodie,375
AU,1973,F,Julie,419
AU,1973,F,Justine,131
AU,1973,F,Karen,704
AU,1973,F,Kate,92
AU,1973,F,Katherine,215
AU,1973,F,Kathleen,104
AU,1973,F,Kathryn,207
AU,1973,F,Katrina,255
AU,1973,F,Kellie,217
AU,1973,F,Kelly,372
AU,1973,F,Kerrie,139
AU,1973,F,Kerry,128
AU,1973,F,Kim,372
AU,1973,F,Kirsty,90
AU,1973,F,Kylie,944
AU,1973,F,Leah,85
AU,1973,F,Leanne,344
AU,1973,F,Leonie,84
AU,1973,F,Linda,319
AU,1973,F,Lisa,712
AU,1973,F,Louise,274
AU,1973,F,Margaret,96
AU,1973,F,Maria,274
AU,1973,F,Mary,90
AU,1973,F,Megan,223
AU,1973,F,Melanie,307
AU,1973,F,Melinda,286
AU,1973,F,Melissa,778
AU,1973,F,Michelle,981
AU,1973,F,Naomi,121
AU,1973,F,Narelle,96
AU,1973,F,Natalie,383
AU,1973,F,Natasha,196
AU,1973,F,Nicole,898
AU,1973,F,Patricia,140
AU,1973,F,Paula,110
AU,1973,F,Penelope,86
AU,1973,F,Peta,92
AU,1973,F,Rachael,196
AU,1973,F,Rachel,389
AU,1973,F,Rebecca,700
AU,1973,F,Renee,140
AU,1973,F,Robyn,80
AU,1973,F,Sally,153
AU,1973,F,Samantha,374
AU,1973,F,Sandra,205
AU,1973,F,Sarah,330
AU,1973,F,Sharon,379
AU,1973,F,Simone,238
AU,1973,F,Sonia,168
AU,1973,F,Stephanie,105
AU,1973,F,Susan,266
AU,1973,F,Suzanne,181
AU,1973,F,Tammy,155
AU,1973,F,Tania,156
AU,1973,F,Tanya,263
AU,1973,F,Teresa,83
AU,1973,F,Tina,149
AU,1973,F,Tracey,319
AU,1973,F,Tracy,268
AU,1973,F,Vanessa,311
AU,1973,F,Vicki,109
AU,1973,F,Wendy,130
AU,1973,F,Yvette,85
AU,1973,M,Aaron,192
AU,1973,M,Adam,827
AU,1973,M,Adrian,224
AU,1973,M,Alan,79
AU,1973,M,Alexander,107
AU,1973,M,Allan,101
AU,1973,M,Andrew,1269
AU,1973,M,Anthony,716
AU,1973,M,Ashley,92
AU,1973,M,Barry,72
AU,1973,M,Benjamin,424
AU,1973,M,Bradley,502
AU,1973,M,Brendan,200
AU,1973,M,Brendon,82
AU,1973,M,Brett,530
AU,1973,M,Brian,169
AU,1973,M,Cameron,176
AU,1973,M,Charles,84
AU,1973,M,Christian,143
AU,1973,M,Christopher,956
AU,1973,M,Colin,132
AU,1973,M,Craig,752
AU,1973,M,Dale,73
AU,1973,M,Damian,113
AU,1973,M,Damien,213
AU,1973,M,Daniel,746
AU,1973,M,Danny,71
AU,1973,M,Darren,557
AU,1973,M,David,1590
AU,1973,M,Dean,260
AU,1973,M,Edward,87
AU,1973,M,Garry,92
AU,1973,M,Gary,160
AU,1973,M,Gavin,232
AU,1973,M,Geoffrey,163
AU,1973,M,George,210
AU,1973,M,Glen,207
AU,1973,M,Glenn,279
AU,1973,M,Graham,125
AU,1973,M,Grant,228
AU,1973,M,Gregory,461
AU,1973,M,Heath,84
AU,1973,M,Ian,228
AU,1973,M,James,611
AU,1973,M,Jamie,325
AU,1973,M,Jason,1680
AU,1973,M,Jeffrey,153
AU,1973,M,Jeremy,140
AU,1973,M,John,741
AU,1973,M,Jonathan,121
AU,1973,M,Joseph,158
AU,1973,M,Joshua,159
AU,1973,M,Julian,73
AU,1973,M,Justin,347
AU,1973,M,Kenneth,82
AU,1973,M,Kevin,151
AU,1973,M,Lee,84
AU,1973,M,Luke,189
AU,1973,M,Malcolm,78
AU,1973,M,Marcus,72
AU,1973,M,Mark,1104
AU,1973,M,Martin,182
AU,1973,M,Mathew,270
AU,1973,M,Matthew,1370
AU,1973,M,Michael,1555
AU,1973,M,Micheal,68
AU,1973,M,Nathan,320
AU,1973,M,Neil,93
AU,1973,M,Nicholas,251
AU,1973,M,Nigel,124
AU,1973,M,Patrick,137
AU,1973,M,Paul,1045
AU,1973,M,Peter,885
AU,1973,M,Philip,138
AU,1973,M,Phillip,212
AU,1973,M,Raymond,110
AU,1973,M,Richard,470
AU,1973,M,Robert,762
AU,1973,M,Rodney,309
AU,1973,M,Ross,77
AU,1973,M,Ryan,75
AU,1973,M,Scott,966
AU,1973,M,Sean,228
AU,1973,M,Shane,733
AU,1973,M,Shannon,129
AU,1973,M,Shaun,86
AU,1973,M,Simon,463
AU,1973,M,Stephen,551
AU,1973,M,Steven,508
AU,1973,M,Stuart,236
AU,1973,M,Thomas,127
AU,1973,M,Timothy,403
AU,1973,M,Todd,155
AU,1973,M,Tony,169
AU,1973,M,Trent,96
AU,1973,M,Trevor,110
AU,1973,M,Troy,411
AU,1973,M,Warren,128
AU,1973,M,Wayne,278
AU,1973,M,William,190
AU,1974,F,Alexandra,81
AU,1974,F,Alison,311
AU,1974,F,Allison,102
AU,1974,F,Amanda,572
AU,1974,F,Angela,383
AU,1974,F,Anna,159
AU,1974,F,Anne,120
AU,1974,F,Annette,79
AU,1974,F,Belinda,729
AU,1974,F,Bronwyn,117
AU,1974,F,Brooke,86
AU,1974,F,Caroline,100
AU,1974,F,Carolyn,100
AU,1974,F,Cassandra,172
AU,1974,F,Catherine,301
AU,1974,F,Cherie,90
AU,1974,F,Christine,236
AU,1974,F,Cindy,108
AU,1974,F,Danielle,270
AU,1974,F,Debbie,79
AU,1974,F,Deborah,207
AU,1974,F,Donna,265
AU,1974,F,Elizabeth,308
AU,1974,F,Emma,229
AU,1974,F,Fiona,356
AU,1974,F,Heidi,126
AU,1974,F,Helen,186
AU,1974,F,Jacqueline,229
AU,1974,F,Jane,218
AU,1974,F,Janelle,90
AU,1974,F,Janine,88
AU,1974,F,Jennifer,506
AU,1974,F,Joanne,422
AU,1974,F,Jodi,89
AU,1974,F,Jodie,330
AU,1974,F,Jody,109
AU,1974,F,Julie,351
AU,1974,F,Justine,83
AU,1974,F,Karen,549
AU,1974,F,Kate,125
AU,1974,F,Katherine,219
AU,1974,F,Kathleen,105
AU,1974,F,Kathryn,215
AU,1974,F,Katrina,241
AU,1974,F,Kellie,212
AU,1974,F,Kelly,345
AU,1974,F,Kerrie,119
AU,1974,F,Kerry,96
AU,1974,F,Kim,363
AU,1974,F,Kirsty,146
AU,1974,F,Kristy,136
AU,1974,F,Kylie,1013
AU,1974,F,Leah,95
AU,1974,F,Leanne,310
AU,1974,F,Linda,251
AU,1974,F,Lisa,639
AU,1974,F,Louise,246
AU,1974,F,Margaret,87
AU,1974,F,Maria,254
AU,1974,F,Mary,96
AU,1974,F,Megan,281
AU,1974,F,Melanie,319
AU,1974,F,Melinda,216
AU,1974,F,Melissa,757
AU,1974,F,Michelle,1057
AU,1974,F,Naomi,136
AU,1974,F,Narelle,92
AU,1974,F,Natalie,371
AU,1974,F,Natasha,221
AU,1974,F,Nicole,892
AU,1974,F,Patricia,114
AU,1974,F,Paula,91
AU,1974,F,Penelope,84
AU,1974,F,Peta,112
AU,1974,F,Rachael,231
AU,1974,F,Rachel,406
AU,1974,F,Rebecca,731
AU,1974,F,Renee,170
AU,1974,F,Robyn,96
AU,1974,F,Sally,189
AU,1974,F,Samantha,353
AU,1974,F,Sandra,187
AU,1974,F,Sarah,375
AU,1974,F,Shannon,106
AU,1974,F,Sharon,339
AU,1974,F,Simone,181
AU,1974,F,Sonia,140
AU,1974,F,Stephanie,120
AU,1974,F,Susan,277
AU,1974,F,Suzanne,150
AU,1974,F,Tammy,156
AU,1974,F,Tania,156
AU,1974,F,Tanya,243
AU,1974,F,Teresa,84
AU,1974,F,Tina,142
AU,1974,F,Tracey,307
AU,1974,F,Tracy,236
AU,1974,F,Vanessa,334
AU,1974,F,Vicki,97
AU,1974,F,Wendy,131
AU,1974,M,Aaron,244
AU,1974,M,Adam,853
AU,1974,M,Adrian,244
AU,1974,M,Alan,75
AU,1974,M,Alexander,130
AU,1974,M,Allan,89
AU,1974,M,Andrew,1182
AU,1974,M,Anthony,631
AU,1974,M,Ashley,80
AU,1974,M,Benjamin,568
AU,1974,M,Bradley,479
AU,1974,M,Brendan,184
AU,1974,M,Brendon,90
AU,1974,M,Brent,79
AU,1974,M,Brett,514
AU,1974,M,Brian,148
AU,1974,M,Cameron,148
AU,1974,M,Chad,79
AU,1974,M,Christian,146
AU,1974,M,Christopher,997
AU,1974,M,Colin,146
AU,1974,M,Craig,678
AU,1974,M,Dale,86
AU,1974,M,Damian,139
AU,1974,M,Damien,260
AU,1974,M,Daniel,998
AU,1974,M,Darren,544
AU,1974,M,David,1546
AU,1974,M,Dean,297
AU,1974,M,Edward,113
AU,1974,M,Garry,74
AU,1974,M,Gary,135
AU,1974,M,Gavin,221
AU,1974,M,Geoffrey,151
AU,1974,M,George,203
AU,1974,M,Glen,198
AU,1974,M,Glenn,253
AU,1974,M,Graham,99
AU,1974,M,Grant,216
AU,1974,M,Gregory,427
AU,1974,M,Ian,200
AU,1974,M,James,537
AU,1974,M,Jamie,256
AU,1974,M,Jason,1373
AU,1974,M,Jeffrey,171
AU,1974,M,Jeremy,152
AU,1974,M,John,666
AU,1974,M,Jonathan,115
AU,1974,M,Joseph,170
AU,1974,M,Joshua,161
AU,1974,M,Julian,75
AU,1974,M,Justin,398
AU,1974,M,Karl,71
AU,1974,M,Kenneth,72
AU,1974,M,Kevin,130
AU,1974,M,Lee,126
AU,1974,M,Luke,240
AU,1974,M,Malcolm,106
AU,1974,M,Mark,1074
AU,1974,M,Martin,177
AU,1974,M,Mathew,239
AU,1974,M,Matthew,1526
AU,1974,M,Michael,1564
AU,1974,M,Micheal,75
AU,1974,M,Nathan,467
AU,1974,M,Neil,83
AU,1974,M,Nicholas,313
AU,1974,M,Nigel,127
AU,1974,M,Patrick,129
AU,1974,M,Paul,1060
AU,1974,M,Peter,851
AU,1974,M,Philip,134
AU,1974,M,Phillip,226
AU,1974,M,Raymond,135
AU,1974,M,Richard,395
AU,1974,M,Robert,737
AU,1974,M,Rodney,240
AU,1974,M,Russell,80
AU,1974,M,Ryan,95
AU,1974,M,Samuel,103
AU,1974,M,Scott,906
AU,1974,M,Sean,223
AU,1974,M,Shane,596
AU,1974,M,Shannon,119
AU,1974,M,Shaun,79
AU,1974,M,Simon,472
AU,1974,M,Stephen,501
AU,1974,M,Steven,541
AU,1974,M,Stewart,75
AU,1974,M,Stuart,223
AU,1974,M,Thomas,119
AU,1974,M,Timothy,388
AU,1974,M,Todd,150
AU,1974,M,Tony,134
AU,1974,M,Trent,94
AU,1974,M,Trevor,104
AU,1974,M,Troy,396
AU,1974,M,Warren,100
AU,1974,M,Wayne,233
AU,1974,M,William,196
AU,1975,F,Alexandra,89
AU,1975,F,Alison,274
AU,1975,F,Allison,92
AU,1975,F,Amanda,499
AU,1975,F,Amy,104
AU,1975,F,Angela,367
AU,1975,F,Anita,81
AU,1975,F,Anna,145
AU,1975,F,Anne,109
AU,1975,F,Belinda,653
AU,1975,F,Bronwyn,95
AU,1975,F,Caroline,99
AU,1975,F,Cassandra,115
AU,1975,F,Catherine,289
AU,1975,F,Christine,203
AU,1975,F,Cindy,95
AU,1975,F,Danielle,275
AU,1975,F,Debbie,88
AU,1975,F,Deborah,184
AU,1975,F,Donna,224
AU,1975,F,Elizabeth,286
AU,1975,F,Emma,300
AU,1975,F,Felicity,79
AU,1975,F,Fiona,302
AU,1975,F,Georgina,80
AU,1975,F,Heidi,114
AU,1975,F,Helen,147
AU,1975,F,Jacqueline,193
AU,1975,F,Jane,183
AU,1975,F,Janine,87
AU,1975,F,Jennifer,416
AU,1975,F,Joanne,348
AU,1975,F,Jodi,76
AU,1975,F,Jodie,299
AU,1975,F,Julia,77
AU,1975,F,Julie,333
AU,1975,F,Justine,81
AU,1975,F,Karen,481
AU,1975,F,Kate,114
AU,1975,F,Katherine,194
AU,1975,F,Kathleen,101
AU,1975,F,Kathryn,179
AU,1975,F,Katrina,174
AU,1975,F,Kellie,206
AU,1975,F,Kelly,329
AU,1975,F,Kerrie,96
AU,1975,F,Kerry,94
AU,1975,F,Kim,287
AU,1975,F,Kirsty,137
AU,1975,F,Kristen,92
AU,1975,F,Kristy,153
AU,1975,F,Kylie,780
AU,1975,F,Leah,92
AU,1975,F,Leanne,326
AU,1975,F,Linda,213
AU,1975,F,Lisa,620
AU,1975,F,Louise,231
AU,1975,F,Maria,203
AU,1975,F,Mary,102
AU,1975,F,Megan,264
AU,1975,F,Melanie,293
AU,1975,F,Melinda,182
AU,1975,F,Melissa,752
AU,1975,F,Michelle,904
AU,1975,F,Monique,84
AU,1975,F,Naomi,141
AU,1975,F,Natalie,463
AU,1975,F,Natasha,190
AU,1975,F,Nicole,821
AU,1975,F,Patricia,103
AU,1975,F,Paula,105
AU,1975,F,Penelope,83
AU,1975,F,Peta,115
AU,1975,F,Rachael,160
AU,1975,F,Rachel,374
AU,1975,F,Rebecca,743
AU,1975,F,Renae,93
AU,1975,F,Renee,202
AU,1975,F,Sally,224
AU,1975,F,Samantha,355
AU,1975,F,Sandra,166
AU,1975,F,Sarah,454
AU,1975,F,Shannon,87
AU,1975,F,Sharon,290
AU,1975,F,Simone,207
AU,1975,F,Sonia,97
AU,1975,F,Stephanie,98
AU,1975,F,Susan,226
AU,1975,F,Suzanne,119
AU,1975,F,Tamara,96
AU,1975,F,Tammy,133
AU,1975,F,Tania,102
AU,1975,F,Tanya,251
AU,1975,F,Tina,115
AU,1975,F,Toni,90
AU,1975,F,Tracey,252
AU,1975,F,Tracy,278
AU,1975,F,Vanessa,334
AU,1975,F,Vicki,80
AU,1975,F,Wendy,119
AU,1975,M,Aaron,232
AU,1975,M,Adam,865
AU,1975,M,Adrian,183
AU,1975,M,Alan,86
AU,1975,M,Alexander,118
AU,1975,M,Allan,68
AU,1975,M,Andrew,1061
AU,1975,M,Anthony,589
AU,1975,M,Ashley,120
AU,1975,M,Benjamin,605
AU,1975,M,Brad,72
AU,1975,M,Bradley,482
AU,1975,M,Brendan,149
AU,1975,M,Brendon,68
AU,1975,M,Brett,430
AU,1975,M,Brian,134
AU,1975,M,Cameron,157
AU,1975,M,Chad,99
AU,1975,M,Christian,118
AU,1975,M,Christopher,900
AU,1975,M,Colin,117
AU,1975,M,Corey,75
AU,1975,M,Craig,541
AU,1975,M,Dale,72
AU,1975,M,Damian,130
AU,1975,M,Damien,243
AU,1975,M,Daniel,1101
AU,1975,M,Darren,431
AU,1975,M,David,1361
AU,1975,M,Dean,296
AU,1975,M,Douglas,69
AU,1975,M,Edward,80
AU,1975,M,Gary,99
AU,1975,M,Gavin,175
AU,1975,M,Geoffrey,149
AU,1975,M,George,174
AU,1975,M,Glen,161
AU,1975,M,Glenn,198
AU,1975,M,Graham,89
AU,1975,M,Grant,188
AU,1975,M,Gregory,356
AU,1975,M,Heath,68
AU,1975,M,Ian,182
AU,1975,M,James,505
AU,1975,M,Jamie,275
AU,1975,M,Jason,1079
AU,1975,M,Jay,64
AU,1975,M,Jeffrey,155
AU,1975,M,Jeremy,149
AU,1975,M,John,592
AU,1975,M,Jonathan,118
AU,1975,M,Joseph,159
AU,1975,M,Joshua,183
AU,1975,M,Justin,425
AU,1975,M,Kenneth,67
AU,1975,M,Kevin,120
AU,1975,M,Lee,139
AU,1975,M,Luke,229
AU,1975,M,Malcolm,75
AU,1975,M,Mark,909
AU,1975,M,Martin,164
AU,1975,M,Mathew,283
AU,1975,M,Matthew,1429
AU,1975,M,Michael,1504
AU,1975,M,Micheal,80
AU,1975,M,Nathan,442
AU,1975,M,Neil,80
AU,1975,M,Nicholas,240
AU,1975,M,Nigel,100
AU,1975,M,Patrick,122
AU,1975,M,Paul,946
AU,1975,M,Peter,792
AU,1975,M,Philip,111
AU,1975,M,Phillip,195
AU,1975,M,Raymond,97
AU,1975,M,Richard,335
AU,1975,M,Robert,656
AU,1975,M,Rodney,199
AU,1975,M,Russell,75
AU,1975,M,Ryan,127
AU,1975,M,Samuel,111
AU,1975,M,Scott,847
AU,1975,M,Sean,206
AU,1975,M,Shane,531
AU,1975,M,Shannon,131
AU,1975,M,Shaun,85
AU,1975,M,Simon,435
AU,1975,M,Stephen,499
AU,1975,M,Steven,537
AU,1975,M,Stuart,197
AU,1975,M,Thomas,108
AU,1975,M,Timothy,388
AU,1975,M,Todd,139
AU,1975,M,Tony,115
AU,1975,M,Trent,122
AU,1975,M,Trevor,76
AU,1975,M,Troy,407
AU,1975,M,Warren,80
AU,1975,M,Wayne,239
AU,1975,M,William,172
AU,1976,F,Alison,281
AU,1976,F,Allison,86
AU,1976,F,Amanda,633
AU,1976,F,Amber,79
AU,1976,F,Amy,176
AU,1976,F,Angela,396
AU,1976,F,Anita,79
AU,1976,F,Anna,161
AU,1976,F,Anne,90
AU,1976,F,Belinda,688
AU,1976,F,Bianca,78
AU,1976,F,Bronwyn,91
AU,1976,F,Brooke,98
AU,1976,F,Caroline,101
AU,1976,F,Carolyn,80
AU,1976,F,Cassandra,100
AU,1976,F,Catherine,229
AU,1976,F,Christine,197
AU,1976,F,Cindy,80
AU,1976,F,Claire,82
AU,1976,F,Danielle,285
AU,1976,F,Deborah,144
AU,1976,F,Donna,180
AU,1976,F,Elizabeth,309
AU,1976,F,Emma,351
AU,1976,F,Felicity,73
AU,1976,F,Fiona,301
AU,1976,F,Georgina,79
AU,1976,F,Heidi,105
AU,1976,F,Helen,150
AU,1976,F,Jacqueline,167
AU,1976,F,Jane,162
AU,1976,F,Janelle,89
AU,1976,F,Jennifer,405
AU,1976,F,Jessica,78
AU,1976,F,Joanna,76
AU,1976,F,Joanne,336
AU,1976,F,Jodie,299
AU,1976,F,Julie,274
AU,1976,F,Karen,446
AU,1976,F,Kate,141
AU,1976,F,Katherine,201
AU,1976,F,Kathleen,100
AU,1976,F,Kathryn,197
AU,1976,F,Katie,97
AU,1976,F,Katrina,201
AU,1976,F,Kellie,137
AU,1976,F,Kelly,311
AU,1976,F,Kerry,78
AU,1976,F,Kim,313
AU,1976,F,Kirsty,111
AU,1976,F,Kristy,254
AU,1976,F,Kylie,702
AU,1976,F,Laura,88
AU,1976,F,Leah,98
AU,1976,F,Leanne,267
AU,1976,F,Linda,201
AU,1976,F,Lisa,533
AU,1976,F,Louise,192
AU,1976,F,Maria,177
AU,1976,F,Mary,82
AU,1976,F,Megan,239
AU,1976,F,Melanie,341
AU,1976,F,Melinda,191
AU,1976,F,Melissa,772
AU,1976,F,Michelle,864
AU,1976,F,Monique,84
AU,1976,F,Naomi,117
AU,1976,F,Natalie,513
AU,1976,F,Natasha,164
AU,1976,F,Nicole,747
AU,1976,F,Patricia,93
AU,1976,F,Paula,78
AU,1976,F,Peta,104
AU,1976,F,Rachael,148
AU,1976,F,Rachel,329
AU,1976,F,Rebecca,904
AU,1976,F,Renae,87
AU,1976,F,Renee,302
AU,1976,F,Sally,211
AU,1976,F,Samantha,272
AU,1976,F,Sandra,135
AU,1976,F,Sara,89
AU,1976,F,Sarah,430
AU,1976,F,Shannon,111
AU,1976,F,Sharon,238
AU,1976,F,Simone,172
AU,1976,F,Sonia,92
AU,1976,F,Stephanie,88
AU,1976,F,Susan,214
AU,1976,F,Suzanne,127
AU,1976,F,Tamara,124
AU,1976,F,Tammy,141
AU,1976,F,Tania,93
AU,1976,F,Tanya,249
AU,1976,F,Tina,99
AU,1976,F,Tracey,229
AU,1976,F,Tracy,164
AU,1976,F,Vanessa,278
AU,1976,F,Wendy,112
AU,1976,M,Aaron,274
AU,1976,M,Adam,835
AU,1976,M,Adrian,196
AU,1976,M,Alan,86
AU,1976,M,Alexander,128
AU,1976,M,Andrew,1013
AU,1976,M,Anthony,560
AU,1976,M,Ashley,97
AU,1976,M,Ben,137
AU,1976,M,Benjamin,889
AU,1976,M,Brad,79
AU,1976,M,Bradley,514
AU,1976,M,Brendan,201
AU,1976,M,Brendon,74
AU,1976,M,Brent,76
AU,1976,M,Brett,447
AU,1976,M,Brian,115
AU,1976,M,Cameron,168
AU,1976,M,Chad,76
AU,1976,M,Christian,125
AU,1976,M,Christopher,821
AU,1976,M,Clinton,68
AU,1976,M,Colin,130
AU,1976,M,Corey,92
AU,1976,M,Craig,473
AU,1976,M,Dale,72
AU,1976,M,Damian,125
AU,1976,M,Damien,169
AU,1976,M,Daniel,1148
AU,1976,M,Darren,340
AU,1976,M,David,1280
AU,1976,M,Dean,249
AU,1976,M,Edward,72
AU,1976,M,Gary,103
AU,1976,M,Gavin,162
AU,1976,M,Geoffrey,112
AU,1976,M,George,183
AU,1976,M,Glen,178
AU,1976,M,Glenn,189
AU,1976,M,Graham,80
AU,1976,M,Grant,181
AU,1976,M,Gregory,320
AU,1976,M,Ian,179
AU,1976,M,James,479
AU,1976,M,Jamie,262
AU,1976,M,Jason,921
AU,1976,M,Jeffrey,131
AU,1976,M,Jeremy,146
AU,1976,M,Joel,69
AU,1976,M,John,526
AU,1976,M,Jonathan,108
AU,1976,M,Joseph,152
AU,1976,M,Joshua,215
AU,1976,M,Justin,346
AU,1976,M,Kenneth,69
AU,1976,M,Kevin,101
AU,1976,M,Lee,145
AU,1976,M,Luke,365
AU,1976,M,Malcolm,77
AU,1976,M,Mark,838
AU,1976,M,Martin,131
AU,1976,M,Mathew,295
AU,1976,M,Matthew,1279
AU,1976,M,Michael,1425
AU,1976,M,Micheal,73
AU,1976,M,Nathan,534
AU,1976,M,Neil,81
AU,1976,M,Nicholas,217
AU,1976,M,Nigel,107
AU,1976,M,Patrick,116
AU,1976,M,Paul,831
AU,1976,M,Peter,683
AU,1976,M,Philip,98
AU,1976,M,Phillip,195
AU,1976,M,Raymond,89
AU,1976,M,Richard,313
AU,1976,M,Robert,631
AU,1976,M,Rodney,210
AU,1976,M,Russell,77
AU,1976,M,Ryan,145
AU,1976,M,Samuel,121
AU,1976,M,Scott,719
AU,1976,M,Sean,150
AU,1976,M,Shane,470
AU,1976,M,Shannon,144
AU,1976,M,Shaun,90
AU,1976,M,Simon,415
AU,1976,M,Stephen,488
AU,1976,M,Steven,568
AU,1976,M,Stuart,187
AU,1976,M,Thomas,133
AU,1976,M,Timothy,456
AU,1976,M,Todd,147
AU,1976,M,Tony,119
AU,1976,M,Trent,207
AU,1976,M,Troy,365
AU,1976,M,Wade,71
AU,1976,M,Warren,93
AU,1976,M,Wayne,188
AU,1976,M,William,162
AU,1977,F,Alexandra,100
AU,1977,F,Alicia,95
AU,1977,F,Alison,316
AU,1977,F,Allison,102
AU,1977,F,Amanda,654
AU,1977,F,Amber,82
AU,1977,F,Amy,241
AU,1977,F,Angela,322
AU,1977,F,Anita,83
AU,1977,F,Anna,186
AU,1977,F,Belinda,582
AU,1977,F,Bianca,82
AU,1977,F,Bronwyn,89
AU,1977,F,Brooke,154
AU,1977,F,Caroline,108
AU,1977,F,Cassandra,132
AU,1977,F,Catherine,233
AU,1977,F,Christine,146
AU,1977,F,Claire,94
AU,1977,F,Danielle,245
AU,1977,F,Deborah,124
AU,1977,F,Donna,150
AU,1977,F,Elizabeth,310
AU,1977,F,Emily,95
AU,1977,F,Emma,322
AU,1977,F,Erin,82
AU,1977,F,Felicity,84
AU,1977,F,Fiona,233
AU,1977,F,Georgina,79
AU,1977,F,Heidi,120
AU,1977,F,Helen,131
AU,1977,F,Jacqueline,168
AU,1977,F,Jaime,82
AU,1977,F,Jane,158
AU,1977,F,Jennifer,374
AU,1977,F,Jessica,112
AU,1977,F,Joanne,306
AU,1977,F,Jodie,240
AU,1977,F,Julie,222
AU,1977,F,Justine,86
AU,1977,F,Karen,388
AU,1977,F,Kate,223
AU,1977,F,Katherine,227
AU,1977,F,Kathleen,91
AU,1977,F,Kathryn,186
AU,1977,F,Katie,135
AU,1977,F,Katrina,182
AU,1977,F,Kellie,173
AU,1977,F,Kelly,438
AU,1977,F,Kim,281
AU,1977,F,Kirsty,106
AU,1977,F,Kristie,107
AU,1977,F,Kristy,345
AU,1977,F,Kylie,597
AU,1977,F,Laura,113
AU,1977,F,Lauren,82
AU,1977,F,Leah,108
AU,1977,F,Leanne,234
AU,1977,F,Linda,183
AU,1977,F,Lisa,521
AU,1977,F,Louise,203
AU,1977,F,Maria,171
AU,1977,F,Mary,90
AU,1977,F,Megan,201
AU,1977,F,Melanie,354
AU,1977,F,Melinda,212
AU,1977,F,Melissa,742
AU,1977,F,Michelle,733
AU,1977,F,Monique,83
AU,1977,F,Naomi,137
AU,1977,F,Natalie,489
AU,1977,F,Natasha,162
AU,1977,F,Nicole,734
AU,1977,F,Peta,103
AU,1977,F,Rachael,149
AU,1977,F,Rachel,293
AU,1977,F,Rebecca,973
AU,1977,F,Renae,75
AU,1977,F,Renee,353
AU,1977,F,Sally,215
AU,1977,F,Samantha,273
AU,1977,F,Sandra,131
AU,1977,F,Sara,78
AU,1977,F,Sarah,586
AU,1977,F,Shannon,112
AU,1977,F,Sharon,182
AU,1977,F,Simone,145
AU,1977,F,Sonia,86
AU,1977,F,Stacey,115
AU,1977,F,Stephanie,78
AU,1977,F,Susan,155
AU,1977,F,Suzanne,98
AU,1977,F,Tamara,97
AU,1977,F,Tammy,142
AU,1977,F,Tanya,219
AU,1977,F,Tina,80
AU,1977,F,Tracey,163
AU,1977,F,Tracy,127
AU,1977,F,Vanessa,252
AU,1977,F,Wendy,113
AU,1977,M,Aaron,298
AU,1977,M,Adam,808
AU,1977,M,Adrian,230
AU,1977,M,Alan,85
AU,1977,M,Alexander,150
AU,1977,M,Allan,75
AU,1977,M,Andrew,1045
AU,1977,M,Anthony,500
AU,1977,M,Ashley,85
AU,1977,M,Ben,172
AU,1977,M,Benjamin,1056
AU,1977,M,Bradley,511
AU,1977,M,Brendan,176
AU,1977,M,Brendon,72
AU,1977,M,Brent,70
AU,1977,M,Brett,360
AU,1977,M,Brian,115
AU,1977,M,Cameron,143
AU,1977,M,Chad,89
AU,1977,M,Christian,114
AU,1977,M,Christopher,772
AU,1977,M,Clinton,72
AU,1977,M,Colin,109
AU,1977,M,Corey,96
AU,1977,M,Craig,507
AU,1977,M,Damian,103
AU,1977,M,Damien,189
AU,1977,M,Daniel,1195
AU,1977,M,Danny,80
AU,1977,M,Darren,273
AU,1977,M,David,1326
AU,1977,M,Dean,234
AU,1977,M,Edward,77
AU,1977,M,Gary,94
AU,1977,M,Gavin,157
AU,1977,M,Geoffrey,104
AU,1977,M,George,182
AU,1977,M,Glen,164
AU,1977,M,Glenn,177
AU,1977,M,Graham,72
AU,1977,M,Grant,199
AU,1977,M,Gregory,294
AU,1977,M,Ian,181
AU,1977,M,James,563
AU,1977,M,Jamie,218
AU,1977,M,Jason,762
AU,1977,M,Jeffrey,116
AU,1977,M,Jeremy,158
AU,1977,M,Joel,85
AU,1977,M,John,514
AU,1977,M,Jonathan,131
AU,1977,M,Joseph,172
AU,1977,M,Joshua,265
AU,1977,M,Justin,315
AU,1977,M,Kenneth,72
AU,1977,M,Kevin,110
AU,1977,M,Lee,101
AU,1977,M,Luke,408
AU,1977,M,Mark,832
AU,1977,M,Martin,125
AU,1977,M,Mathew,221
AU,1977,M,Matthew,1339
AU,1977,M,Michael,1377
AU,1977,M,Micheal,73
AU,1977,M,Nathan,645
AU,1977,M,Neil,109
AU,1977,M,Nicholas,226
AU,1977,M,Nigel,87
AU,1977,M,Patrick,117
AU,1977,M,Paul,743
AU,1977,M,Peter,677
AU,1977,M,Philip,120
AU,1977,M,Phillip,200
AU,1977,M,Raymond,88
AU,1977,M,Richard,246
AU,1977,M,Robert,600
AU,1977,M,Rodney,171
AU,1977,M,Ross,73
AU,1977,M,Russell,80
AU,1977,M,Ryan,185
AU,1977,M,Samuel,148
AU,1977,M,Scott,676
AU,1977,M,Sean,157
AU,1977,M,Shane,476
AU,1977,M,Shannon,188
AU,1977,M,Shaun,128
AU,1977,M,Simon,391
AU,1977,M,Stephen,439
AU,1977,M,Steven,512
AU,1977,M,Stuart,174
AU,1977,M,Thomas,136
AU,1977,M,Timothy,445
AU,1977,M,Todd,157
AU,1977,M,Tony,97
AU,1977,M,Trent,229
AU,1977,M,Trevor,98
AU,1977,M,Troy,338
AU,1977,M,Warren,74
AU,1977,M,Wayne,179
AU,1977,M,William,181
AU,1978,F,Alexandra,96
AU,1978,F,Alicia,86
AU,1978,F,Alison,309
AU,1978,F,Allison,94
AU,1978,F,Amanda,571
AU,1978,F,Amber,104
AU,1978,F,Amy,294
AU,1978,F,Angela,326
AU,1978,F,Anita,76
AU,1978,F,Anna,174
AU,1978,F,Belinda,593
AU,1978,F,Bianca,99
AU,1978,F,Brooke,144
AU,1978,F,Caroline,113
AU,1978,F,Cassandra,126
AU,1978,F,Catherine,194
AU,1978,F,Christina,78
AU,1978,F,Christine,170
AU,1978,F,Claire,104
AU,1978,F,Danielle,305
AU,1978,F,Deborah,118
AU,1978,F,Donna,158
AU,1978,F,Elizabeth,306
AU,1978,F,Emily,131
AU,1978,F,Emma,387
AU,1978,F,Erin,124
AU,1978,F,Felicity,85
AU,1978,F,Fiona,225
AU,1978,F,Georgina,79
AU,1978,F,Heidi,112
AU,1978,F,Helen,123
AU,1978,F,Jacqueline,151
AU,1978,F,Jade,79
AU,1978,F,Jane,133
AU,1978,F,Jennifer,401
AU,1978,F,Jessica,118
AU,1978,F,Joanne,296
AU,1978,F,Jodie,239
AU,1978,F,Julie,219
AU,1978,F,Karen,324
AU,1978,F,Kate,289
AU,1978,F,Katherine,238
AU,1978,F,Kathleen,92
AU,1978,F,Kathryn,189
AU,1978,F,Katie,149
AU,1978,F,Katrina,232
AU,1978,F,Kellie,176
AU,1978,F,Kelly,531
AU,1978,F,Kim,260
AU,1978,F,Kirsty,114
AU,1978,F,Kristie,98
AU,1978,F,Kristy,436
AU,1978,F,Kylie,539
AU,1978,F,Laura,99
AU,1978,F,Lauren,127
AU,1978,F,Leah,137
AU,1978,F,Leanne,199
AU,1978,F,Linda,185
AU,1978,F,Lisa,622
AU,1978,F,Louise,176
AU,1978,F,Maria,169
AU,1978,F,Mary,89
AU,1978,F,Megan,214
AU,1978,F,Melanie,370
AU,1978,F,Melinda,157
AU,1978,F,Melissa,675
AU,1978,F,Michelle,810
AU,1978,F,Naomi,154
AU,1978,F,Natalie,429
AU,1978,F,Natasha,156
AU,1978,F,Nicole,666
AU,1978,F,Olivia,126
AU,1978,F,Patricia,80
AU,1978,F,Peta,133
AU,1978,F,Rachael,149
AU,1978,F,Rachel,293
AU,1978,F,Rebecca,985
AU,1978,F,Renae,96
AU,1978,F,Renee,373
AU,1978,F,Sally,175
AU,1978,F,Samantha,272
AU,1978,F,Sandra,119
AU,1978,F,Sarah,602
AU,1978,F,Shannon,94
AU,1978,F,Sharon,173
AU,1978,F,Simone,129
AU,1978,F,Skye,76
AU,1978,F,Sonia,79
AU,1978,F,Stacey,133
AU,1978,F,Stephanie,88
AU,1978,F,Susan,146
AU,1978,F,Suzanne,83
AU,1978,F,Tamara,111
AU,1978,F,Tammy,130
AU,1978,F,Tanya,201
AU,1978,F,Tina,87
AU,1978,F,Tracey,176
AU,1978,F,Tracy,124
AU,1978,F,Vanessa,250
AU,1978,F,Wendy,94
AU,1978,M,Aaron,357
AU,1978,M,Adam,841
AU,1978,M,Adrian,209
AU,1978,M,Alan,82
AU,1978,M,Alexander,154
AU,1978,M,Allan,79
AU,1978,M,Andrew,1078
AU,1978,M,Anthony,490
AU,1978,M,Ashley,79
AU,1978,M,Ben,156
AU,1978,M,Benjamin,1015
AU,1978,M,Bradley,432
AU,1978,M,Brendan,200
AU,1978,M,Brendon,81
AU,1978,M,Brent,85
AU,1978,M,Brett,348
AU,1978,M,Brian,116
AU,1978,M,Cameron,148
AU,1978,M,Chad,104
AU,1978,M,Charles,88
AU,1978,M,Christian,97
AU,1978,M,Christopher,889
AU,1978,M,Clinton,87
AU,1978,M,Colin,98
AU,1978,M,Corey,81
AU,1978,M,Craig,453
AU,1978,M,Damian,108
AU,1978,M,Damien,175
AU,1978,M,Daniel,1154
AU,1978,M,Darren,201
AU,1978,M,David,1223
AU,1978,M,Dean,204
AU,1978,M,Edward,80
AU,1978,M,Gary,78
AU,1978,M,Gavin,142
AU,1978,M,Geoffrey,87
AU,1978,M,George,157
AU,1978,M,Glen,134
AU,1978,M,Glenn,146
AU,1978,M,Graham,78
AU,1978,M,Grant,173
AU,1978,M,Gregory,288
AU,1978,M,Ian,184
AU,1978,M,James,577
AU,1978,M,Jamie,202
AU,1978,M,Jason,638
AU,1978,M,Jay,87
AU,1978,M,Jeffrey,113
AU,1978,M,Jeremy,150
AU,1978,M,Joel,156
AU,1978,M,John,545
AU,1978,M,Jonathan,125
AU,1978,M,Joseph,202
AU,1978,M,Joshua,257
AU,1978,M,Justin,254
AU,1978,M,Kevin,95
AU,1978,M,Lee,124
AU,1978,M,Luke,520
AU,1978,M,Mark,888
AU,1978,M,Martin,135
AU,1978,M,Mathew,262
AU,1978,M,Matthew,1226
AU,1978,M,Michael,1347
AU,1978,M,Micheal,74
AU,1978,M,Nathan,664
AU,1978,M,Neil,89
AU,1978,M,Nicholas,302
AU,1978,M,Patrick,118
AU,1978,M,Paul,707
AU,1978,M,Peter,735
AU,1978,M,Philip,120
AU,1978,M,Phillip,161
AU,1978,M,Raymond,89
AU,1978,M,Richard,228
AU,1978,M,Robert,586
AU,1978,M,Rodney,157
AU,1978,M,Ross,73
AU,1978,M,Russell,76
AU,1978,M,Ryan,208
AU,1978,M,Samuel,172
AU,1978,M,Scott,684
AU,1978,M,Sean,143
AU,1978,M,Shane,522
AU,1978,M,Shannon,154
AU,1978,M,Shaun,191
AU,1978,M,Simon,337
AU,1978,M,Stephen,404
AU,1978,M,Steven,533
AU,1978,M,Stuart,171
AU,1978,M,Thomas,119
AU,1978,M,Timothy,488
AU,1978,M,Todd,144
AU,1978,M,Tony,99
AU,1978,M,Trent,216
AU,1978,M,Trevor,110
AU,1978,M,Troy,287
AU,1978,M,Wade,71
AU,1978,M,Wayne,166
AU,1978,M,Wesley,82
AU,1978,M,William,175
AU,1979,F,Alexandra,96
AU,1979,F,Alicia,125
AU,1979,F,Alison,336
AU,1979,F,Allison,82
AU,1979,F,Amanda,585
AU,1979,F,Amber,111
AU,1979,F,Amy,364
AU,1979,F,Angela,334
AU,1979,F,Anita,94
AU,1979,F,Anna,183
AU,1979,F,Belinda,519
AU,1979,F,Bianca,114
AU,1979,F,Bronwyn,81
AU,1979,F,Brooke,196
AU,1979,F,Carly,83
AU,1979,F,Caroline,119
AU,1979,F,Cassandra,109
AU,1979,F,Catherine,195
AU,1979,F,Christine,160
AU,1979,F,Claire,129
AU,1979,F,Clare,90
AU,1979,F,Danielle,354
AU,1979,F,Deborah,96
AU,1979,F,Donna,132
AU,1979,F,Elizabeth,278
AU,1979,F,Emily,111
AU,1979,F,Emma,400
AU,1979,F,Erin,153
AU,1979,F,Fiona,238
AU,1979,F,Hayley,112
AU,1979,F,Heidi,115
AU,1979,F,Helen,116
AU,1979,F,Jacqueline,146
AU,1979,F,Jade,125
AU,1979,F,Jane,157
AU,1979,F,Jennifer,361
AU,1979,F,Jessica,201
AU,1979,F,Joanne,257
AU,1979,F,Jodie,203
AU,1979,F,Julia,77
AU,1979,F,Julie,207
AU,1979,F,Karen,314
AU,1979,F,Kate,325
AU,1979,F,Katherine,228
AU,1979,F,Kathleen,97
AU,1979,F,Kathryn,170
AU,1979,F,Katie,182
AU,1979,F,Katrina,241
AU,1979,F,Kellie,178
AU,1979,F,Kelly,576
AU,1979,F,Kim,250
AU,1979,F,Kirsty,94
AU,1979,F,Kristie,95
AU,1979,F,Kristy,452
AU,1979,F,Kylie,525
AU,1979,F,Laura,114
AU,1979,F,Lauren,241
AU,1979,F,Leah,127
AU,1979,F,Leanne,184
AU,1979,F,Linda,173
AU,1979,F,Lisa,571
AU,1979,F,Louise,193
AU,1979,F,Maria,111
AU,1979,F,Mary,99
AU,1979,F,Megan,224
AU,1979,F,Melanie,308
AU,1979,F,Melinda,135
AU,1979,F,Melissa,701
AU,1979,F,Michelle,646
AU,1979,F,Naomi,156
AU,1979,F,Natalie,386
AU,1979,F,Natasha,147
AU,1979,F,Nicole,569
AU,1979,F,Olivia,97
AU,1979,F,Patricia,85
AU,1979,F,Peta,77
AU,1979,F,Rachael,128
AU,1979,F,Rachel,294
AU,1979,F,Rebecca,887
AU,1979,F,Renae,86
AU,1979,F,Renee,340
AU,1979,F,Sally,168
AU,1979,F,Samantha,265
AU,1979,F,Sandra,117
AU,1979,F,Sarah,658
AU,1979,F,Shannon,109
AU,1979,F,Sharon,117
AU,1979,F,Simone,113
AU,1979,F,Skye,73
AU,1979,F,Stacey,151
AU,1979,F,Stephanie,81
AU,1979,F,Susan,132
AU,1979,F,Tamara,78
AU,1979,F,Tammy,126
AU,1979,F,Tania,76
AU,1979,F,Tanya,167
AU,1979,F,Tina,80
AU,1979,F,Tracey,167
AU,1979,F,Tracy,77
AU,1979,F,Vanessa,251
AU,1979,M,Aaron,431
AU,1979,M,Adam,885
AU,1979,M,Adrian,186
AU,1979,M,Alan,82
AU,1979,M,Alexander,163
AU,1979,M,Andrew,1112
AU,1979,M,Anthony,511
AU,1979,M,Ashley,105
AU,1979,M,Ben,191
AU,1979,M,Benjamin,984
AU,1979,M,Bradley,378
AU,1979,M,Brendan,163
AU,1979,M,Brent,82
AU,1979,M,Brett,358
AU,1979,M,Brian,104
AU,1979,M,Cameron,134
AU,1979,M,Chad,103
AU,1979,M,Christian,75
AU,1979,M,Christopher,842
AU,1979,M,Clinton,101
AU,1979,M,Colin,88
AU,1979,M,Corey,77
AU,1979,M,Craig,403
AU,1979,M,Dale,88
AU,1979,M,Damian,105
AU,1979,M,Damien,259
AU,1979,M,Dane,85
AU,1979,M,Daniel,1226
AU,1979,M,Danny,74
AU,1979,M,Darren,172
AU,1979,M,David,1146
AU,1979,M,Dean,202
AU,1979,M,Edward,101
AU,1979,M,Gary,79
AU,1979,M,Gavin,145
AU,1979,M,Geoffrey,110
AU,1979,M,George,132
AU,1979,M,Glen,132
AU,1979,M,Glenn,151
AU,1979,M,Graham,69
AU,1979,M,Grant,160
AU,1979,M,Gregory,243
AU,1979,M,Ian,167
AU,1979,M,James,678
AU,1979,M,Jamie,191
AU,1979,M,Jason,601
AU,1979,M,Jay,95
AU,1979,M,Jeffrey,100
AU,1979,M,Jeremy,140
AU,1979,M,Joel,208
AU,1979,M,John,526
AU,1979,M,Jonathan,153
AU,1979,M,Joseph,185
AU,1979,M,Joshua,281
AU,1979,M,Justin,282
AU,1979,M,Kevin,95
AU,1979,M,Kurt,81
AU,1979,M,Lee,144
AU,1979,M,Luke,632
AU,1979,M,Mark,817
AU,1979,M,Martin,137
AU,1979,M,Mathew,256
AU,1979,M,Matthew,1158
AU,1979,M,Michael,1373
AU,1979,M,Mitchell,82
AU,1979,M,Nathan,734
AU,1979,M,Neil,80
AU,1979,M,Nicholas,372
AU,1979,M,Nigel,70
AU,1979,M,Patrick,137
AU,1979,M,Paul,655
AU,1979,M,Peter,755
AU,1979,M,Philip,104
AU,1979,M,Phillip,221
AU,1979,M,Raymond,86
AU,1979,M,Richard,220
AU,1979,M,Robert,565
AU,1979,M,Rodney,126
AU,1979,M,Ross,103
AU,1979,M,Ryan,283
AU,1979,M,Samuel,149
AU,1979,M,Scott,585
AU,1979,M,Sean,152
AU,1979,M,Shane,461
AU,1979,M,Shannon,133
AU,1979,M,Shaun,146
AU,1979,M,Simon,326
AU,1979,M,Stephen,350
AU,1979,M,Steven,439
AU,1979,M,Stuart,141
AU,1979,M,Thomas,159
AU,1979,M,Timothy,626
AU,1979,M,Todd,135
AU,1979,M,Tony,118
AU,1979,M,Trent,206
AU,1979,M,Trevor,89
AU,1979,M,Troy,293
AU,1979,M,Wade,75
AU,1979,M,Wayne,170
AU,1979,M,William,184
AU,1980,F,Alana,80
AU,1980,F,Alexandra,148
AU,1980,F,Alicia,138
AU,1980,F,Alison,321
AU,1980,F,Allison,87
AU,1980,F,Amanda,722
AU,1980,F,Amber,135
AU,1980,F,Amy,455
AU,1980,F,Angela,317
AU,1980,F,Anna,198
AU,1980,F,Belinda,453
AU,1980,F,Bianca,103
AU,1980,F,Bronwyn,74
AU,1980,F,Brooke,226
AU,1980,F,Carly,85
AU,1980,F,Caroline,82
AU,1980,F,Cassandra,106
AU,1980,F,Catherine,232
AU,1980,F,Christine,135
AU,1980,F,Claire,109
AU,1980,F,Clare,89
AU,1980,F,Danielle,321
AU,1980,F,Deborah,87
AU,1980,F,Donna,127
AU,1980,F,Elizabeth,332
AU,1980,F,Emily,130
AU,1980,F,Emma,426
AU,1980,F,Erin,187
AU,1980,F,Fiona,214
AU,1980,F,Hayley,112
AU,1980,F,Heidi,113
AU,1980,F,Helen,105
AU,1980,F,Jacqueline,135
AU,1980,F,Jade,120
AU,1980,F,Jane,133
AU,1980,F,Jennifer,336
AU,1980,F,Jessica,222
AU,1980,F,Joanne,250
AU,1980,F,Jodi,76
AU,1980,F,Jodie,208
AU,1980,F,Julia,76
AU,1980,F,Julie,163
AU,1980,F,Karen,231
AU,1980,F,Kate,368
AU,1980,F,Katherine,249
AU,1980,F,Kathleen,85
AU,1980,F,Kathryn,188
AU,1980,F,Katie,188
AU,1980,F,Katrina,234
AU,1980,F,Kellie,128
AU,1980,F,Kelly,510
AU,1980,F,Kim,184
AU,1980,F,Kirsty,90
AU,1980,F,Kristen,93
AU,1980,F,Kristie,99
AU,1980,F,Kristy,526
AU,1980,F,Kylie,510
AU,1980,F,Laura,133
AU,1980,F,Lauren,288
AU,1980,F,Leah,112
AU,1980,F,Leanne,167
AU,1980,F,Linda,146
AU,1980,F,Lisa,572
AU,1980,F,Louise,195
AU,1980,F,Maria,110
AU,1980,F,Mary,81
AU,1980,F,Megan,197
AU,1980,F,Melanie,263
AU,1980,F,Melinda,131
AU,1980,F,Melissa,628
AU,1980,F,Michelle,653
AU,1980,F,Naomi,165
AU,1980,F,Natalie,400
AU,1980,F,Natasha,185
AU,1980,F,Nicole,627
AU,1980,F,Olivia,80
AU,1980,F,Peta,86
AU,1980,F,Rachael,150
AU,1980,F,Rachel,303
AU,1980,F,Rebecca,1002
AU,1980,F,Renee,337
AU,1980,F,Sally,190
AU,1980,F,Samantha,252
AU,1980,F,Sara,91
AU,1980,F,Sarah,647
AU,1980,F,Shannon,135
AU,1980,F,Sharon,102
AU,1980,F,Simone,99
AU,1980,F,Skye,86
AU,1980,F,Stacey,181
AU,1980,F,Stephanie,85
AU,1980,F,Susan,124
AU,1980,F,Suzanne,105
AU,1980,F,Tamara,92
AU,1980,F,Tammy,104
AU,1980,F,Tania,85
AU,1980,F,Tanya,189
AU,1980,F,Tracey,146
AU,1980,F,Vanessa,236
AU,1980,F,Victoria,85
AU,1980,M,Aaron,423
AU,1980,M,Adam,957
AU,1980,M,Adrian,194
AU,1980,M,Alan,79
AU,1980,M,Alexander,199
AU,1980,M,Allan,81
AU,1980,M,Andrew,1137
AU,1980,M,Anthony,536
AU,1980,M,Ashley,112
AU,1980,M,Ben,182
AU,1980,M,Benjamin,985
AU,1980,M,Bradley,377
AU,1980,M,Brendan,159
AU,1980,M,Brett,311
AU,1980,M,Brian,104
AU,1980,M,Cameron,175
AU,1980,M,Chad,107
AU,1980,M,Christian,98
AU,1980,M,Christopher,918
AU,1980,M,Clint,79
AU,1980,M,Clinton,100
AU,1980,M,Colin,78
AU,1980,M,Craig,398
AU,1980,M,Dale,82
AU,1980,M,Damian,95
AU,1980,M,Damien,195
AU,1980,M,Dane,93
AU,1980,M,Daniel,1282
AU,1980,M,Darren,146
AU,1980,M,David,1189
AU,1980,M,Dean,229
AU,1980,M,Douglas,66
AU,1980,M,Edward,85
AU,1980,M,Gary,71
AU,1980,M,Gavin,139
AU,1980,M,Geoffrey,92
AU,1980,M,George,119
AU,1980,M,Glen,133
AU,1980,M,Glenn,130
AU,1980,M,Grant,161
AU,1980,M,Gregory,252
AU,1980,M,Ian,170
AU,1980,M,James,743
AU,1980,M,Jamie,194
AU,1980,M,Jason,634
AU,1980,M,Jay,108
AU,1980,M,Jeffrey,97
AU,1980,M,Jeremy,122
AU,1980,M,Joel,236
AU,1980,M,John,521
AU,1980,M,Jonathan,197
AU,1980,M,Joseph,192
AU,1980,M,Joshua,350
AU,1980,M,Justin,372
AU,1980,M,Kevin,98
AU,1980,M,Kurt,101
AU,1980,M,Lee,149
AU,1980,M,Lucas,110
AU,1980,M,Luke,786
AU,1980,M,Marc,76
AU,1980,M,Mark,779
AU,1980,M,Martin,102
AU,1980,M,Mathew,258
AU,1980,M,Matthew,1137
AU,1980,M,Michael,1383
AU,1980,M,Mitchell,84
AU,1980,M,Nathan,751
AU,1980,M,Neil,73
AU,1980,M,Nicholas,451
AU,1980,M,Patrick,151
AU,1980,M,Paul,655
AU,1980,M,Peter,757
AU,1980,M,Philip,87
AU,1980,M,Phillip,206
AU,1980,M,Raymond,87
AU,1980,M,Richard,202
AU,1980,M,Robert,570
AU,1980,M,Rodney,106
AU,1980,M,Ross,70
AU,1980,M,Russell,87
AU,1980,M,Ryan,331
AU,1980,M,Samuel,140
AU,1980,M,Scott,613
AU,1980,M,Sean,111
AU,1980,M,Shane,382
AU,1980,M,Shannon,112
AU,1980,M,Shaun,142
AU,1980,M,Simon,348
AU,1980,M,Stephen,392
AU,1980,M,Steven,460
AU,1980,M,Stuart,132
AU,1980,M,Thomas,194
AU,1980,M,Timothy,697
AU,1980,M,Todd,137
AU,1980,M,Tony,96
AU,1980,M,Trent,178
AU,1980,M,Trevor,88
AU,1980,M,Troy,263
AU,1980,M,Wayne,156
AU,1980,M,William,173
AU,1981,F,Alana,115
AU,1981,F,Alexandra,115
AU,1981,F,Alicia,157
AU,1981,F,Alison,275
AU,1981,F,Amanda,789
AU,1981,F,Amber,138
AU,1981,F,Amy,480
AU,1981,F,Angela,261
AU,1981,F,Anita,92
AU,1981,F,Anna,215
AU,1981,F,Belinda,468
AU,1981,F,Bianca,117
AU,1981,F,Brooke,274
AU,1981,F,Candice,95
AU,1981,F,Carly,139
AU,1981,F,Caroline,94
AU,1981,F,Cassandra,153
AU,1981,F,Catherine,247
AU,1981,F,Christine,168
AU,1981,F,Claire,126
AU,1981,F,Clare,96
AU,1981,F,Danielle,276
AU,1981,F,Diana,101
AU,1981,F,Donna,97
AU,1981,F,Elizabeth,356
AU,1981,F,Emily,172
AU,1981,F,Emma,463
AU,1981,F,Erin,348
AU,1981,F,Fiona,178
AU,1981,F,Hayley,159
AU,1981,F,Heidi,101
AU,1981,F,Helen,87
AU,1981,F,Jacqueline,167
AU,1981,F,Jade,138
AU,1981,F,Jane,113
AU,1981,F,Jennifer,335
AU,1981,F,Jessica,330
AU,1981,F,Joanne,185
AU,1981,F,Jodie,188
AU,1981,F,Julia,81
AU,1981,F,Julie,138
AU,1981,F,Karen,246
AU,1981,F,Kate,435
AU,1981,F,Katherine,241
AU,1981,F,Kathleen,85
AU,1981,F,Kathryn,205
AU,1981,F,Katie,241
AU,1981,F,Katrina,281
AU,1981,F,Kellie,107
AU,1981,F,Kelly,445
AU,1981,F,Kim,187
AU,1981,F,Kirsty,79
AU,1981,F,Kristen,115
AU,1981,F,Kristie,102
AU,1981,F,Kristy,524
AU,1981,F,Kylie,464
AU,1981,F,Laura,221
AU,1981,F,Lauren,399
AU,1981,F,Leah,147
AU,1981,F,Leanne,172
AU,1981,F,Linda,156
AU,1981,F,Lisa,580
AU,1981,F,Louise,198
AU,1981,F,Maria,108
AU,1981,F,Mary,77
AU,1981,F,Megan,249
AU,1981,F,Melanie,282
AU,1981,F,Melinda,134
AU,1981,F,Melissa,727
AU,1981,F,Michelle,590
AU,1981,F,Naomi,143
AU,1981,F,Natalie,411
AU,1981,F,Natasha,198
AU,1981,F,Nicole,625
AU,1981,F,Olivia,90
AU,1981,F,Rachael,135
AU,1981,F,Rachel,265
AU,1981,F,Rebecca,1068
AU,1981,F,Renee,332
AU,1981,F,Sally,175
AU,1981,F,Samantha,262
AU,1981,F,Sandra,88
AU,1981,F,Sara,115
AU,1981,F,Sarah,879
AU,1981,F,Shannon,116
AU,1981,F,Sharon,92
AU,1981,F,Simone,92
AU,1981,F,Skye,87
AU,1981,F,Stacey,154
AU,1981,F,Stephanie,89
AU,1981,F,Susan,104
AU,1981,F,Tamara,95
AU,1981,F,Tammy,98
AU,1981,F,Tania,83
AU,1981,F,Tanya,207
AU,1981,F,Tracey,147
AU,1981,F,Tracy,79
AU,1981,F,Vanessa,176
AU,1981,F,Victoria,83
AU,1981,F,Zoe,89
AU,1981,M,Aaron,415
AU,1981,M,Adam,1001
AU,1981,M,Adrian,181
AU,1981,M,Alan,80
AU,1981,M,Alexander,196
AU,1981,M,Andrew,1135
AU,1981,M,Anthony,468
AU,1981,M,Ashley,129
AU,1981,M,Ben,198
AU,1981,M,Benjamin,1082
AU,1981,M,Brad,74
AU,1981,M,Bradley,382
AU,1981,M,Brendan,200
AU,1981,M,Brent,93
AU,1981,M,Brett,258
AU,1981,M,Brian,106
AU,1981,M,Cameron,154
AU,1981,M,Chad,106
AU,1981,M,Christopher,1005
AU,1981,M,Clint,89
AU,1981,M,Clinton,90
AU,1981,M,Colin,89
AU,1981,M,Craig,344
AU,1981,M,Dale,93
AU,1981,M,Damian,76
AU,1981,M,Damien,189
AU,1981,M,Dane,114
AU,1981,M,Daniel,1395
AU,1981,M,Darren,164
AU,1981,M,David,1220
AU,1981,M,Dean,220
AU,1981,M,Douglas,80
AU,1981,M,Edward,79
AU,1981,M,Gavin,147
AU,1981,M,Geoffrey,94
AU,1981,M,George,138
AU,1981,M,Glen,130
AU,1981,M,Glenn,114
AU,1981,M,Grant,183
AU,1981,M,Gregory,227
AU,1981,M,Ian,183
AU,1981,M,James,769
AU,1981,M,Jamie,178
AU,1981,M,Jason,590
AU,1981,M,Jay,119
AU,1981,M,Jeffrey,99
AU,1981,M,Jeremy,165
AU,1981,M,Joel,236
AU,1981,M,John,564
AU,1981,M,Jonathan,196
AU,1981,M,Jonathon,84
AU,1981,M,Joseph,188
AU,1981,M,Joshua,440
AU,1981,M,Justin,324
AU,1981,M,Kevin,93
AU,1981,M,Lee,137
AU,1981,M,Leigh,77
AU,1981,M,Lucas,102
AU,1981,M,Luke,1032
AU,1981,M,Marc,76
AU,1981,M,Mark,779
AU,1981,M,Martin,129
AU,1981,M,Mathew,301
AU,1981,M,Matthew,1218
AU,1981,M,Michael,1396
AU,1981,M,Micheal,81
AU,1981,M,Mitchell,163
AU,1981,M,Nathan,855
AU,1981,M,Neil,84
AU,1981,M,Nicholas,502
AU,1981,M,Patrick,165
AU,1981,M,Paul,626
AU,1981,M,Peter,780
AU,1981,M,Philip,95
AU,1981,M,Phillip,176
AU,1981,M,Raymond,81
AU,1981,M,Richard,232
AU,1981,M,Robert,620
AU,1981,M,Rodney,124
AU,1981,M,Russell,85
AU,1981,M,Ryan,384
AU,1981,M,Samuel,184
AU,1981,M,Scott,611
AU,1981,M,Sean,174
AU,1981,M,Shane,368
AU,1981,M,Shannon,111
AU,1981,M,Shaun,221
AU,1981,M,Simon,341
AU,1981,M,Stephen,391
AU,1981,M,Steven,493
AU,1981,M,Stuart,129
AU,1981,M,Thomas,175
AU,1981,M,Timothy,652
AU,1981,M,Todd,134
AU,1981,M,Tony,104
AU,1981,M,Trent,170
AU,1981,M,Trevor,75
AU,1981,M,Troy,228
AU,1981,M,Wayne,147
AU,1981,M,William,196
AU,1982,F,Alana,110
AU,1982,F,Alexandra,132
AU,1982,F,Alicia,172
AU,1982,F,Alison,286
AU,1982,F,Amanda,641
AU,1982,F,Amber,121
AU,1982,F,Amy,516
AU,1982,F,Angela,336
AU,1982,F,Anita,82
AU,1982,F,Anna,192
AU,1982,F,Belinda,407
AU,1982,F,Bianca,105
AU,1982,F,Brooke,231
AU,1982,F,Candice,112
AU,1982,F,Carly,146
AU,1982,F,Casey,112
AU,1982,F,Cassandra,183
AU,1982,F,Catherine,215
AU,1982,F,Christina,81
AU,1982,F,Christine,140
AU,1982,F,Claire,149
AU,1982,F,Clare,84
AU,1982,F,Crystal,112
AU,1982,F,Danielle,266
AU,1982,F,Diana,86
AU,1982,F,Donna,103
AU,1982,F,Elizabeth,359
AU,1982,F,Emily,185
AU,1982,F,Emma,474
AU,1982,F,Erin,364
AU,1982,F,Fiona,161
AU,1982,F,Hayley,252
AU,1982,F,Heidi,85
AU,1982,F,Helen,95
AU,1982,F,Jacqueline,170
AU,1982,F,Jade,154
AU,1982,F,Jane,105
AU,1982,F,Jasmine,92
AU,1982,F,Jennifer,366
AU,1982,F,Jessica,535
AU,1982,F,Joanna,82
AU,1982,F,Joanne,180
AU,1982,F,Jodie,191
AU,1982,F,Julia,89
AU,1982,F,Julie,128
AU,1982,F,Karen,185
AU,1982,F,Kate,424
AU,1982,F,Katherine,272
AU,1982,F,Kathleen,91
AU,1982,F,Kathryn,175
AU,1982,F,Katie,233
AU,1982,F,Katrina,245
AU,1982,F,Kellie,130
AU,1982,F,Kelly,416
AU,1982,F,Kim,140
AU,1982,F,Kimberley,122
AU,1982,F,Kristen,122
AU,1982,F,Kristie,83
AU,1982,F,Kristy,446
AU,1982,F,Kylie,429
AU,1982,F,Laura,207
AU,1982,F,Lauren,432
AU,1982,F,Leah,152
AU,1982,F,Leanne,155
AU,1982,F,Linda,117
AU,1982,F,Lisa,469
AU,1982,F,Louise,213
AU,1982,F,Maria,115
AU,1982,F,Megan,230
AU,1982,F,Melanie,262
AU,1982,F,Melinda,110
AU,1982,F,Melissa,759
AU,1982,F,Michelle,554
AU,1982,F,Naomi,157
AU,1982,F,Natalie,468
AU,1982,F,Natasha,170
AU,1982,F,Nicole,635
AU,1982,F,Patricia,89
AU,1982,F,Peta,85
AU,1982,F,Rachael,135
AU,1982,F,Rachel,245
AU,1982,F,Rebecca,1005
AU,1982,F,Renee,254
AU,1982,F,Sally,154
AU,1982,F,Samantha,274
AU,1982,F,Sara,113
AU,1982,F,Sarah,911
AU,1982,F,Shannon,100
AU,1982,F,Sharon,91
AU,1982,F,Simone,101
AU,1982,F,Stacey,155
AU,1982,F,Stephanie,123
AU,1982,F,Susan,115
AU,1982,F,Suzanne,81
AU,1982,F,Tamara,94
AU,1982,F,Tanya,142
AU,1982,F,Tracey,96
AU,1982,F,Vanessa,194
AU,1982,F,Victoria,96
AU,1982,F,Zoe,88
AU,1982,M,Aaron,416
AU,1982,M,Adam,1012
AU,1982,M,Adrian,208
AU,1982,M,Alan,77
AU,1982,M,Alexander,242
AU,1982,M,Allan,86
AU,1982,M,Andrew,1080
AU,1982,M,Anthony,421
AU,1982,M,Ashley,119
AU,1982,M,Ben,161
AU,1982,M,Benjamin,948
AU,1982,M,Blake,91
AU,1982,M,Bradley,360
AU,1982,M,Brendan,267
AU,1982,M,Brendon,101
AU,1982,M,Brett,255
AU,1982,M,Brian,88
AU,1982,M,Cameron,171
AU,1982,M,Chad,82
AU,1982,M,Christopher,1195
AU,1982,M,Clint,87
AU,1982,M,Clinton,94
AU,1982,M,Colin,94
AU,1982,M,Corey,81
AU,1982,M,Craig,302
AU,1982,M,Dale,95
AU,1982,M,Damien,142
AU,1982,M,Dane,81
AU,1982,M,Daniel,1226
AU,1982,M,Darren,112
AU,1982,M,David,1160
AU,1982,M,Dean,206
AU,1982,M,Edward,97
AU,1982,M,Gavin,104
AU,1982,M,Geoffrey,104
AU,1982,M,George,131
AU,1982,M,Glen,103
AU,1982,M,Glenn,131
AU,1982,M,Grant,226
AU,1982,M,Gregory,196
AU,1982,M,Ian,144
AU,1982,M,Jacob,96
AU,1982,M,James,873
AU,1982,M,Jamie,163
AU,1982,M,Jason,541
AU,1982,M,Jay,109
AU,1982,M,Jeffrey,93
AU,1982,M,Jeremy,170
AU,1982,M,Joel,260
AU,1982,M,John,551
AU,1982,M,Jonathan,214
AU,1982,M,Jonathon,88
AU,1982,M,Joseph,215
AU,1982,M,Joshua,632
AU,1982,M,Justin,282
AU,1982,M,Kevin,91
AU,1982,M,Lachlan,81
AU,1982,M,Lee,130
AU,1982,M,Lucas,99
AU,1982,M,Luke,869
AU,1982,M,Mark,689
AU,1982,M,Martin,126
AU,1982,M,Mathew,315
AU,1982,M,Matthew,1377
AU,1982,M,Michael,1358
AU,1982,M,Mitchell,271
AU,1982,M,Nathan,760
AU,1982,M,Nicholas,581
AU,1982,M,Patrick,147
AU,1982,M,Paul,595
AU,1982,M,Peter,708
AU,1982,M,Philip,84
AU,1982,M,Phillip,195
AU,1982,M,Raymond,77
AU,1982,M,Richard,220
AU,1982,M,Robert,634
AU,1982,M,Rodney,86
AU,1982,M,Ross,84
AU,1982,M,Russell,80
AU,1982,M,Ryan,449
AU,1982,M,Samuel,179
AU,1982,M,Scott,601
AU,1982,M,Sean,160
AU,1982,M,Shane,376
AU,1982,M,Shannon,120
AU,1982,M,Shaun,206
AU,1982,M,Simon,387
AU,1982,M,Stephen,383
AU,1982,M,Steven,505
AU,1982,M,Stuart,139
AU,1982,M,Thomas,228
AU,1982,M,Timothy,727
AU,1982,M,Todd,109
AU,1982,M,Tony,86
AU,1982,M,Trent,142
AU,1982,M,Trevor,80
AU,1982,M,Tristan,81
AU,1982,M,Troy,173
AU,1982,M,Wayne,147
AU,1982,M,William,219
AU,1983,F,Aimee,83
AU,1983,F,Alana,117
AU,1983,F,Alexandra,145
AU,1983,F,Alicia,221
AU,1983,F,Alison,249
AU,1983,F,Amanda,683
AU,1983,F,Amber,122
AU,1983,F,Amy,552
AU,1983,F,Angela,325
AU,1983,F,Anita,88
AU,1983,F,Anna,191
AU,1983,F,Belinda,382
AU,1983,F,Bianca,123
AU,1983,F,Brooke,204
AU,1983,F,Candice,99
AU,1983,F,Carla,80
AU,1983,F,Carly,151
AU,1983,F,Casey,118
AU,1983,F,Cassandra,210
AU,1983,F,Catherine,192
AU,1983,F,Chantelle,81
AU,1983,F,Christine,103
AU,1983,F,Claire,125
AU,1983,F,Clare,103
AU,1983,F,Crystal,132
AU,1983,F,Danielle,265
AU,1983,F,Diana,77
AU,1983,F,Elizabeth,354
AU,1983,F,Emily,225
AU,1983,F,Emma,486
AU,1983,F,Erin,455
AU,1983,F,Fiona,110
AU,1983,F,Hannah,77
AU,1983,F,Hayley,235
AU,1983,F,Heather,82
AU,1983,F,Heidi,81
AU,1983,F,Holly,115
AU,1983,F,Jacqueline,161
AU,1983,F,Jade,170
AU,1983,F,Jane,93
AU,1983,F,Jennifer,347
AU,1983,F,Jessica,846
AU,1983,F,Joanne,158
AU,1983,F,Jodie,168
AU,1983,F,Julia,97
AU,1983,F,Julie,113
AU,1983,F,Karen,149
AU,1983,F,Kate,408
AU,1983,F,Katherine,235
AU,1983,F,Kathryn,158
AU,1983,F,Katie,230
AU,1983,F,Katrina,195
AU,1983,F,Kellie,98
AU,1983,F,Kelly,313
AU,1983,F,Kim,119
AU,1983,F,Kimberley,157
AU,1983,F,Kristen,81
AU,1983,F,Kristie,91
AU,1983,F,Kristy,352
AU,1983,F,Krystal,117
AU,1983,F,Kylie,413
AU,1983,F,Laura,293
AU,1983,F,Lauren,525
AU,1983,F,Leah,168
AU,1983,F,Leanne,137
AU,1983,F,Linda,121
AU,1983,F,Lisa,485
AU,1983,F,Louise,216
AU,1983,F,Maria,78
AU,1983,F,Megan,231
AU,1983,F,Melanie,241
AU,1983,F,Melinda,105
AU,1983,F,Melissa,737
AU,1983,F,Michelle,542
AU,1983,F,Naomi,129
AU,1983,F,Natalie,422
AU,1983,F,Natasha,172
AU,1983,F,Nicole,574
AU,1983,F,Olivia,82
AU,1983,F,Peta,79
AU,1983,F,Rachael,140
AU,1983,F,Rachel,300
AU,1983,F,Rebecca,930
AU,1983,F,Renee,310
AU,1983,F,Sally,147
AU,1983,F,Samantha,253
AU,1983,F,Sara,109
AU,1983,F,Sarah,913
AU,1983,F,Shannon,87
AU,1983,F,Simone,108
AU,1983,F,Skye,86
AU,1983,F,Stacey,181
AU,1983,F,Stephanie,190
AU,1983,F,Susan,93
AU,1983,F,Tamara,88
AU,1983,F,Tanya,148
AU,1983,F,Tara,126
AU,1983,F,Tracey,89
AU,1983,F,Vanessa,187
AU,1983,F,Zoe,92
AU,1983,M,Aaron,462
AU,1983,M,Adam,951
AU,1983,M,Adrian,216
AU,1983,M,Alan,72
AU,1983,M,Alexander,241
AU,1983,M,Allan,78
AU,1983,M,Andrew,1026
AU,1983,M,Anthony,442
AU,1983,M,Ashley,115
AU,1983,M,Ben,164
AU,1983,M,Benjamin,965
AU,1983,M,Blake,144
AU,1983,M,Bradley,362
AU,1983,M,Brendan,365
AU,1983,M,Brendon,103
AU,1983,M,Brent,108
AU,1983,M,Brett,268
AU,1983,M,Brian,75
AU,1983,M,Cameron,174
AU,1983,M,Chad,77
AU,1983,M,Christopher,1299
AU,1983,M,Clinton,102
AU,1983,M,Colin,81
AU,1983,M,Craig,253
AU,1983,M,Dale,80
AU,1983,M,Damien,131
AU,1983,M,Dane,120
AU,1983,M,Daniel,1211
AU,1983,M,Darren,109
AU,1983,M,David,1160
AU,1983,M,Dean,176
AU,1983,M,Dylan,86
AU,1983,M,Edward,93
AU,1983,M,Gary,85
AU,1983,M,Gavin,104
AU,1983,M,Geoffrey,77
AU,1983,M,George,133
AU,1983,M,Glen,110
AU,1983,M,Glenn,98
AU,1983,M,Grant,184
AU,1983,M,Gregory,178
AU,1983,M,Ian,148
AU,1983,M,Jacob,123
AU,1983,M,James,839
AU,1983,M,Jamie,145
AU,1983,M,Jason,526
AU,1983,M,Jay,107
AU,1983,M,Jeffrey,89
AU,1983,M,Jeremy,181
AU,1983,M,Joel,235
AU,1983,M,John,568
AU,1983,M,Jonathan,202
AU,1983,M,Jonathon,107
AU,1983,M,Joseph,188
AU,1983,M,Joshua,757
AU,1983,M,Justin,239
AU,1983,M,Kevin,106
AU,1983,M,Lachlan,83
AU,1983,M,Lee,104
AU,1983,M,Leigh,79
AU,1983,M,Liam,83
AU,1983,M,Lucas,77
AU,1983,M,Luke,896
AU,1983,M,Mark,614
AU,1983,M,Martin,107
AU,1983,M,Mathew,321
AU,1983,M,Matthew,1363
AU,1983,M,Michael,1438
AU,1983,M,Mitchell,366
AU,1983,M,Nathan,714
AU,1983,M,Nicholas,570
AU,1983,M,Patrick,172
AU,1983,M,Paul,529
AU,1983,M,Peter,671
AU,1983,M,Philip,111
AU,1983,M,Phillip,183
AU,1983,M,Richard,197
AU,1983,M,Robert,610
AU,1983,M,Rodney,84
AU,1983,M,Ross,85
AU,1983,M,Russell,77
AU,1983,M,Ryan,439
AU,1983,M,Samuel,192
AU,1983,M,Scott,575
AU,1983,M,Sean,166
AU,1983,M,Shane,378
AU,1983,M,Shannon,116
AU,1983,M,Shaun,174
AU,1983,M,Simon,343
AU,1983,M,Stephen,376
AU,1983,M,Steven,471
AU,1983,M,Stuart,127
AU,1983,M,Thomas,286
AU,1983,M,Timothy,666
AU,1983,M,Todd,137
AU,1983,M,Tony,73
AU,1983,M,Trent,130
AU,1983,M,Troy,194
AU,1983,M,Wayne,123
AU,1983,M,William,243
AU,1984,F,Aimee,80
AU,1984,F,Alana,137
AU,1984,F,Alexandra,175
AU,1984,F,Alicia,186
AU,1984,F,Alison,213
AU,1984,F,Amanda,613
AU,1984,F,Amber,103
AU,1984,F,Amy,541
AU,1984,F,Angela,309
AU,1984,F,Anna,173
AU,1984,F,Belinda,263
AU,1984,F,Bianca,115
AU,1984,F,Brooke,191
AU,1984,F,Candice,97
AU,1984,F,Carly,130
AU,1984,F,Casey,102
AU,1984,F,Cassandra,186
AU,1984,F,Catherine,190
AU,1984,F,Chantelle,84
AU,1984,F,Christine,150
AU,1984,F,Claire,146
AU,1984,F,Courtney,116
AU,1984,F,Crystal,122
AU,1984,F,Danielle,300
AU,1984,F,Elizabeth,363
AU,1984,F,Emily,224
AU,1984,F,Emma,456
AU,1984,F,Erin,462
AU,1984,F,Felicity,80
AU,1984,F,Fiona,130
AU,1984,F,Gemma,114
AU,1984,F,Hannah,110
AU,1984,F,Hayley,235
AU,1984,F,Heather,86
AU,1984,F,Heidi,87
AU,1984,F,Holly,142
AU,1984,F,Jacqueline,170
AU,1984,F,Jade,195
AU,1984,F,Jane,82
AU,1984,F,Jenna,87
AU,1984,F,Jennifer,323
AU,1984,F,Jessica,1002
AU,1984,F,Joanne,135
AU,1984,F,Jodie,153
AU,1984,F,Julia,105
AU,1984,F,Julie,95
AU,1984,F,Karen,131
AU,1984,F,Karina,131
AU,1984,F,Kate,396
AU,1984,F,Katherine,264
AU,1984,F,Kathryn,153
AU,1984,F,Katie,273
AU,1984,F,Katrina,171
AU,1984,F,Kellie,104
AU,1984,F,Kelly,283
AU,1984,F,Kim,99
AU,1984,F,Kimberley,141
AU,1984,F,Kimberly,80
AU,1984,F,Kirsty,86
AU,1984,F,Kristen,79
AU,1984,F,Kristie,82
AU,1984,F,Kristy,300
AU,1984,F,Krystal,105
AU,1984,F,Kylie,418
AU,1984,F,Laura,334
AU,1984,F,Lauren,647
AU,1984,F,Leah,147
AU,1984,F,Leanne,116
AU,1984,F,Linda,92
AU,1984,F,Lisa,539
AU,1984,F,Louise,175
AU,1984,F,Megan,225
AU,1984,F,Melanie,216
AU,1984,F,Melinda,120
AU,1984,F,Melissa,667
AU,1984,F,Michelle,468
AU,1984,F,Naomi,122
AU,1984,F,Natalie,386
AU,1984,F,Natasha,178
AU,1984,F,Nicole,542
AU,1984,F,Patricia,80
AU,1984,F,Rachael,133
AU,1984,F,Rachel,309
AU,1984,F,Rebecca,944
AU,1984,F,Renee,337
AU,1984,F,Sally,156
AU,1984,F,Samantha,321
AU,1984,F,Sara,116
AU,1984,F,Sarah,948
AU,1984,F,Simone,116
AU,1984,F,Skye,84
AU,1984,F,Stacey,183
AU,1984,F,Stephanie,217
AU,1984,F,Susan,78
AU,1984,F,Tamara,89
AU,1984,F,Tanya,125
AU,1984,F,Tara,269
AU,1984,F,Tegan,93
AU,1984,F,Vanessa,171
AU,1984,F,Victoria,96
AU,1984,M,Aaron,439
AU,1984,M,Adam,948
AU,1984,M,Adrian,191
AU,1984,M,Alexander,262
AU,1984,M,Andrew,1043
AU,1984,M,Anthony,428
AU,1984,M,Ashley,156
AU,1984,M,Ben,180
AU,1984,M,Benjamin,953
AU,1984,M,Blake,143
AU,1984,M,Bradley,335
AU,1984,M,Brendan,361
AU,1984,M,Brendon,113
AU,1984,M,Brent,93
AU,1984,M,Brenton,122
AU,1984,M,Brett,264
AU,1984,M,Brian,75
AU,1984,M,Cameron,193
AU,1984,M,Christopher,1314
AU,1984,M,Clinton,76
AU,1984,M,Corey,78
AU,1984,M,Craig,213
AU,1984,M,Dale,74
AU,1984,M,Damien,123
AU,1984,M,Dane,137
AU,1984,M,Daniel,1354
AU,1984,M,Danny,85
AU,1984,M,Darren,119
AU,1984,M,David,1060
AU,1984,M,Dean,238
AU,1984,M,Dylan,76
AU,1984,M,Edward,90
AU,1984,M,Evan,110
AU,1984,M,Gary,79
AU,1984,M,Gavin,131
AU,1984,M,George,139
AU,1984,M,Glen,101
AU,1984,M,Glenn,85
AU,1984,M,Grant,190
AU,1984,M,Gregory,176
AU,1984,M,Ian,122
AU,1984,M,Jacob,131
AU,1984,M,James,868
AU,1984,M,Jamie,158
AU,1984,M,Jason,492
AU,1984,M,Jay,104
AU,1984,M,Jeffrey,91
AU,1984,M,Jeremy,168
AU,1984,M,Joel,257
AU,1984,M,John,470
AU,1984,M,Jonathan,191
AU,1984,M,Jonathon,84
AU,1984,M,Joseph,231
AU,1984,M,Joshua,726
AU,1984,M,Justin,247
AU,1984,M,Kevin,118
AU,1984,M,Lee,110
AU,1984,M,Liam,94
AU,1984,M,Lucas,75
AU,1984,M,Luke,869
AU,1984,M,Marc,77
AU,1984,M,Mark,606
AU,1984,M,Martin,107
AU,1984,M,Mathew,293
AU,1984,M,Matthew,1415
AU,1984,M,Michael,1331
AU,1984,M,Micheal,75
AU,1984,M,Mitchell,368
AU,1984,M,Nathan,709
AU,1984,M,Nicholas,547
AU,1984,M,Patrick,191
AU,1984,M,Paul,491
AU,1984,M,Peter,574
AU,1984,M,Philip,90
AU,1984,M,Phillip,203
AU,1984,M,Raymond,98
AU,1984,M,Rhys,73
AU,1984,M,Richard,206
AU,1984,M,Robert,557
AU,1984,M,Russell,76
AU,1984,M,Ryan,509
AU,1984,M,Samuel,239
AU,1984,M,Scott,613
AU,1984,M,Sean,190
AU,1984,M,Shane,323
AU,1984,M,Shannon,106
AU,1984,M,Shaun,211
AU,1984,M,Simon,337
AU,1984,M,Stephen,354
AU,1984,M,Steven,493
AU,1984,M,Stuart,142
AU,1984,M,Thomas,348
AU,1984,M,Timothy,739
AU,1984,M,Todd,146
AU,1984,M,Tony,77
AU,1984,M,Trent,121
AU,1984,M,Tristan,78
AU,1984,M,Troy,157
AU,1984,M,Wayne,99
AU,1984,M,William,286
AU,1985,F,Alana,97
AU,1985,F,Alexandra,193
AU,1985,F,Alicia,205
AU,1985,F,Alison,223
AU,1985,F,Amanda,755
AU,1985,F,Amber,92
AU,1985,F,Amelia,90
AU,1985,F,Amy,601
AU,1985,F,Angela,243
AU,1985,F,Anna,172
AU,1985,F,Ashleigh,126
AU,1985,F,Ashley,129
AU,1985,F,Belinda,270
AU,1985,F,Bianca,120
AU,1985,F,Brooke,180
AU,1985,F,Candice,97
AU,1985,F,Carly,105
AU,1985,F,Casey,93
AU,1985,F,Cassandra,197
AU,1985,F,Catherine,187
AU,1985,F,Chantelle,85
AU,1985,F,Chloe,88
AU,1985,F,Christina,97
AU,1985,F,Christine,146
AU,1985,F,Claire,156
AU,1985,F,Clare,90
AU,1985,F,Courtney,125
AU,1985,F,Crystal,93
AU,1985,F,Danielle,285
AU,1985,F,Elise,85
AU,1985,F,Elizabeth,345
AU,1985,F,Emily,239
AU,1985,F,Emma,470
AU,1985,F,Erin,326
AU,1985,F,Fiona,130
AU,1985,F,Gemma,123
AU,1985,F,Hannah,119
AU,1985,F,Hayley,237
AU,1985,F,Heidi,84
AU,1985,F,Holly,111
AU,1985,F,Jacqueline,189
AU,1985,F,Jade,159
AU,1985,F,Jasmine,100
AU,1985,F,Jenna,177
AU,1985,F,Jennifer,320
AU,1985,F,Jessica,1136
AU,1985,F,Joanne,111
AU,1985,F,Jodie,120
AU,1985,F,Julia,85
AU,1985,F,Julie,95
AU,1985,F,Karen,93
AU,1985,F,Karina,134
AU,1985,F,Kate,391
AU,1985,F,Katherine,274
AU,1985,F,Kathryn,164
AU,1985,F,Katie,257
AU,1985,F,Katrina,204
AU,1985,F,Kayla,118
AU,1985,F,Kelly,279
AU,1985,F,Kimberley,122
AU,1985,F,Kristy,253
AU,1985,F,Krystal,105
AU,1985,F,Kylie,391
AU,1985,F,Laura,347
AU,1985,F,Lauren,615
AU,1985,F,Leah,126
AU,1985,F,Linda,100
AU,1985,F,Lisa,445
AU,1985,F,Louise,143
AU,1985,F,Lucy,93
AU,1985,F,Maria,86
AU,1985,F,Megan,240
AU,1985,F,Melanie,197
AU,1985,F,Melinda,91
AU,1985,F,Melissa,640
AU,1985,F,Michelle,372
AU,1985,F,Naomi,112
AU,1985,F,Natalie,396
AU,1985,F,Natasha,192
AU,1985,F,Nicole,629
AU,1985,F,Rachael,146
AU,1985,F,Rachel,294
AU,1985,F,Rebecca,877
AU,1985,F,Renee,295
AU,1985,F,Sally,158
AU,1985,F,Samantha,383
AU,1985,F,Sara,99
AU,1985,F,Sarah,967
AU,1985,F,Simone,94
AU,1985,F,Sophie,123
AU,1985,F,Stacey,224
AU,1985,F,Stephanie,269
AU,1985,F,Susan,86
AU,1985,F,Tamara,113
AU,1985,F,Tanya,102
AU,1985,F,Tara,298
AU,1985,F,Tegan,122
AU,1985,F,Vanessa,184
AU,1985,F,Victoria,108
AU,1985,F,Zoe,111
AU,1985,M,Aaron,473
AU,1985,M,Adam,879
AU,1985,M,Adrian,196
AU,1985,M,Alexander,295
AU,1985,M,Allan,76
AU,1985,M,Andrew,1058
AU,1985,M,Anthony,410
AU,1985,M,Ashley,151
AU,1985,M,Ben,157
AU,1985,M,Benjamin,925
AU,1985,M,Blake,121
AU,1985,M,Bradley,349
AU,1985,M,Brendan,435
AU,1985,M,Brendon,102
AU,1985,M,Brent,90
AU,1985,M,Brenton,71
AU,1985,M,Brett,207
AU,1985,M,Cameron,212
AU,1985,M,Christopher,1451
AU,1985,M,Corey,75
AU,1985,M,Craig,207
AU,1985,M,Dale,85
AU,1985,M,Damien,103
AU,1985,M,Dane,102
AU,1985,M,Daniel,1401
AU,1985,M,Danny,80
AU,1985,M,Darren,131
AU,1985,M,David,1068
AU,1985,M,Dean,288
AU,1985,M,Dylan,102
AU,1985,M,Edward,93
AU,1985,M,Evan,86
AU,1985,M,Gavin,101
AU,1985,M,George,124
AU,1985,M,Glenn,76
AU,1985,M,Grant,175
AU,1985,M,Gregory,143
AU,1985,M,Ian,129
AU,1985,M,Jacob,137
AU,1985,M,James,978
AU,1985,M,Jamie,176
AU,1985,M,Jared,78
AU,1985,M,Jason,542
AU,1985,M,Jay,97
AU,1985,M,Jeffrey,93
AU,1985,M,Jeremy,181
AU,1985,M,Jesse,86
AU,1985,M,Joel,288
AU,1985,M,John,486
AU,1985,M,Jonathan,193
AU,1985,M,Jonathon,81
AU,1985,M,Jordan,71
AU,1985,M,Joseph,220
AU,1985,M,Joshua,817
AU,1985,M,Justin,229
AU,1985,M,Kevin,100
AU,1985,M,Kyle,141
AU,1985,M,Lachlan,107
AU,1985,M,Lee,86
AU,1985,M,Liam,91
AU,1985,M,Luke,914
AU,1985,M,Mark,561
AU,1985,M,Martin,104
AU,1985,M,Mathew,384
AU,1985,M,Matthew,1484
AU,1985,M,Michael,1320
AU,1985,M,Mitchell,492
AU,1985,M,Nathan,730
AU,1985,M,Neil,74
AU,1985,M,Nicholas,553
AU,1985,M,Patrick,214
AU,1985,M,Paul,467
AU,1985,M,Peter,534
AU,1985,M,Philip,81
AU,1985,M,Phillip,176
AU,1985,M,Raymond,81
AU,1985,M,Rhys,85
AU,1985,M,Richard,225
AU,1985,M,Robert,514
AU,1985,M,Russell,75
AU,1985,M,Ryan,487
AU,1985,M,Samuel,271
AU,1985,M,Scott,563
AU,1985,M,Sean,175
AU,1985,M,Shane,308
AU,1985,M,Shannon,114
AU,1985,M,Shaun,189
AU,1985,M,Simon,343
AU,1985,M,Stephen,331
AU,1985,M,Steven,411
AU,1985,M,Stuart,115
AU,1985,M,Thomas,430
AU,1985,M,Timothy,742
AU,1985,M,Todd,153
AU,1985,M,Trent,131
AU,1985,M,Tristan,93
AU,1985,M,Troy,130
AU,1985,M,Wade,76
AU,1985,M,Wayne,82
AU,1985,M,William,290
AU,1986,F,Aimee,97
AU,1986,F,Alana,89
AU,1986,F,Alexandra,203
AU,1986,F,Alice,80
AU,1986,F,Alicia,176
AU,1986,F,Alison,159
AU,1986,F,Alyce,80
AU,1986,F,Amanda,733
AU,1986,F,Amber,75
AU,1986,F,Amy,543
AU,1986,F,Angela,208
AU,1986,F,Anna,200
AU,1986,F,Ashlee,97
AU,1986,F,Ashleigh,211
AU,1986,F,Ashley,197
AU,1986,F,Belinda,217
AU,1986,F,Bianca,147
AU,1986,F,Brooke,191
AU,1986,F,Candice,77
AU,1986,F,Carly,130
AU,1986,F,Casey,83
AU,1986,F,Cassandra,172
AU,1986,F,Catherine,165
AU,1986,F,Chantelle,90
AU,1986,F,Chloe,176
AU,1986,F,Christine,126
AU,1986,F,Claire,143
AU,1986,F,Clare,94
AU,1986,F,Courtney,146
AU,1986,F,Danielle,343
AU,1986,F,Elise,148
AU,1986,F,Elizabeth,358
AU,1986,F,Emily,257
AU,1986,F,Emma,544
AU,1986,F,Erin,275
AU,1986,F,Fiona,101
AU,1986,F,Gemma,126
AU,1986,F,Hannah,137
AU,1986,F,Hayley,179
AU,1986,F,Heather,77
AU,1986,F,Holly,123
AU,1986,F,Jacqueline,165
AU,1986,F,Jade,177
AU,1986,F,Jenna,187
AU,1986,F,Jennifer,252
AU,1986,F,Jessica,1308
AU,1986,F,Joanne,138
AU,1986,F,Jodie,96
AU,1986,F,Julie,81
AU,1986,F,Karen,76
AU,1986,F,Kate,406
AU,1986,F,Katherine,223
AU,1986,F,Kathleen,93
AU,1986,F,Kathryn,143
AU,1986,F,Katie,258
AU,1986,F,Katrina,147
AU,1986,F,Kayla,90
AU,1986,F,Kelly,180
AU,1986,F,Kimberley,98
AU,1986,F,Kirsty,101
AU,1986,F,Kristy,239
AU,1986,F,Krystal,97
AU,1986,F,Kylie,348
AU,1986,F,Laura,361
AU,1986,F,Lauren,592
AU,1986,F,Leah,117
AU,1986,F,Leanne,78
AU,1986,F,Linda,76
AU,1986,F,Lisa,356
AU,1986,F,Louise,123
AU,1986,F,Lucy,82
AU,1986,F,Megan,278
AU,1986,F,Melanie,211
AU,1986,F,Melinda,96
AU,1986,F,Melissa,587
AU,1986,F,Michelle,313
AU,1986,F,Naomi,105
AU,1986,F,Natalie,359
AU,1986,F,Natasha,193
AU,1986,F,Nicole,606
AU,1986,F,Rachael,148
AU,1986,F,Rachel,373
AU,1986,F,Rebecca,865
AU,1986,F,Renee,245
AU,1986,F,Sally,131
AU,1986,F,Samantha,536
AU,1986,F,Sara,158
AU,1986,F,Sarah,1205
AU,1986,F,Simone,115
AU,1986,F,Sophie,130
AU,1986,F,Stacey,162
AU,1986,F,Stephanie,327
AU,1986,F,Tamara,100
AU,1986,F,Tanya,90
AU,1986,F,Tara,237
AU,1986,F,Tegan,122
AU,1986,F,Tiffany,113
AU,1986,F,Vanessa,188
AU,1986,F,Victoria,102
AU,1986,F,Zoe,99
AU,1986,M,Aaron,517
AU,1986,M,Adam,756
AU,1986,M,Adrian,184
AU,1986,M,Alexander,356
AU,1986,M,Andrew,1059
AU,1986,M,Anthony,389
AU,1986,M,Ashley,141
AU,1986,M,Beau,86
AU,1986,M,Ben,128
AU,1986,M,Benjamin,942
AU,1986,M,Blake,97
AU,1986,M,Bradley,310
AU,1986,M,Brendan,369
AU,1986,M,Brendon,93
AU,1986,M,Brent,104
AU,1986,M,Brett,236
AU,1986,M,Cameron,218
AU,1986,M,Christian,71
AU,1986,M,Christopher,1357
AU,1986,M,Corey,108
AU,1986,M,Craig,210
AU,1986,M,Dale,79
AU,1986,M,Damien,113
AU,1986,M,Dane,100
AU,1986,M,Daniel,1368
AU,1986,M,Danny,80
AU,1986,M,Darren,99
AU,1986,M,David,947
AU,1986,M,Dean,287
AU,1986,M,Dylan,108
AU,1986,M,Edward,91
AU,1986,M,Gavin,91
AU,1986,M,George,118
AU,1986,M,Glen,81
AU,1986,M,Glenn,72
AU,1986,M,Grant,138
AU,1986,M,Gregory,133
AU,1986,M,Ian,131
AU,1986,M,Jack,77
AU,1986,M,Jacob,161
AU,1986,M,Jake,90
AU,1986,M,James,995
AU,1986,M,Jamie,156
AU,1986,M,Jared,76
AU,1986,M,Jason,492
AU,1986,M,Jay,92
AU,1986,M,Jeffrey,89
AU,1986,M,Jeremy,184
AU,1986,M,Jesse,119
AU,1986,M,Joel,301
AU,1986,M,John,430
AU,1986,M,Jonathan,224
AU,1986,M,Jonathon,96
AU,1986,M,Joseph,217
AU,1986,M,Joshua,746
AU,1986,M,Justin,245
AU,1986,M,Kevin,108
AU,1986,M,Kurt,80
AU,1986,M,Kyle,182
AU,1986,M,Lachlan,115
AU,1986,M,Liam,93
AU,1986,M,Luke,871
AU,1986,M,Mark,451
AU,1986,M,Martin,108
AU,1986,M,Mathew,309
AU,1986,M,Matthew,1528
AU,1986,M,Michael,1231
AU,1986,M,Mitchell,580
AU,1986,M,Nathan,722
AU,1986,M,Nicholas,545
AU,1986,M,Patrick,244
AU,1986,M,Paul,407
AU,1986,M,Peter,502
AU,1986,M,Philip,82
AU,1986,M,Phillip,197
AU,1986,M,Raymond,76
AU,1986,M,Rhys,85
AU,1986,M,Richard,198
AU,1986,M,Ricky,83
AU,1986,M,Robert,485
AU,1986,M,Ryan,502
AU,1986,M,Sam,75
AU,1986,M,Samuel,338
AU,1986,M,Scott,585
AU,1986,M,Sean,179
AU,1986,M,Shane,295
AU,1986,M,Shannon,128
AU,1986,M,Shaun,193
AU,1986,M,Simon,304
AU,1986,M,Stephen,306
AU,1986,M,Steven,387
AU,1986,M,Stuart,97
AU,1986,M,Thomas,563
AU,1986,M,Timothy,738
AU,1986,M,Todd,151
AU,1986,M,Trent,167
AU,1986,M,Tristan,84
AU,1986,M,Troy,152
AU,1986,M,Wayne,88
AU,1986,M,William,330
AU,1987,F,Alana,105
AU,1987,F,Alexandra,310
AU,1987,F,Alice,76
AU,1987,F,Alicia,137
AU,1987,F,Alison,161
AU,1987,F,Alyce,126
AU,1987,F,Amanda,730
AU,1987,F,Amber,84
AU,1987,F,Amy,605
AU,1987,F,Angela,183
AU,1987,F,Anna,182
AU,1987,F,Ashlee,143
AU,1987,F,Ashleigh,278
AU,1987,F,Ashley,353
AU,1987,F,Belinda,187
AU,1987,F,Bianca,134
AU,1987,F,Brooke,188
AU,1987,F,Caitlin,85
AU,1987,F,Carly,119
AU,1987,F,Cassandra,171
AU,1987,F,Catherine,160
AU,1987,F,Chantelle,84
AU,1987,F,Chloe,186
AU,1987,F,Christina,89
AU,1987,F,Christine,131
AU,1987,F,Claire,144
AU,1987,F,Courtney,216
AU,1987,F,Danielle,389
AU,1987,F,Elise,157
AU,1987,F,Elizabeth,352
AU,1987,F,Emily,274
AU,1987,F,Emma,576
AU,1987,F,Erin,269
AU,1987,F,Fiona,77
AU,1987,F,Gemma,101
AU,1987,F,Hannah,183
AU,1987,F,Hayley,145
AU,1987,F,Holly,116
AU,1987,F,Jacqueline,141
AU,1987,F,Jade,179
AU,1987,F,Jasmine,97
AU,1987,F,Jenna,198
AU,1987,F,Jennifer,221
AU,1987,F,Jessica,1352
AU,1987,F,Joanne,83
AU,1987,F,Jodie,98
AU,1987,F,Julia,77
AU,1987,F,Julie,79
AU,1987,F,Karina,77
AU,1987,F,Kate,364
AU,1987,F,Katherine,217
AU,1987,F,Kathleen,102
AU,1987,F,Kathryn,143
AU,1987,F,Katie,220
AU,1987,F,Katrina,138
AU,1987,F,Kayla,79
AU,1987,F,Kelly,196
AU,1987,F,Kimberley,123
AU,1987,F,Kirsty,120
AU,1987,F,Kristen,75
AU,1987,F,Kristy,196
AU,1987,F,Krystal,89
AU,1987,F,Kylie,379
AU,1987,F,Laura,378
AU,1987,F,Lauren,564
AU,1987,F,Leah,103
AU,1987,F,Lisa,344
AU,1987,F,Louise,133
AU,1987,F,Lucy,86
AU,1987,F,Megan,333
AU,1987,F,Melanie,186
AU,1987,F,Melissa,606
AU,1987,F,Michelle,289
AU,1987,F,Monique,82
AU,1987,F,Naomi,101
AU,1987,F,Natalie,381
AU,1987,F,Natasha,204
AU,1987,F,Nicole,472
AU,1987,F,Rachael,138
AU,1987,F,Rachel,332
AU,1987,F,Rebecca,834
AU,1987,F,Renee,215
AU,1987,F,Rhiannon,76
AU,1987,F,Sally,142
AU,1987,F,Samantha,774
AU,1987,F,Sara,142
AU,1987,F,Sarah,1148
AU,1987,F,Shannon,81
AU,1987,F,Simone,111
AU,1987,F,Sophie,152
AU,1987,F,Stacey,152
AU,1987,F,Stephanie,355
AU,1987,F,Tamara,99
AU,1987,F,Tanya,83
AU,1987,F,Tara,177
AU,1987,F,Tegan,112
AU,1987,F,Tiffany,87
AU,1987,F,Vanessa,180
AU,1987,F,Victoria,91
AU,1987,F,Zoe,119
AU,1987,M,Aaron,439
AU,1987,M,Adam,721
AU,1987,M,Adrian,191
AU,1987,M,Alex,103
AU,1987,M,Alexander,382
AU,1987,M,Andrew,998
AU,1987,M,Anthony,410
AU,1987,M,Ashley,116
AU,1987,M,Beau,125
AU,1987,M,Ben,147
AU,1987,M,Benjamin,957
AU,1987,M,Blake,144
AU,1987,M,Bradley,309
AU,1987,M,Brendan,321
AU,1987,M,Brendon,77
AU,1987,M,Brent,110
AU,1987,M,Brett,206
AU,1987,M,Cameron,308
AU,1987,M,Christian,78
AU,1987,M,Christopher,1293
AU,1987,M,Corey,109
AU,1987,M,Craig,181
AU,1987,M,Dale,103
AU,1987,M,Damien,110
AU,1987,M,Dane,85
AU,1987,M,Daniel,1451
AU,1987,M,Danny,74
AU,1987,M,Darren,94
AU,1987,M,David,910
AU,1987,M,Dean,290
AU,1987,M,Dominic,79
AU,1987,M,Dylan,116
AU,1987,M,Edward,115
AU,1987,M,Evan,80
AU,1987,M,Gavin,73
AU,1987,M,Geoffrey,75
AU,1987,M,George,119
AU,1987,M,Grant,132
AU,1987,M,Gregory,119
AU,1987,M,Hayden,73
AU,1987,M,Ian,106
AU,1987,M,Jack,122
AU,1987,M,Jacob,180
AU,1987,M,Jake,111
AU,1987,M,James,945
AU,1987,M,Jamie,225
AU,1987,M,Jared,113
AU,1987,M,Jason,539
AU,1987,M,Jay,102
AU,1987,M,Jeremy,183
AU,1987,M,Jesse,134
AU,1987,M,Joel,379
AU,1987,M,John,396
AU,1987,M,Jonathan,211
AU,1987,M,Jonathon,95
AU,1987,M,Jordan,89
AU,1987,M,Joseph,214
AU,1987,M,Joshua,795
AU,1987,M,Justin,244
AU,1987,M,Kevin,98
AU,1987,M,Kurt,89
AU,1987,M,Kyle,202
AU,1987,M,Lachlan,124
AU,1987,M,Liam,121
AU,1987,M,Luke,845
AU,1987,M,Mark,468
AU,1987,M,Martin,97
AU,1987,M,Mathew,313
AU,1987,M,Matthew,1473
AU,1987,M,Michael,1176
AU,1987,M,Mitchell,656
AU,1987,M,Nathan,652
AU,1987,M,Nicholas,558
AU,1987,M,Patrick,254
AU,1987,M,Paul,339
AU,1987,M,Peter,437
AU,1987,M,Phillip,147
AU,1987,M,Rhys,122
AU,1987,M,Richard,203
AU,1987,M,Robert,455
AU,1987,M,Ryan,458
AU,1987,M,Sam,93
AU,1987,M,Samuel,374
AU,1987,M,Scott,624
AU,1987,M,Sean,191
AU,1987,M,Shane,268
AU,1987,M,Shannon,121
AU,1987,M,Shaun,193
AU,1987,M,Simon,275
AU,1987,M,Stephen,289
AU,1987,M,Steven,371
AU,1987,M,Stuart,106
AU,1987,M,Thomas,594
AU,1987,M,Timothy,704
AU,1987,M,Todd,138
AU,1987,M,Tony,84
AU,1987,M,Trent,148
AU,1987,M,Tristan,87
AU,1987,M,Troy,159
AU,1987,M,William,319
AU,1988,F,Alana,103
AU,1988,F,Alexandra,328
AU,1988,F,Alice,92
AU,1988,F,Alicia,144
AU,1988,F,Alison,149
AU,1988,F,Alyce,96
AU,1988,F,Amanda,562
AU,1988,F,Amber,81
AU,1988,F,Amelia,93
AU,1988,F,Amy,623
AU,1988,F,Angela,168
AU,1988,F,Anna,157
AU,1988,F,Ashlee,151
AU,1988,F,Ashleigh,388
AU,1988,F,Ashley,268
AU,1988,F,Belinda,159
AU,1988,F,Bianca,142
AU,1988,F,Brooke,193
AU,1988,F,Caitlin,99
AU,1988,F,Carly,151
AU,1988,F,Casey,83
AU,1988,F,Cassandra,225
AU,1988,F,Catherine,128
AU,1988,F,Chantelle,97
AU,1988,F,Chloe,222
AU,1988,F,Christina,81
AU,1988,F,Christine,129
AU,1988,F,Claire,156
AU,1988,F,Courtney,171
AU,1988,F,Danielle,481
AU,1988,F,Elise,139
AU,1988,F,Elizabeth,363
AU,1988,F,Ellen,88
AU,1988,F,Emily,374
AU,1988,F,Emma,863
AU,1988,F,Erin,261
AU,1988,F,Gemma,107
AU,1988,F,Grace,81
AU,1988,F,Hannah,215
AU,1988,F,Hayley,190
AU,1988,F,Holly,89
AU,1988,F,Jacqueline,153
AU,1988,F,Jade,193
AU,1988,F,Jasmine,136
AU,1988,F,Jenna,158
AU,1988,F,Jennifer,185
AU,1988,F,Jessica,1375
AU,1988,F,Joanne,77
AU,1988,F,Jodie,89
AU,1988,F,Julia,81
AU,1988,F,Kate,376
AU,1988,F,Katherine,239
AU,1988,F,Kathleen,82
AU,1988,F,Kathryn,144
AU,1988,F,Katie,178
AU,1988,F,Katrina,148
AU,1988,F,Kelly,161
AU,1988,F,Kimberley,191
AU,1988,F,Kimberly,81
AU,1988,F,Kirsty,107
AU,1988,F,Kristy,198
AU,1988,F,Krystal,82
AU,1988,F,Kylie,272
AU,1988,F,Laura,429
AU,1988,F,Lauren,612
AU,1988,F,Leah,111
AU,1988,F,Lisa,313
AU,1988,F,Louise,107
AU,1988,F,Lucy,102
AU,1988,F,Megan,252
AU,1988,F,Melanie,169
AU,1988,F,Melissa,646
AU,1988,F,Michelle,305
AU,1988,F,Monique,80
AU,1988,F,Naomi,88
AU,1988,F,Natalie,406
AU,1988,F,Natasha,203
AU,1988,F,Nicole,493
AU,1988,F,Olivia,88
AU,1988,F,Rachael,143
AU,1988,F,Rachel,314
AU,1988,F,Rebecca,770
AU,1988,F,Renee,166
AU,1988,F,Sally,125
AU,1988,F,Samantha,804
AU,1988,F,Sara,103
AU,1988,F,Sarah,1105
AU,1988,F,Shannon,88
AU,1988,F,Simone,95
AU,1988,F,Skye,79
AU,1988,F,Sophie,173
AU,1988,F,Stacey,166
AU,1988,F,Stephanie,392
AU,1988,F,Tamara,124
AU,1988,F,Tara,190
AU,1988,F,Tegan,125
AU,1988,F,Tiffany,133
AU,1988,F,Vanessa,176
AU,1988,F,Victoria,83
AU,1988,F,Zoe,126
AU,1988,M,Aaron,420
AU,1988,M,Adam,690
AU,1988,M,Adrian,156
AU,1988,M,Alex,94
AU,1988,M,Alexander,472
AU,1988,M,Andrew,942
AU,1988,M,Anthony,380
AU,1988,M,Ashley,133
AU,1988,M,Beau,107
AU,1988,M,Ben,149
AU,1988,M,Benjamin,1025
AU,1988,M,Blake,178
AU,1988,M,Bradley,325
AU,1988,M,Brendan,306
AU,1988,M,Brendon,88
AU,1988,M,Brent,106
AU,1988,M,Brett,187
AU,1988,M,Cameron,290
AU,1988,M,Charles,78
AU,1988,M,Christopher,1312
AU,1988,M,Corey,102
AU,1988,M,Craig,150
AU,1988,M,Dale,111
AU,1988,M,Damien,99
AU,1988,M,Dane,97
AU,1988,M,Daniel,1449
AU,1988,M,Danny,83
AU,1988,M,Darren,105
AU,1988,M,David,814
AU,1988,M,Dean,267
AU,1988,M,Dominic,71
AU,1988,M,Dylan,140
AU,1988,M,Edward,100
AU,1988,M,Gavin,82
AU,1988,M,George,126
AU,1988,M,Grant,117
AU,1988,M,Gregory,124
AU,1988,M,Ian,107
AU,1988,M,Jack,178
AU,1988,M,Jacob,237
AU,1988,M,Jake,170
AU,1988,M,James,1024
AU,1988,M,Jamie,238
AU,1988,M,Jared,133
AU,1988,M,Jarrod,74
AU,1988,M,Jason,523
AU,1988,M,Jay,77
AU,1988,M,Jeremy,168
AU,1988,M,Jesse,162
AU,1988,M,Joel,359
AU,1988,M,John,433
AU,1988,M,Jonathan,182
AU,1988,M,Jonathon,75
AU,1988,M,Jordan,84
AU,1988,M,Joseph,252
AU,1988,M,Joshua,927
AU,1988,M,Justin,241
AU,1988,M,Kevin,106
AU,1988,M,Kurt,95
AU,1988,M,Kyle,200
AU,1988,M,Lachlan,148
AU,1988,M,Liam,115
AU,1988,M,Luke,754
AU,1988,M,Mark,405
AU,1988,M,Martin,100
AU,1988,M,Mathew,295
AU,1988,M,Matthew,1461
AU,1988,M,Michael,1234
AU,1988,M,Mitchell,636
AU,1988,M,Nathan,666
AU,1988,M,Nicholas,628
AU,1988,M,Patrick,269
AU,1988,M,Paul,347
AU,1988,M,Peter,437
AU,1988,M,Philip,72
AU,1988,M,Phillip,146
AU,1988,M,Raymond,82
AU,1988,M,Rhys,132
AU,1988,M,Richard,163
AU,1988,M,Robert,430
AU,1988,M,Ryan,446
AU,1988,M,Sam,118
AU,1988,M,Samuel,424
AU,1988,M,Scott,589
AU,1988,M,Sean,191
AU,1988,M,Shane,293
AU,1988,M,Shannon,115
AU,1988,M,Shaun,183
AU,1988,M,Simon,286
AU,1988,M,Stephen,269
AU,1988,M,Steven,333
AU,1988,M,Stuart,98
AU,1988,M,Thomas,699
AU,1988,M,Timothy,623
AU,1988,M,Todd,161
AU,1988,M,Trent,201
AU,1988,M,Tristan,72
AU,1988,M,Troy,168
AU,1988,M,William,329
AU,1988,M,Zachary,116
AU,1989,F,Aimee,106
AU,1989,F,Alana,112
AU,1989,F,Alexandra,289
AU,1989,F,Alice,124
AU,1989,F,Alicia,125
AU,1989,F,Alison,120
AU,1989,F,Amanda,431
AU,1989,F,Amelia,86
AU,1989,F,Amy,540
AU,1989,F,Angela,152
AU,1989,F,Anna,156
AU,1989,F,Ashlee,104
AU,1989,F,Ashleigh,427
AU,1989,F,Ashley,261
AU,1989,F,Belinda,162
AU,1989,F,Bianca,178
AU,1989,F,Brittany,99
AU,1989,F,Brooke,191
AU,1989,F,Caitlin,168
AU,1989,F,Carly,117
AU,1989,F,Casey,114
AU,1989,F,Cassandra,197
AU,1989,F,Catherine,141
AU,1989,F,Chantelle,96
AU,1989,F,Charlotte,97
AU,1989,F,Chloe,208
AU,1989,F,Christine,110
AU,1989,F,Claire,144
AU,1989,F,Clare,98
AU,1989,F,Courtney,201
AU,1989,F,Crystal,82
AU,1989,F,Danielle,377
AU,1989,F,Elise,96
AU,1989,F,Elizabeth,348
AU,1989,F,Ellen,99
AU,1989,F,Emily,438
AU,1989,F,Emma,887
AU,1989,F,Erin,237
AU,1989,F,Gemma,86
AU,1989,F,Georgia,82
AU,1989,F,Georgina,90
AU,1989,F,Grace,108
AU,1989,F,Hannah,283
AU,1989,F,Hayley,201
AU,1989,F,Holly,97
AU,1989,F,Jacqueline,122
AU,1989,F,Jade,179
AU,1989,F,Jasmine,126
AU,1989,F,Jenna,133
AU,1989,F,Jennifer,208
AU,1989,F,Jessica,1523
AU,1989,F,Jessie,99
AU,1989,F,Kate,338
AU,1989,F,Katherine,219
AU,1989,F,Kathleen,83
AU,1989,F,Kathryn,127
AU,1989,F,Katie,185
AU,1989,F,Katrina,142
AU,1989,F,Kayla,142
AU,1989,F,Kelly,168
AU,1989,F,Kimberley,180
AU,1989,F,Kirsty,129
AU,1989,F,Kristy,148
AU,1989,F,Kylie,100
AU,1989,F,Laura,428
AU,1989,F,Lauren,570
AU,1989,F,Leah,100
AU,1989,F,Lisa,275
AU,1989,F,Louise,149
AU,1989,F,Lucy,126
AU,1989,F,Megan,225
AU,1989,F,Melanie,144
AU,1989,F,Melissa,542
AU,1989,F,Michelle,271
AU,1989,F,Monique,118
AU,1989,F,Naomi,97
AU,1989,F,Natalie,386
AU,1989,F,Natasha,247
AU,1989,F,Nicole,464
AU,1989,F,Rachael,132
AU,1989,F,Rachel,332
AU,1989,F,Rebecca,768
AU,1989,F,Renee,170
AU,1989,F,Rhiannon,111
AU,1989,F,Sally,98
AU,1989,F,Samantha,777
AU,1989,F,Sara,93
AU,1989,F,Sarah,1013
AU,1989,F,Shannon,112
AU,1989,F,Simone,105
AU,1989,F,Sophie,221
AU,1989,F,Stacey,187
AU,1989,F,Stephanie,442
AU,1989,F,Tamara,131
AU,1989,F,Tara,192
AU,1989,F,Tegan,122
AU,1989,F,Tiffany,132
AU,1989,F,Vanessa,131
AU,1989,F,Victoria,115
AU,1989,F,Zoe,122
AU,1989,M,Aaron,481
AU,1989,M,Adam,659
AU,1989,M,Adrian,135
AU,1989,M,Alex,122
AU,1989,M,Alexander,513
AU,1989,M,Andrew,987
AU,1989,M,Anthony,387
AU,1989,M,Ashley,127
AU,1989,M,Beau,112
AU,1989,M,Ben,123
AU,1989,M,Benjamin,1014
AU,1989,M,Blake,190
AU,1989,M,Bradley,346
AU,1989,M,Brendan,291
AU,1989,M,Brendon,80
AU,1989,M,Brent,92
AU,1989,M,Brett,139
AU,1989,M,Bryce,79
AU,1989,M,Cameron,316
AU,1989,M,Charles,83
AU,1989,M,Christopher,1213
AU,1989,M,Corey,140
AU,1989,M,Craig,145
AU,1989,M,Damien,117
AU,1989,M,Dane,101
AU,1989,M,Daniel,1401
AU,1989,M,Danny,81
AU,1989,M,Darren,93
AU,1989,M,David,779
AU,1989,M,Dean,273
AU,1989,M,Dylan,147
AU,1989,M,Edward,118
AU,1989,M,George,137
AU,1989,M,Grant,97
AU,1989,M,Gregory,98
AU,1989,M,Ian,103
AU,1989,M,Jack,225
AU,1989,M,Jacob,260
AU,1989,M,Jake,249
AU,1989,M,James,1017
AU,1989,M,Jamie,208
AU,1989,M,Jared,127
AU,1989,M,Jason,462
AU,1989,M,Jeremy,170
AU,1989,M,Jesse,177
AU,1989,M,Joel,313
AU,1989,M,John,385
AU,1989,M,Jonathan,171
AU,1989,M,Jonathon,93
AU,1989,M,Jordan,143
AU,1989,M,Joseph,267
AU,1989,M,Joshua,1124
AU,1989,M,Julian,76
AU,1989,M,Justin,209
AU,1989,M,Kane,77
AU,1989,M,Kevin,97
AU,1989,M,Kieran,82
AU,1989,M,Kurt,85
AU,1989,M,Kyle,174
AU,1989,M,Lachlan,176
AU,1989,M,Liam,156
AU,1989,M,Luke,785
AU,1989,M,Mark,361
AU,1989,M,Martin,106
AU,1989,M,Mathew,300
AU,1989,M,Matthew,1583
AU,1989,M,Michael,1115
AU,1989,M,Mitchell,697
AU,1989,M,Nathan,729
AU,1989,M,Nicholas,615
AU,1989,M,Oliver,84
AU,1989,M,Patrick,306
AU,1989,M,Paul,246
AU,1989,M,Peter,367
AU,1989,M,Phillip,142
AU,1989,M,Raymond,77
AU,1989,M,Reece,79
AU,1989,M,Rhys,157
AU,1989,M,Richard,169
AU,1989,M,Robert,455
AU,1989,M,Ryan,454
AU,1989,M,Sam,95
AU,1989,M,Samuel,506
AU,1989,M,Scott,478
AU,1989,M,Sean,219
AU,1989,M,Shane,245
AU,1989,M,Shannon,103
AU,1989,M,Shaun,180
AU,1989,M,Simon,247
AU,1989,M,Stephen,252
AU,1989,M,Steven,288
AU,1989,M,Stuart,78
AU,1989,M,Thomas,763
AU,1989,M,Timothy,646
AU,1989,M,Todd,146
AU,1989,M,Trent,171
AU,1989,M,Tristan,79
AU,1989,M,Troy,120
AU,1989,M,William,329
AU,1989,M,Zachary,135
AU,1990,F,Aimee,118
AU,1990,F,Alana,113
AU,1990,F,Alexandra,328
AU,1990,F,Alice,97
AU,1990,F,Alicia,107
AU,1990,F,Alison,113
AU,1990,F,Alyssa,95
AU,1990,F,Amanda,396
AU,1990,F,Amber,116
AU,1990,F,Amelia,120
AU,1990,F,Amy,503
AU,1990,F,Angela,148
AU,1990,F,Anna,165
AU,1990,F,Ashlee,125
AU,1990,F,Ashleigh,396
AU,1990,F,Ashley,264
AU,1990,F,Belinda,153
AU,1990,F,Bianca,180
AU,1990,F,Brooke,231
AU,1990,F,Caitlin,183
AU,1990,F,Casey,119
AU,1990,F,Cassandra,233
AU,1990,F,Catherine,123
AU,1990,F,Chantelle,102
AU,1990,F,Charlotte,90
AU,1990,F,Chloe,242
AU,1990,F,Christina,95
AU,1990,F,Christine,104
AU,1990,F,Claire,169
AU,1990,F,Courtney,212
AU,1990,F,Danielle,321
AU,1990,F,Elise,101
AU,1990,F,Elizabeth,319
AU,1990,F,Ellen,107
AU,1990,F,Emily,515
AU,1990,F,Emma,799
AU,1990,F,Erin,215
AU,1990,F,Gabrielle,89
AU,1990,F,Gemma,92
AU,1990,F,Georgia,117
AU,1990,F,Georgina,89
AU,1990,F,Grace,136
AU,1990,F,Hannah,355
AU,1990,F,Hayley,308
AU,1990,F,Holly,107
AU,1990,F,Jacqueline,134
AU,1990,F,Jade,190
AU,1990,F,Jasmine,125
AU,1990,F,Jenna,140
AU,1990,F,Jennifer,213
AU,1990,F,Jessica,1648
AU,1990,F,Jessie,115
AU,1990,F,Kate,362
AU,1990,F,Katherine,185
AU,1990,F,Kathleen,92
AU,1990,F,Kathryn,126
AU,1990,F,Katie,140
AU,1990,F,Katrina,99
AU,1990,F,Kayla,236
AU,1990,F,Kelly,142
AU,1990,F,Kimberley,169
AU,1990,F,Kirsty,95
AU,1990,F,Kristen,92
AU,1990,F,Kristy,153
AU,1990,F,Laura,468
AU,1990,F,Lauren,561
AU,1990,F,Leah,91
AU,1990,F,Lisa,250
AU,1990,F,Louise,111
AU,1990,F,Lucy,152
AU,1990,F,Madeleine,101
AU,1990,F,Megan,207
AU,1990,F,Melanie,149
AU,1990,F,Melissa,459
AU,1990,F,Michelle,289
AU,1990,F,Monique,125
AU,1990,F,Natalie,365
AU,1990,F,Natasha,220
AU,1990,F,Nicole,475
AU,1990,F,Olivia,164
AU,1990,F,Paige,89
AU,1990,F,Rachael,147
AU,1990,F,Rachel,338
AU,1990,F,Rebecca,669
AU,1990,F,Renee,119
AU,1990,F,Rhiannon,101
AU,1990,F,Sally,111
AU,1990,F,Samantha,699
AU,1990,F,Sarah,944
AU,1990,F,Shannon,106
AU,1990,F,Simone,118
AU,1990,F,Sophie,257
AU,1990,F,Stacey,129
AU,1990,F,Stephanie,535
AU,1990,F,Tara,151
AU,1990,F,Tegan,138
AU,1990,F,Tiffany,107
AU,1990,F,Vanessa,151
AU,1990,F,Victoria,121
AU,1990,F,Zoe,97
AU,1990,M,Aaron,449
AU,1990,M,Adam,598
AU,1990,M,Adrian,154
AU,1990,M,Alex,122
AU,1990,M,Alexander,504
AU,1990,M,Andrew,930
AU,1990,M,Angus,86
AU,1990,M,Anthony,348
AU,1990,M,Ashley,127
AU,1990,M,Beau,119
AU,1990,M,Ben,133
AU,1990,M,Benjamin,1003
AU,1990,M,Blake,281
AU,1990,M,Bradley,336
AU,1990,M,Brendan,269
AU,1990,M,Brent,101
AU,1990,M,Brett,124
AU,1990,M,Bryce,83
AU,1990,M,Callum,84
AU,1990,M,Cameron,310
AU,1990,M,Charles,99
AU,1990,M,Christopher,1101
AU,1990,M,Corey,160
AU,1990,M,Craig,106
AU,1990,M,Damien,114
AU,1990,M,Daniel,1401
AU,1990,M,Danny,78
AU,1990,M,David,729
AU,1990,M,Dean,287
AU,1990,M,Dylan,204
AU,1990,M,Edward,120
AU,1990,M,George,126
AU,1990,M,Grant,116
AU,1990,M,Gregory,79
AU,1990,M,Hayden,104
AU,1990,M,Isaac,75
AU,1990,M,Jack,320
AU,1990,M,Jackson,86
AU,1990,M,Jacob,337
AU,1990,M,Jake,287
AU,1990,M,James,1106
AU,1990,M,Jamie,209
AU,1990,M,Jared,88
AU,1990,M,Jarrod,79
AU,1990,M,Jason,373
AU,1990,M,Jay,82
AU,1990,M,Jeremy,180
AU,1990,M,Jesse,234
AU,1990,M,Joel,308
AU,1990,M,John,400
AU,1990,M,Jonathan,168
AU,1990,M,Jonathon,88
AU,1990,M,Jordan,183
AU,1990,M,Joseph,236
AU,1990,M,Joshua,1239
AU,1990,M,Justin,384
AU,1990,M,Kane,75
AU,1990,M,Kevin,109
AU,1990,M,Kieran,82
AU,1990,M,Kurt,119
AU,1990,M,Kyle,186
AU,1990,M,Lachlan,201
AU,1990,M,Liam,171
AU,1990,M,Luke,830
AU,1990,M,Mark,384
AU,1990,M,Martin,98
AU,1990,M,Mathew,309
AU,1990,M,Matthew,1488
AU,1990,M,Michael,1154
AU,1990,M,Mitchell,811
AU,1990,M,Nathan,650
AU,1990,M,Nicholas,681
AU,1990,M,Oliver,86
AU,1990,M,Patrick,277
AU,1990,M,Paul,235
AU,1990,M,Peter,364
AU,1990,M,Phillip,124
AU,1990,M,Reece,103
AU,1990,M,Rhys,200
AU,1990,M,Richard,158
AU,1990,M,Robert,424
AU,1990,M,Ryan,561
AU,1990,M,Sam,123
AU,1990,M,Samuel,643
AU,1990,M,Scott,403
AU,1990,M,Sean,257
AU,1990,M,Shane,240
AU,1990,M,Shannon,92
AU,1990,M,Shaun,165
AU,1990,M,Simon,194
AU,1990,M,Stephen,242
AU,1990,M,Steven,342
AU,1990,M,Thomas,804
AU,1990,M,Timothy,613
AU,1990,M,Todd,125
AU,1990,M,Travis,78
AU,1990,M,Trent,144
AU,1990,M,Troy,112
AU,1990,M,William,369
AU,1990,M,Zachary,139
AU,1991,F,Alana,129
AU,1991,F,Alexandra,325
AU,1991,F,Alice,109
AU,1991,F,Alicia,105
AU,1991,F,Alison,88
AU,1991,F,Amanda,308
AU,1991,F,Amber,108
AU,1991,F,Amelia,126
AU,1991,F,Amy,422
AU,1991,F,Angela,123
AU,1991,F,Anna,170
AU,1991,F,Ashlee,99
AU,1991,F,Ashleigh,362
AU,1991,F,Ashley,221
AU,1991,F,Belinda,112
AU,1991,F,Bianca,180
AU,1991,F,Brittany,87
AU,1991,F,Brooke,255
AU,1991,F,Caitlin,223
AU,1991,F,Casey,109
AU,1991,F,Cassandra,195
AU,1991,F,Catherine,110
AU,1991,F,Chantelle,86
AU,1991,F,Chloe,235
AU,1991,F,Christina,92
AU,1991,F,Christine,97
AU,1991,F,Claire,163
AU,1991,F,Courtney,236
AU,1991,F,Crystal,105
AU,1991,F,Danielle,278
AU,1991,F,Elise,93
AU,1991,F,Elizabeth,304
AU,1991,F,Ellen,89
AU,1991,F,Emily,615
AU,1991,F,Emma,683
AU,1991,F,Erin,186
AU,1991,F,Gabrielle,105
AU,1991,F,Gemma,138
AU,1991,F,Georgia,163
AU,1991,F,Georgina,89
AU,1991,F,Grace,149
AU,1991,F,Hannah,328
AU,1991,F,Hayley,314
AU,1991,F,Holly,119
AU,1991,F,Jacqueline,124
AU,1991,F,Jade,196
AU,1991,F,Jasmine,119
AU,1991,F,Jenna,86
AU,1991,F,Jennifer,179
AU,1991,F,Jessica,1641
AU,1991,F,Jessie,96
AU,1991,F,Jordan,88
AU,1991,F,Julia,88
AU,1991,F,Kate,337
AU,1991,F,Katherine,182
AU,1991,F,Kathryn,107
AU,1991,F,Katie,137
AU,1991,F,Katrina,92
AU,1991,F,Kayla,234
AU,1991,F,Kelly,122
AU,1991,F,Kimberley,125
AU,1991,F,Kirsty,118
AU,1991,F,Kristy,96
AU,1991,F,Laura,411
AU,1991,F,Lauren,517
AU,1991,F,Leah,86
AU,1991,F,Lisa,203
AU,1991,F,Louise,113
AU,1991,F,Lucy,157
AU,1991,F,Madeleine,99
AU,1991,F,Megan,204
AU,1991,F,Melanie,132
AU,1991,F,Melissa,412
AU,1991,F,Michelle,257
AU,1991,F,Monique,113
AU,1991,F,Natalie,321
AU,1991,F,Natasha,228
AU,1991,F,Nicola,105
AU,1991,F,Nicole,393
AU,1991,F,Olivia,193
AU,1991,F,Rachael,157
AU,1991,F,Rachel,413
AU,1991,F,Rebecca,706
AU,1991,F,Rebekah,91
AU,1991,F,Renee,97
AU,1991,F,Rhiannon,112
AU,1991,F,Samantha,694
AU,1991,F,Sarah,958
AU,1991,F,Shannon,96
AU,1991,F,Simone,94
AU,1991,F,Sophie,285
AU,1991,F,Stacey,137
AU,1991,F,Stephanie,553
AU,1991,F,Tamara,115
AU,1991,F,Tara,130
AU,1991,F,Tegan,107
AU,1991,F,Tiffany,103
AU,1991,F,Vanessa,125
AU,1991,F,Victoria,135
AU,1991,F,Zoe,105
AU,1991,M,Aaron,429
AU,1991,M,Adam,501
AU,1991,M,Adrian,134
AU,1991,M,Alex,159
AU,1991,M,Alexander,587
AU,1991,M,Andrew,841
AU,1991,M,Angus,105
AU,1991,M,Anthony,368
AU,1991,M,Ashley,111
AU,1991,M,Beau,126
AU,1991,M,Ben,130
AU,1991,M,Benjamin,914
AU,1991,M,Blake,366
AU,1991,M,Bradley,364
AU,1991,M,Brendan,239
AU,1991,M,Brent,92
AU,1991,M,Brett,103
AU,1991,M,Bryce,83
AU,1991,M,Callum,101
AU,1991,M,Cameron,344
AU,1991,M,Christopher,975
AU,1991,M,Corey,197
AU,1991,M,Craig,81
AU,1991,M,Dale,80
AU,1991,M,Damien,85
AU,1991,M,Daniel,1329
AU,1991,M,David,605
AU,1991,M,Dean,243
AU,1991,M,Dominic,85
AU,1991,M,Dylan,240
AU,1991,M,Edward,125
AU,1991,M,Ethan,160
AU,1991,M,George,138
AU,1991,M,Harley,111
AU,1991,M,Hayden,167
AU,1991,M,Isaac,95
AU,1991,M,Jack,365
AU,1991,M,Jackson,139
AU,1991,M,Jacob,375
AU,1991,M,Jake,476
AU,1991,M,James,1138
AU,1991,M,Jamie,192
AU,1991,M,Jared,81
AU,1991,M,Jarrod,129
AU,1991,M,Jason,386
AU,1991,M,Jay,92
AU,1991,M,Jeremy,166
AU,1991,M,Jesse,230
AU,1991,M,Joel,318
AU,1991,M,John,337
AU,1991,M,Jonathan,188
AU,1991,M,Jordan,249
AU,1991,M,Joseph,269
AU,1991,M,Joshua,1141
AU,1991,M,Justin,348
AU,1991,M,Kevin,116
AU,1991,M,Kieran,89
AU,1991,M,Kurt,102
AU,1991,M,Kyle,241
AU,1991,M,Lachlan,237
AU,1991,M,Liam,189
AU,1991,M,Luke,804
AU,1991,M,Mark,303
AU,1991,M,Martin,103
AU,1991,M,Mathew,234
AU,1991,M,Matthew,1411
AU,1991,M,Michael,952
AU,1991,M,Mitchell,802
AU,1991,M,Nathan,580
AU,1991,M,Nicholas,671
AU,1991,M,Oliver,89
AU,1991,M,Patrick,284
AU,1991,M,Paul,196
AU,1991,M,Peter,357
AU,1991,M,Phillip,148
AU,1991,M,Raymond,82
AU,1991,M,Reece,112
AU,1991,M,Rhys,229
AU,1991,M,Richard,137
AU,1991,M,Robert,345
AU,1991,M,Ryan,519
AU,1991,M,Sam,154
AU,1991,M,Samuel,627
AU,1991,M,Scott,308
AU,1991,M,Sean,216
AU,1991,M,Shane,160
AU,1991,M,Shannon,85
AU,1991,M,Shaun,143
AU,1991,M,Simon,204
AU,1991,M,Stephen,232
AU,1991,M,Steven,324
AU,1991,M,Taylor,87
AU,1991,M,Thomas,823
AU,1991,M,Timothy,489
AU,1991,M,Todd,125
AU,1991,M,Trent,132
AU,1991,M,Troy,119
AU,1991,M,Tyler,81
AU,1991,M,William,360
AU,1991,M,Zachary,156
AU,1992,F,Alana,115
AU,1992,F,Alexandra,313
AU,1992,F,Alice,112
AU,1992,F,Alicia,106
AU,1992,F,Alison,94
AU,1992,F,Alyssa,92
AU,1992,F,Amanda,277
AU,1992,F,Amber,138
AU,1992,F,Amelia,122
AU,1992,F,Amy,487
AU,1992,F,Angela,131
AU,1992,F,Anna,156
AU,1992,F,Ashlee,113
AU,1992,F,Ashleigh,349
AU,1992,F,Ashley,251
AU,1992,F,Belinda,98
AU,1992,F,Bianca,135
AU,1992,F,Brittany,264
AU,1992,F,Brooke,261
AU,1992,F,Caitlin,239
AU,1992,F,Casey,105
AU,1992,F,Cassandra,268
AU,1992,F,Chantelle,111
AU,1992,F,Charlotte,117
AU,1992,F,Chloe,271
AU,1992,F,Christina,114
AU,1992,F,Christine,107
AU,1992,F,Claire,128
AU,1992,F,Courtney,233
AU,1992,F,Danielle,311
AU,1992,F,Elise,89
AU,1992,F,Elizabeth,289
AU,1992,F,Ellen,108
AU,1992,F,Ellie,91
AU,1992,F,Emily,688
AU,1992,F,Emma,610
AU,1992,F,Erin,184
AU,1992,F,Gabrielle,117
AU,1992,F,Gemma,103
AU,1992,F,Georgia,219
AU,1992,F,Grace,175
AU,1992,F,Hannah,393
AU,1992,F,Hayley,276
AU,1992,F,Holly,116
AU,1992,F,Jacqueline,133
AU,1992,F,Jade,200
AU,1992,F,Jasmine,150
AU,1992,F,Jennifer,169
AU,1992,F,Jessica,1582
AU,1992,F,Julia,95
AU,1992,F,Kate,335
AU,1992,F,Katherine,169
AU,1992,F,Kathryn,105
AU,1992,F,Katie,138
AU,1992,F,Katrina,98
AU,1992,F,Kayla,193
AU,1992,F,Kelly,107
AU,1992,F,Kimberley,92
AU,1992,F,Kristy,92
AU,1992,F,Laura,453
AU,1992,F,Lauren,511
AU,1992,F,Lisa,212
AU,1992,F,Louise,96
AU,1992,F,Lucy,182
AU,1992,F,Maddison,91
AU,1992,F,Madeleine,148
AU,1992,F,Madeline,118
AU,1992,F,Megan,231
AU,1992,F,Melanie,149
AU,1992,F,Melissa,332
AU,1992,F,Michelle,232
AU,1992,F,Monique,111
AU,1992,F,Naomi,97
AU,1992,F,Natalie,327
AU,1992,F,Natasha,273
AU,1992,F,Nicola,119
AU,1992,F,Nicole,379
AU,1992,F,Olivia,196
AU,1992,F,Paige,120
AU,1992,F,Rachael,168
AU,1992,F,Rachel,367
AU,1992,F,Rebecca,709
AU,1992,F,Rebekah,117
AU,1992,F,Renee,137
AU,1992,F,Rhiannon,115
AU,1992,F,Samantha,722
AU,1992,F,Sarah,875
AU,1992,F,Shannon,115
AU,1992,F,Simone,98
AU,1992,F,Sophie,262
AU,1992,F,Stacey,110
AU,1992,F,Stephanie,557
AU,1992,F,Tamara,138
AU,1992,F,Tara,137
AU,1992,F,Taylor,119
AU,1992,F,Tegan,125
AU,1992,F,Tiffany,119
AU,1992,F,Vanessa,138
AU,1992,F,Victoria,115
AU,1992,F,Zoe,152
AU,1992,M,Aaron,474
AU,1992,M,Adam,482
AU,1992,M,Adrian,136
AU,1992,M,Alex,193
AU,1992,M,Alexander,673
AU,1992,M,Andrew,834
AU,1992,M,Angus,136
AU,1992,M,Anthony,365
AU,1992,M,Beau,86
AU,1992,M,Ben,122
AU,1992,M,Benjamin,887
AU,1992,M,Blake,464
AU,1992,M,Bradley,394
AU,1992,M,Brandon,202
AU,1992,M,Brendan,269
AU,1992,M,Brent,89
AU,1992,M,Brett,91
AU,1992,M,Bryce,98
AU,1992,M,Callum,98
AU,1992,M,Cameron,414
AU,1992,M,Charles,87
AU,1992,M,Christopher,870
AU,1992,M,Corey,240
AU,1992,M,Damien,90
AU,1992,M,Daniel,1226
AU,1992,M,David,566
AU,1992,M,Dean,200
AU,1992,M,Dominic,114
AU,1992,M,Dylan,471
AU,1992,M,Edward,139
AU,1992,M,Ethan,172
AU,1992,M,George,123
AU,1992,M,Harley,126
AU,1992,M,Harrison,87
AU,1992,M,Harry,88
AU,1992,M,Hayden,165
AU,1992,M,Jack,482
AU,1992,M,Jackson,175
AU,1992,M,Jacob,454
AU,1992,M,Jake,530
AU,1992,M,James,1178
AU,1992,M,Jamie,175
AU,1992,M,Jared,89
AU,1992,M,Jarrod,119
AU,1992,M,Jason,350
AU,1992,M,Jay,86
AU,1992,M,Jeremy,175
AU,1992,M,Jesse,293
AU,1992,M,Joel,255
AU,1992,M,John,343
AU,1992,M,Jonathan,203
AU,1992,M,Jonathon,92
AU,1992,M,Jordan,405
AU,1992,M,Joseph,294
AU,1992,M,Joshua,1238
AU,1992,M,Julian,86
AU,1992,M,Justin,323
AU,1992,M,Kevin,135
AU,1992,M,Kieran,123
AU,1992,M,Kurt,112
AU,1992,M,Kyle,233
AU,1992,M,Lachlan,293
AU,1992,M,Liam,215
AU,1992,M,Luke,741
AU,1992,M,Mark,232
AU,1992,M,Martin,87
AU,1992,M,Mathew,209
AU,1992,M,Matthew,1239
AU,1992,M,Max,95
AU,1992,M,Michael,962
AU,1992,M,Mitchell,794
AU,1992,M,Nathan,675
AU,1992,M,Nicholas,692
AU,1992,M,Oliver,95
AU,1992,M,Patrick,312
AU,1992,M,Paul,194
AU,1992,M,Peter,303
AU,1992,M,Phillip,125
AU,1992,M,Reece,124
AU,1992,M,Rhys,180
AU,1992,M,Richard,144
AU,1992,M,Robert,327
AU,1992,M,Ryan,543
AU,1992,M,Sam,151
AU,1992,M,Samuel,625
AU,1992,M,Scott,325
AU,1992,M,Sean,237
AU,1992,M,Shane,159
AU,1992,M,Shaun,146
AU,1992,M,Simon,174
AU,1992,M,Stephen,187
AU,1992,M,Steven,249
AU,1992,M,Taylor,101
AU,1992,M,Thomas,789
AU,1992,M,Timothy,489
AU,1992,M,Todd,103
AU,1992,M,Trent,122
AU,1992,M,Troy,113
AU,1992,M,William,388
AU,1992,M,Zachary,184
AU,1993,F,Aimee,101
AU,1993,F,Alana,118
AU,1993,F,Alexandra,316
AU,1993,F,Alice,95
AU,1993,F,Alicia,83
AU,1993,F,Alison,95
AU,1993,F,Amanda,226
AU,1993,F,Amber,135
AU,1993,F,Amelia,126
AU,1993,F,Amy,445
AU,1993,F,Angela,130
AU,1993,F,Anna,165
AU,1993,F,Ashleigh,335
AU,1993,F,Ashley,241
AU,1993,F,Bianca,158
AU,1993,F,Brianna,93
AU,1993,F,Brittany,314
AU,1993,F,Brooke,274
AU,1993,F,Caitlin,282
AU,1993,F,Casey,103
AU,1993,F,Cassandra,249
AU,1993,F,Catherine,99
AU,1993,F,Chantelle,86
AU,1993,F,Charlotte,91
AU,1993,F,Chelsea,103
AU,1993,F,Chloe,254
AU,1993,F,Christina,85
AU,1993,F,Claire,118
AU,1993,F,Courtney,280
AU,1993,F,Danielle,239
AU,1993,F,Ebony,94
AU,1993,F,Elise,93
AU,1993,F,Elizabeth,289
AU,1993,F,Ellen,120
AU,1993,F,Emily,783
AU,1993,F,Emma,579
AU,1993,F,Erin,192
AU,1993,F,Gabrielle,146
AU,1993,F,Gemma,109
AU,1993,F,Georgia,318
AU,1993,F,Grace,175
AU,1993,F,Hannah,379
AU,1993,F,Hayley,217
AU,1993,F,Holly,109
AU,1993,F,Isabella,111
AU,1993,F,Jacqueline,141
AU,1993,F,Jade,191
AU,1993,F,Jasmine,158
AU,1993,F,Jennifer,165
AU,1993,F,Jessica,1315
AU,1993,F,Jordan,111
AU,1993,F,Kate,263
AU,1993,F,Katherine,135
AU,1993,F,Kathryn,91
AU,1993,F,Katie,158
AU,1993,F,Kayla,201
AU,1993,F,Kelly,104
AU,1993,F,Kimberley,117
AU,1993,F,Laura,433
AU,1993,F,Lauren,470
AU,1993,F,Lisa,137
AU,1993,F,Lucy,178
AU,1993,F,Maddison,155
AU,1993,F,Madeleine,145
AU,1993,F,Madeline,116
AU,1993,F,Madison,114
AU,1993,F,Megan,204
AU,1993,F,Melanie,157
AU,1993,F,Melissa,312
AU,1993,F,Michelle,221
AU,1993,F,Monique,122
AU,1993,F,Naomi,105
AU,1993,F,Natalie,312
AU,1993,F,Natasha,220
AU,1993,F,Nicole,318
AU,1993,F,Olivia,209
AU,1993,F,Paige,144
AU,1993,F,Rachael,160
AU,1993,F,Rachel,379
AU,1993,F,Rebecca,637
AU,1993,F,Rebekah,119
AU,1993,F,Renee,170
AU,1993,F,Rhiannon,110
AU,1993,F,Sally,84
AU,1993,F,Samantha,583
AU,1993,F,Sarah,838
AU,1993,F,Shannon,162
AU,1993,F,Sophie,200
AU,1993,F,Stacey,89
AU,1993,F,Stephanie,560
AU,1993,F,Tamara,154
AU,1993,F,Tara,145
AU,1993,F,Tayla,126
AU,1993,F,Taylor,192
AU,1993,F,Tegan,126
AU,1993,F,Tiffany,103
AU,1993,F,Tori,105
AU,1993,F,Vanessa,115
AU,1993,F,Victoria,121
AU,1993,F,Zoe,150
AU,1993,M,Aaron,434
AU,1993,M,Adam,429
AU,1993,M,Adrian,148
AU,1993,M,Aidan,84
AU,1993,M,Alex,177
AU,1993,M,Alexander,671
AU,1993,M,Andrew,685
AU,1993,M,Angus,113
AU,1993,M,Anthony,334
AU,1993,M,Ashley,88
AU,1993,M,Beau,105
AU,1993,M,Ben,113
AU,1993,M,Benjamin,780
AU,1993,M,Blake,474
AU,1993,M,Bradley,349
AU,1993,M,Brandon,253
AU,1993,M,Brendan,246
AU,1993,M,Brendon,78
AU,1993,M,Bryce,115
AU,1993,M,Callum,105
AU,1993,M,Cameron,409
AU,1993,M,Christian,89
AU,1993,M,Christopher,788
AU,1993,M,Cody,124
AU,1993,M,Corey,212
AU,1993,M,Damien,85
AU,1993,M,Daniel,1103
AU,1993,M,David,478
AU,1993,M,Dean,189
AU,1993,M,Dominic,111
AU,1993,M,Dylan,592
AU,1993,M,Edward,105
AU,1993,M,Eric,78
AU,1993,M,Ethan,167
AU,1993,M,George,128
AU,1993,M,Harley,121
AU,1993,M,Harrison,116
AU,1993,M,Hayden,228
AU,1993,M,Henry,79
AU,1993,M,Isaac,89
AU,1993,M,Jack,600
AU,1993,M,Jackson,224
AU,1993,M,Jacob,519
AU,1993,M,Jake,684
AU,1993,M,James,1029
AU,1993,M,Jamie,154
AU,1993,M,Jarrod,153
AU,1993,M,Jason,324
AU,1993,M,Jayden,104
AU,1993,M,Jeremy,205
AU,1993,M,Jesse,248
AU,1993,M,Joel,256
AU,1993,M,John,327
AU,1993,M,Jonathan,180
AU,1993,M,Jonathon,79
AU,1993,M,Jordan,505
AU,1993,M,Joseph,283
AU,1993,M,Joshua,1187
AU,1993,M,Justin,323
AU,1993,M,Kevin,166
AU,1993,M,Kieran,107
AU,1993,M,Kurt,94
AU,1993,M,Kyle,209
AU,1993,M,Lachlan,294
AU,1993,M,Liam,223
AU,1993,M,Luke,880
AU,1993,M,Mark,249
AU,1993,M,Mathew,201
AU,1993,M,Matthew,1103
AU,1993,M,Michael,895
AU,1993,M,Mitchell,717
AU,1993,M,Nathan,616
AU,1993,M,Nicholas,776
AU,1993,M,Oliver,123
AU,1993,M,Patrick,297
AU,1993,M,Paul,149
AU,1993,M,Peter,276
AU,1993,M,Phillip,100
AU,1993,M,Reece,100
AU,1993,M,Rhys,145
AU,1993,M,Richard,109
AU,1993,M,Robert,298
AU,1993,M,Ryan,477
AU,1993,M,Sam,143
AU,1993,M,Samuel,615
AU,1993,M,Scott,260
AU,1993,M,Sean,212
AU,1993,M,Shane,132
AU,1993,M,Shaun,153
AU,1993,M,Simon,130
AU,1993,M,Stephen,145
AU,1993,M,Steven,231
AU,1993,M,Taylor,89
AU,1993,M,Thomas,735
AU,1993,M,Timothy,439
AU,1993,M,Trent,90
AU,1993,M,Troy,84
AU,1993,M,Tyler,107
AU,1993,M,William,445
AU,1993,M,Zachary,211
AU,1994,F,Alana,101
AU,1994,F,Alexandra,295
AU,1994,F,Alice,111
AU,1994,F,Alicia,87
AU,1994,F,Alison,90
AU,1994,F,Amanda,195
AU,1994,F,Amber,122
AU,1994,F,Amelia,132
AU,1994,F,Amy,392
AU,1994,F,Angela,126
AU,1994,F,Anna,128
AU,1994,F,Ashlee,116
AU,1994,F,Ashleigh,287
AU,1994,F,Ashley,227
AU,1994,F,Bethany,86
AU,1994,F,Bianca,177
AU,1994,F,Brianna,136
AU,1994,F,Brittany,270
AU,1994,F,Bronte,86
AU,1994,F,Brooke,301
AU,1994,F,Caitlin,297
AU,1994,F,Casey,91
AU,1994,F,Cassandra,236
AU,1994,F,Chantelle,105
AU,1994,F,Charlotte,117
AU,1994,F,Chelsea,136
AU,1994,F,Chloe,234
AU,1994,F,Claire,127
AU,1994,F,Claudia,111
AU,1994,F,Courtney,359
AU,1994,F,Danielle,239
AU,1994,F,Ebony,123
AU,1994,F,Elizabeth,247
AU,1994,F,Ellen,123
AU,1994,F,Emily,736
AU,1994,F,Emma,522
AU,1994,F,Erin,189
AU,1994,F,Gabrielle,182
AU,1994,F,Gemma,134
AU,1994,F,Georgia,355
AU,1994,F,Georgina,94
AU,1994,F,Grace,170
AU,1994,F,Hannah,381
AU,1994,F,Hayley,192
AU,1994,F,Holly,142
AU,1994,F,Isabella,143
AU,1994,F,Jacqueline,119
AU,1994,F,Jade,184
AU,1994,F,Jasmine,164
AU,1994,F,Jennifer,167
AU,1994,F,Jessica,1196
AU,1994,F,Jessie,91
AU,1994,F,Jordan,88
AU,1994,F,Kaitlyn,90
AU,1994,F,Kate,264
AU,1994,F,Katherine,116
AU,1994,F,Katie,133
AU,1994,F,Kayla,212
AU,1994,F,Kimberley,142
AU,1994,F,Laura,398
AU,1994,F,Lauren,467
AU,1994,F,Lisa,123
AU,1994,F,Lucy,149
AU,1994,F,Maddison,196
AU,1994,F,Madeleine,191
AU,1994,F,Madeline,148
AU,1994,F,Madison,135
AU,1994,F,Megan,185
AU,1994,F,Melanie,134
AU,1994,F,Melissa,249
AU,1994,F,Michelle,167
AU,1994,F,Mikaela,97
AU,1994,F,Monique,119
AU,1994,F,Naomi,109
AU,1994,F,Natalie,259
AU,1994,F,Natasha,215
AU,1994,F,Nicole,284
AU,1994,F,Olivia,234
AU,1994,F,Paige,140
AU,1994,F,Rachael,150
AU,1994,F,Rachel,332
AU,1994,F,Rebecca,561
AU,1994,F,Rebekah,97
AU,1994,F,Renee,121
AU,1994,F,Rhiannon,129
AU,1994,F,Samantha,481
AU,1994,F,Sarah,827
AU,1994,F,Shannon,106
AU,1994,F,Sophie,218
AU,1994,F,Stephanie,542
AU,1994,F,Tamara,140
AU,1994,F,Tara,123
AU,1994,F,Tayla,173
AU,1994,F,Taylor,210
AU,1994,F,Tegan,124
AU,1994,F,Tiffany,98
AU,1994,F,Tori,135
AU,1994,F,Vanessa,116
AU,1994,F,Victoria,118
AU,1994,F,Zoe,139
AU,1994,M,Aaron,398
AU,1994,M,Adam,417
AU,1994,M,Adrian,154
AU,1994,M,Aidan,119
AU,1994,M,Alex,170
AU,1994,M,Alexander,635
AU,1994,M,Andrew,608
AU,1994,M,Angus,105
AU,1994,M,Anthony,315
AU,1994,M,Beau,107
AU,1994,M,Ben,91
AU,1994,M,Benjamin,802
AU,1994,M,Blake,441
AU,1994,M,Bradley,324
AU,1994,M,Brandon,249
AU,1994,M,Brendan,236
AU,1994,M,Brodie,111
AU,1994,M,Bryce,96
AU,1994,M,Callum,104
AU,1994,M,Cameron,360
AU,1994,M,Charles,80
AU,1994,M,Christian,107
AU,1994,M,Christopher,678
AU,1994,M,Cody,126
AU,1994,M,Connor,92
AU,1994,M,Corey,234
AU,1994,M,Daniel,1060
AU,1994,M,David,429
AU,1994,M,Dean,167
AU,1994,M,Dominic,93
AU,1994,M,Dylan,562
AU,1994,M,Edward,111
AU,1994,M,Ethan,155
AU,1994,M,George,144
AU,1994,M,Harley,112
AU,1994,M,Harrison,181
AU,1994,M,Harry,97
AU,1994,M,Hayden,326
AU,1994,M,Isaac,80
AU,1994,M,Jack,725
AU,1994,M,Jackson,232
AU,1994,M,Jacob,500
AU,1994,M,Jake,781
AU,1994,M,James,950
AU,1994,M,Jamie,156
AU,1994,M,Jarrod,210
AU,1994,M,Jason,297
AU,1994,M,Jay,81
AU,1994,M,Jayden,172
AU,1994,M,Jeremy,212
AU,1994,M,Jesse,231
AU,1994,M,Joel,248
AU,1994,M,John,292
AU,1994,M,Jonathan,195
AU,1994,M,Jonathon,91
AU,1994,M,Jordan,653
AU,1994,M,Joseph,303
AU,1994,M,Joshua,1130
AU,1994,M,Julian,86
AU,1994,M,Justin,279
AU,1994,M,Kevin,143
AU,1994,M,Kieran,122
AU,1994,M,Kurt,95
AU,1994,M,Kyle,195
AU,1994,M,Lachlan,347
AU,1994,M,Liam,264
AU,1994,M,Luke,814
AU,1994,M,Mark,207
AU,1994,M,Mathew,154
AU,1994,M,Matthew,1108
AU,1994,M,Max,93
AU,1994,M,Michael,780
AU,1994,M,Mitchell,695
AU,1994,M,Nathan,643
AU,1994,M,Nicholas,753
AU,1994,M,Oliver,125
AU,1994,M,Patrick,331
AU,1994,M,Paul,124
AU,1994,M,Peter,262
AU,1994,M,Phillip,94
AU,1994,M,Reece,99
AU,1994,M,Rhys,148
AU,1994,M,Richard,111
AU,1994,M,Robert,242
AU,1994,M,Ryan,477
AU,1994,M,Sam,131
AU,1994,M,Samuel,548
AU,1994,M,Scott,217
AU,1994,M,Sean,231
AU,1994,M,Shane,118
AU,1994,M,Shaun,142
AU,1994,M,Simon,127
AU,1994,M,Stephen,135
AU,1994,M,Steven,197
AU,1994,M,Thomas,739
AU,1994,M,Timothy,387
AU,1994,M,Trent,90
AU,1994,M,Tyler,122
AU,1994,M,William,383
AU,1994,M,Zachary,294
AU,1995,F,Alana,86
AU,1995,F,Alexandra,286
AU,1995,F,Alice,94
AU,1995,F,Alison,86
AU,1995,F,Amanda,155
AU,1995,F,Amber,152
AU,1995,F,Amelia,151
AU,1995,F,Amy,362
AU,1995,F,Angela,118
AU,1995,F,Anna,140
AU,1995,F,Ashlee,103
AU,1995,F,Ashleigh,280
AU,1995,F,Ashley,223
AU,1995,F,Bianca,180
AU,1995,F,Brianna,127
AU,1995,F,Brittany,289
AU,1995,F,Brooke,297
AU,1995,F,Caitlin,282
AU,1995,F,Casey,85
AU,1995,F,Cassandra,204
AU,1995,F,Chantelle,102
AU,1995,F,Charlotte,103
AU,1995,F,Chelsea,132
AU,1995,F,Chloe,291
AU,1995,F,Claire,115
AU,1995,F,Claudia,124
AU,1995,F,Courtney,333
AU,1995,F,Danielle,207
AU,1995,F,Ebony,126
AU,1995,F,Eliza,91
AU,1995,F,Elizabeth,257
AU,1995,F,Ellen,103
AU,1995,F,Emily,812
AU,1995,F,Emma,513
AU,1995,F,Erin,170
AU,1995,F,Gabrielle,162
AU,1995,F,Gemma,104
AU,1995,F,Georgia,336
AU,1995,F,Grace,242
AU,1995,F,Hannah,350
AU,1995,F,Hayley,179
AU,1995,F,Holly,161
AU,1995,F,Isabella,219
AU,1995,F,Jacqueline,102
AU,1995,F,Jade,185
AU,1995,F,Jasmine,197
AU,1995,F,Jennifer,109
AU,1995,F,Jessica,1277
AU,1995,F,Jessie,98
AU,1995,F,Julia,90
AU,1995,F,Kate,252
AU,1995,F,Katelyn,86
AU,1995,F,Katherine,102
AU,1995,F,Katie,119
AU,1995,F,Kayla,189
AU,1995,F,Kelly,85
AU,1995,F,Kimberley,118
AU,1995,F,Laura,382
AU,1995,F,Lauren,475
AU,1995,F,Lisa,105
AU,1995,F,Louise,84
AU,1995,F,Lucy,156
AU,1995,F,Maddison,263
AU,1995,F,Madeleine,202
AU,1995,F,Madeline,174
AU,1995,F,Madison,201
AU,1995,F,Megan,160
AU,1995,F,Melanie,118
AU,1995,F,Melissa,206
AU,1995,F,Michelle,135
AU,1995,F,Mikaela,91
AU,1995,F,Monique,191
AU,1995,F,Naomi,105
AU,1995,F,Natalie,214
AU,1995,F,Natasha,202
AU,1995,F,Nicole,281
AU,1995,F,Olivia,249
AU,1995,F,Paige,136
AU,1995,F,Rachael,157
AU,1995,F,Rachel,316
AU,1995,F,Rebecca,484
AU,1995,F,Renee,133
AU,1995,F,Rhiannon,114
AU,1995,F,Samantha,456
AU,1995,F,Sarah,778
AU,1995,F,Shannon,155
AU,1995,F,Sophie,256
AU,1995,F,Stephanie,452
AU,1995,F,Tahlia,97
AU,1995,F,Tamara,113
AU,1995,F,Tara,113
AU,1995,F,Tayla,177
AU,1995,F,Taylah,111
AU,1995,F,Taylor,273
AU,1995,F,Tegan,105
AU,1995,F,Tiffany,109
AU,1995,F,Tori,115
AU,1995,F,Vanessa,120
AU,1995,F,Victoria,127
AU,1995,F,Zoe,189
AU,1995,M,Aaron,390
AU,1995,M,Adam,399
AU,1995,M,Adrian,152
AU,1995,M,Aidan,104
AU,1995,M,Alex,175
AU,1995,M,Alexander,533
AU,1995,M,Andrew,589
AU,1995,M,Angus,156
AU,1995,M,Anthony,350
AU,1995,M,Ben,89
AU,1995,M,Benjamin,762
AU,1995,M,Blake,445
AU,1995,M,Bradley,347
AU,1995,M,Brandon,262
AU,1995,M,Brendan,232
AU,1995,M,Brodie,113
AU,1995,M,Bryce,114
AU,1995,M,Callum,120
AU,1995,M,Cameron,351
AU,1995,M,Christian,93
AU,1995,M,Christopher,558
AU,1995,M,Cody,175
AU,1995,M,Connor,141
AU,1995,M,Corey,236
AU,1995,M,Daniel,1019
AU,1995,M,David,379
AU,1995,M,Dean,191
AU,1995,M,Dominic,93
AU,1995,M,Dylan,642
AU,1995,M,Edward,109
AU,1995,M,Ethan,176
AU,1995,M,George,126
AU,1995,M,Harley,91
AU,1995,M,Harrison,222
AU,1995,M,Harry,99
AU,1995,M,Hayden,315
AU,1995,M,Henry,86
AU,1995,M,Isaac,88
AU,1995,M,Jack,766
AU,1995,M,Jackson,232
AU,1995,M,Jacob,518
AU,1995,M,Jake,664
AU,1995,M,James,910
AU,1995,M,Jamie,119
AU,1995,M,Jarrod,213
AU,1995,M,Jason,283
AU,1995,M,Jay,82
AU,1995,M,Jayden,225
AU,1995,M,Jeremy,189
AU,1995,M,Jesse,247
AU,1995,M,Joel,248
AU,1995,M,John,267
AU,1995,M,Jonathan,176
AU,1995,M,Jordan,548
AU,1995,M,Joseph,242
AU,1995,M,Joshua,1259
AU,1995,M,Justin,245
AU,1995,M,Kane,85
AU,1995,M,Kevin,108
AU,1995,M,Kieran,95
AU,1995,M,Kurt,98
AU,1995,M,Kyle,225
AU,1995,M,Lachlan,425
AU,1995,M,Liam,419
AU,1995,M,Lucas,96
AU,1995,M,Luke,698
AU,1995,M,Marcus,85
AU,1995,M,Mark,187
AU,1995,M,Mathew,156
AU,1995,M,Matthew,1018
AU,1995,M,Max,102
AU,1995,M,Michael,637
AU,1995,M,Mitchell,643
AU,1995,M,Nathan,617
AU,1995,M,Nicholas,720
AU,1995,M,Oliver,116
AU,1995,M,Patrick,310
AU,1995,M,Paul,115
AU,1995,M,Peter,223
AU,1995,M,Reece,98
AU,1995,M,Rhys,122
AU,1995,M,Richard,82
AU,1995,M,Robert,240
AU,1995,M,Ryan,441
AU,1995,M,Sam,114
AU,1995,M,Samuel,509
AU,1995,M,Scott,217
AU,1995,M,Sean,205
AU,1995,M,Shane,89
AU,1995,M,Shaun,100
AU,1995,M,Simon,89
AU,1995,M,Stephen,112
AU,1995,M,Steven,176
AU,1995,M,Thomas,767
AU,1995,M,Timothy,334
AU,1995,M,Trent,102
AU,1995,M,Tyler,139
AU,1995,M,Tyson,101
AU,1995,M,William,432
AU,1995,M,Zachary,302
AU,1996,F,Abbey,95
AU,1996,F,Alana,104
AU,1996,F,Alexandra,232
AU,1996,F,Alice,82
AU,1996,F,Alicia,83
AU,1996,F,Alison,83
AU,1996,F,Amanda,152
AU,1996,F,Amber,109
AU,1996,F,Amelia,143
AU,1996,F,Amy,321
AU,1996,F,Angela,121
AU,1996,F,Anna,148
AU,1996,F,Ashleigh,240
AU,1996,F,Ashley,192
AU,1996,F,Bethany,83
AU,1996,F,Bianca,165
AU,1996,F,Brianna,160
AU,1996,F,Brittany,247
AU,1996,F,Bronte,82
AU,1996,F,Brooke,284
AU,1996,F,Caitlin,306
AU,1996,F,Cassandra,152
AU,1996,F,Chantelle,96
AU,1996,F,Charlotte,91
AU,1996,F,Chelsea,150
AU,1996,F,Chloe,371
AU,1996,F,Christina,96
AU,1996,F,Claire,115
AU,1996,F,Claudia,172
AU,1996,F,Courtney,345
AU,1996,F,Danielle,203
AU,1996,F,Ebony,111
AU,1996,F,Eliza,128
AU,1996,F,Elizabeth,232
AU,1996,F,Ellen,106
AU,1996,F,Emily,748
AU,1996,F,Emma,573
AU,1996,F,Erin,148
AU,1996,F,Gabrielle,131
AU,1996,F,Gemma,88
AU,1996,F,Georgia,380
AU,1996,F,Grace,218
AU,1996,F,Hannah,331
AU,1996,F,Hayley,170
AU,1996,F,Holly,154
AU,1996,F,Isabella,254
AU,1996,F,Isabelle,84
AU,1996,F,Jade,199
AU,1996,F,Jasmine,215
AU,1996,F,Jennifer,137
AU,1996,F,Jessica,1073
AU,1996,F,Jessie,91
AU,1996,F,Jordan,123
AU,1996,F,Julia,88
AU,1996,F,Kate,204
AU,1996,F,Katherine,109
AU,1996,F,Katie,100
AU,1996,F,Kayla,178
AU,1996,F,Kimberley,86
AU,1996,F,Laura,323
AU,1996,F,Lauren,395
AU,1996,F,Lisa,94
AU,1996,F,Lucy,166
AU,1996,F,Maddison,315
AU,1996,F,Madeleine,201
AU,1996,F,Madeline,179
AU,1996,F,Madison,194
AU,1996,F,Megan,137
AU,1996,F,Melanie,100
AU,1996,F,Melissa,192
AU,1996,F,Michelle,145
AU,1996,F,Molly,92
AU,1996,F,Monique,148
AU,1996,F,Naomi,91
AU,1996,F,Natalie,220
AU,1996,F,Natasha,202
AU,1996,F,Nicola,84
AU,1996,F,Nicole,191
AU,1996,F,Olivia,250
AU,1996,F,Paige,163
AU,1996,F,Rachael,113
AU,1996,F,Rachel,254
AU,1996,F,Rebecca,357
AU,1996,F,Renee,98
AU,1996,F,Rhiannon,95
AU,1996,F,Samantha,473
AU,1996,F,Sarah,722
AU,1996,F,Shannon,139
AU,1996,F,Sophie,296
AU,1996,F,Stephanie,352
AU,1996,F,Tahlia,108
AU,1996,F,Tamara,84
AU,1996,F,Tara,95
AU,1996,F,Tayla,226
AU,1996,F,Taylah,137
AU,1996,F,Taylor,255
AU,1996,F,Tegan,106
AU,1996,F,Vanessa,106
AU,1996,F,Victoria,123
AU,1996,F,Zoe,213
AU,1996,M,Aaron,375
AU,1996,M,Adam,385
AU,1996,M,Adrian,127
AU,1996,M,Aidan,110
AU,1996,M,Alex,172
AU,1996,M,Alexander,495
AU,1996,M,Andrew,486
AU,1996,M,Angus,168
AU,1996,M,Anthony,305
AU,1996,M,Bailey,95
AU,1996,M,Ben,101
AU,1996,M,Benjamin,631
AU,1996,M,Blake,408
AU,1996,M,Bradley,344
AU,1996,M,Brandon,255
AU,1996,M,Brendan,189
AU,1996,M,Brodie,124
AU,1996,M,Bryce,112
AU,1996,M,Caleb,112
AU,1996,M,Callum,126
AU,1996,M,Cameron,324
AU,1996,M,Charles,97
AU,1996,M,Christian,109
AU,1996,M,Christopher,538
AU,1996,M,Cody,174
AU,1996,M,Connor,226
AU,1996,M,Corey,263
AU,1996,M,Daniel,956
AU,1996,M,David,360
AU,1996,M,Dean,166
AU,1996,M,Dominic,102
AU,1996,M,Dylan,558
AU,1996,M,Edward,125
AU,1996,M,Ethan,169
AU,1996,M,George,120
AU,1996,M,Harrison,219
AU,1996,M,Harry,111
AU,1996,M,Hayden,297
AU,1996,M,Henry,107
AU,1996,M,Isaac,123
AU,1996,M,Jack,802
AU,1996,M,Jackson,245
AU,1996,M,Jacob,517
AU,1996,M,Jake,640
AU,1996,M,James,933
AU,1996,M,Jamie,146
AU,1996,M,Jarrod,179
AU,1996,M,Jason,249
AU,1996,M,Jay,90
AU,1996,M,Jayden,261
AU,1996,M,Jeremy,163
AU,1996,M,Jesse,332
AU,1996,M,Joel,243
AU,1996,M,John,258
AU,1996,M,Jonathan,159
AU,1996,M,Jordan,552
AU,1996,M,Joseph,274
AU,1996,M,Joshua,1254
AU,1996,M,Justin,222
AU,1996,M,Kevin,156
AU,1996,M,Kurt,87
AU,1996,M,Kyle,199
AU,1996,M,Lachlan,483
AU,1996,M,Liam,516
AU,1996,M,Lucas,93
AU,1996,M,Luke,635
AU,1996,M,Mark,169
AU,1996,M,Mathew,121
AU,1996,M,Matthew,910
AU,1996,M,Max,101
AU,1996,M,Michael,634
AU,1996,M,Mitchell,619
AU,1996,M,Nathan,526
AU,1996,M,Nicholas,680
AU,1996,M,Oliver,129
AU,1996,M,Patrick,293
AU,1996,M,Peter,229
AU,1996,M,Reece,97
AU,1996,M,Rhys,130
AU,1996,M,Richard,92
AU,1996,M,Riley,100
AU,1996,M,Robert,226
AU,1996,M,Ryan,495
AU,1996,M,Sam,131
AU,1996,M,Samuel,532
AU,1996,M,Scott,158
AU,1996,M,Sean,173
AU,1996,M,Shane,104
AU,1996,M,Shaun,88
AU,1996,M,Simon,87
AU,1996,M,Stephen,98
AU,1996,M,Steven,155
AU,1996,M,Thomas,749
AU,1996,M,Timothy,296
AU,1996,M,Travis,100
AU,1996,M,Tristan,90
AU,1996,M,Tyler,141
AU,1996,M,Tyson,94
AU,1996,M,William,485
AU,1996,M,Zachary,317
AU,1997,F,Abbey,113
AU,1997,F,Alana,94
AU,1997,F,Alexandra,231
AU,1997,F,Alice,85
AU,1997,F,Alicia,95
AU,1997,F,Amanda,109
AU,1997,F,Amber,137
AU,1997,F,Amelia,142
AU,1997,F,Amy,318
AU,1997,F,Angela,105
AU,1997,F,Anna,120
AU,1997,F,Ashleigh,244
AU,1997,F,Ashley,168
AU,1997,F,Bethany,108
AU,1997,F,Bianca,144
AU,1997,F,Brianna,164
AU,1997,F,Brittany,228
AU,1997,F,Bronte,83
AU,1997,F,Brooke,293
AU,1997,F,Caitlin,337
AU,1997,F,Cassandra,141
AU,1997,F,Charlotte,122
AU,1997,F,Chelsea,196
AU,1997,F,Chloe,444
AU,1997,F,Claire,122
AU,1997,F,Claudia,166
AU,1997,F,Courtney,368
AU,1997,F,Danielle,144
AU,1997,F,Ebony,124
AU,1997,F,Eliza,121
AU,1997,F,Elizabeth,211
AU,1997,F,Emily,767
AU,1997,F,Emma,517
AU,1997,F,Erin,156
AU,1997,F,Gabrielle,150
AU,1997,F,Gemma,82
AU,1997,F,Georgia,468
AU,1997,F,Grace,249
AU,1997,F,Hannah,408
AU,1997,F,Hayley,150
AU,1997,F,Holly,159
AU,1997,F,Isabella,321
AU,1997,F,Isabelle,95
AU,1997,F,Jacqueline,80
AU,1997,F,Jade,197
AU,1997,F,Jasmine,221
AU,1997,F,Jennifer,136
AU,1997,F,Jessica,917
AU,1997,F,Jordan,138
AU,1997,F,Julia,95
AU,1997,F,Kaitlyn,107
AU,1997,F,Kate,201
AU,1997,F,Katherine,89
AU,1997,F,Katie,103
AU,1997,F,Kayla,183
AU,1997,F,Laura,311
AU,1997,F,Lauren,378
AU,1997,F,Lily,100
AU,1997,F,Lisa,80
AU,1997,F,Lucy,145
AU,1997,F,Maddison,256
AU,1997,F,Madeleine,190
AU,1997,F,Madeline,202
AU,1997,F,Madison,231
AU,1997,F,Megan,152
AU,1997,F,Melanie,96
AU,1997,F,Melissa,145
AU,1997,F,Mia,85
AU,1997,F,Michelle,119
AU,1997,F,Mikaela,82
AU,1997,F,Mikayla,100
AU,1997,F,Molly,87
AU,1997,F,Monica,88
AU,1997,F,Monique,158
AU,1997,F,Natalie,197
AU,1997,F,Natasha,192
AU,1997,F,Nicola,84
AU,1997,F,Nicole,187
AU,1997,F,Olivia,287
AU,1997,F,Paige,136
AU,1997,F,Rachael,144
AU,1997,F,Rachel,283
AU,1997,F,Rebecca,382
AU,1997,F,Rhiannon,116
AU,1997,F,Ruby,99
AU,1997,F,Samantha,433
AU,1997,F,Sarah,670
AU,1997,F,Shania,87
AU,1997,F,Shannon,124
AU,1997,F,Sophia,84
AU,1997,F,Sophie,307
AU,1997,F,Stephanie,291
AU,1997,F,Tahlia,106
AU,1997,F,Tara,91
AU,1997,F,Tayla,197
AU,1997,F,Taylah,218
AU,1997,F,Taylor,274
AU,1997,F,Vanessa,98
AU,1997,F,Victoria,127
AU,1997,F,Zoe,248
AU,1997,M,Aaron,294
AU,1997,M,Adam,355
AU,1997,M,Adrian,105
AU,1997,M,Aidan,111
AU,1997,M,Alex,165
AU,1997,M,Alexander,486
AU,1997,M,Ali,85
AU,1997,M,Andrew,448
AU,1997,M,Angus,154
AU,1997,M,Anthony,254
AU,1997,M,Bailey,196
AU,1997,M,Ben,101
AU,1997,M,Benjamin,680
AU,1997,M,Blake,338
AU,1997,M,Bradley,310
AU,1997,M,Brandon,341
AU,1997,M,Brayden,102
AU,1997,M,Brendan,205
AU,1997,M,Brock,116
AU,1997,M,Brodie,117
AU,1997,M,Bryce,94
AU,1997,M,Caleb,166
AU,1997,M,Callum,122
AU,1997,M,Cameron,282
AU,1997,M,Christian,110
AU,1997,M,Christopher,463
AU,1997,M,Cody,165
AU,1997,M,Connor,274
AU,1997,M,Corey,201
AU,1997,M,Daniel,880
AU,1997,M,David,305
AU,1997,M,Dean,131
AU,1997,M,Dominic,117
AU,1997,M,Dylan,594
AU,1997,M,Edward,106
AU,1997,M,Ethan,258
AU,1997,M,George,137
AU,1997,M,Hamish,116
AU,1997,M,Harrison,234
AU,1997,M,Harry,128
AU,1997,M,Hayden,299
AU,1997,M,Henry,118
AU,1997,M,Isaac,169
AU,1997,M,Jack,828
AU,1997,M,Jackson,239
AU,1997,M,Jacob,528
AU,1997,M,Jake,553
AU,1997,M,James,872
AU,1997,M,Jamie,100
AU,1997,M,Jarrod,177
AU,1997,M,Jason,220
AU,1997,M,Jayden,384
AU,1997,M,Jeremy,155
AU,1997,M,Jesse,258
AU,1997,M,Joel,232
AU,1997,M,John,229
AU,1997,M,Jonathan,167
AU,1997,M,Jordan,508
AU,1997,M,Joseph,259
AU,1997,M,Joshua,1296
AU,1997,M,Justin,219
AU,1997,M,Kevin,138
AU,1997,M,Kyle,282
AU,1997,M,Lachlan,714
AU,1997,M,Liam,617
AU,1997,M,Lucas,103
AU,1997,M,Luke,599
AU,1997,M,Marcus,87
AU,1997,M,Mark,165
AU,1997,M,Mathew,107
AU,1997,M,Matthew,838
AU,1997,M,Max,124
AU,1997,M,Michael,580
AU,1997,M,Mitchell,490
AU,1997,M,Nathan,493
AU,1997,M,Nicholas,634
AU,1997,M,Oliver,134
AU,1997,M,Patrick,263
AU,1997,M,Paul,106
AU,1997,M,Peter,185
AU,1997,M,Reece,92
AU,1997,M,Rhys,134
AU,1997,M,Richard,86
AU,1997,M,Riley,110
AU,1997,M,Robert,184
AU,1997,M,Ryan,442
AU,1997,M,Sam,121
AU,1997,M,Samuel,552
AU,1997,M,Scott,143
AU,1997,M,Sean,193
AU,1997,M,Shaun,89
AU,1997,M,Simon,94
AU,1997,M,Stephen,85
AU,1997,M,Steven,123
AU,1997,M,Thomas,752
AU,1997,M,Timothy,251
AU,1997,M,Travis,104
AU,1997,M,Tyler,184
AU,1997,M,William,494
AU,1997,M,Zachary,278
AU,1998,F,Abbey,140
AU,1998,F,Alana,101
AU,1998,F,Alexandra,226
AU,1998,F,Alicia,83
AU,1998,F,Amanda,93
AU,1998,F,Amber,127
AU,1998,F,Amelia,147
AU,1998,F,Amy,296
AU,1998,F,Angela,91
AU,1998,F,Anna,113
AU,1998,F,Ashleigh,204
AU,1998,F,Ashley,151
AU,1998,F,Bethany,108
AU,1998,F,Bianca,166
AU,1998,F,Breanna,85
AU,1998,F,Brianna,174
AU,1998,F,Brittany,192
AU,1998,F,Bronte,88
AU,1998,F,Brooke,305
AU,1998,F,Caitlin,341
AU,1998,F,Caitlyn,83
AU,1998,F,Cassandra,127
AU,1998,F,Charlotte,141
AU,1998,F,Chelsea,217
AU,1998,F,Chloe,575
AU,1998,F,Claire,146
AU,1998,F,Claudia,180
AU,1998,F,Courtney,323
AU,1998,F,Danielle,117
AU,1998,F,Ebony,106
AU,1998,F,Eliza,104
AU,1998,F,Elizabeth,181
AU,1998,F,Ella,93
AU,1998,F,Emily,799
AU,1998,F,Emma,537
AU,1998,F,Erin,156
AU,1998,F,Gabrielle,198
AU,1998,F,Gemma,87
AU,1998,F,Georgia,460
AU,1998,F,Georgina,91
AU,1998,F,Grace,296
AU,1998,F,Hannah,328
AU,1998,F,Hayley,167
AU,1998,F,Holly,144
AU,1998,F,Isabella,348
AU,1998,F,Isabelle,121
AU,1998,F,Jade,223
AU,1998,F,Jasmine,249
AU,1998,F,Jennifer,97
AU,1998,F,Jessica,778
AU,1998,F,Jordan,93
AU,1998,F,Julia,107
AU,1998,F,Kaitlyn,112
AU,1998,F,Kate,196
AU,1998,F,Katherine,93
AU,1998,F,Katie,92
AU,1998,F,Kayla,151
AU,1998,F,Laura,255
AU,1998,F,Lauren,279
AU,1998,F,Lily,136
AU,1998,F,Lucy,158
AU,1998,F,Maddison,308
AU,1998,F,Madeleine,162
AU,1998,F,Madeline,180
AU,1998,F,Madison,189
AU,1998,F,Megan,131
AU,1998,F,Melissa,118
AU,1998,F,Mia,108
AU,1998,F,Michelle,108
AU,1998,F,Mikayla,104
AU,1998,F,Molly,128
AU,1998,F,Monica,89
AU,1998,F,Monique,152
AU,1998,F,Natalie,207
AU,1998,F,Natasha,223
AU,1998,F,Nicola,88
AU,1998,F,Nicole,131
AU,1998,F,Olivia,408
AU,1998,F,Paige,128
AU,1998,F,Phoebe,106
AU,1998,F,Rachael,121
AU,1998,F,Rachel,238
AU,1998,F,Rebecca,291
AU,1998,F,Rhiannon,85
AU,1998,F,Ruby,112
AU,1998,F,Samantha,404
AU,1998,F,Sarah,645
AU,1998,F,Shania,107
AU,1998,F,Shannon,148
AU,1998,F,Sophie,298
AU,1998,F,Stephanie,238
AU,1998,F,Tahlia,119
AU,1998,F,Tara,120
AU,1998,F,Tayla,177
AU,1998,F,Taylah,151
AU,1998,F,Taylor,250
AU,1998,F,Tiffany,83
AU,1998,F,Vanessa,86
AU,1998,F,Victoria,133
AU,1998,F,Zoe,242
AU,1998,M,Aaron,262
AU,1998,M,Adam,321
AU,1998,M,Adrian,86
AU,1998,M,Aidan,123
AU,1998,M,Alex,159
AU,1998,M,Alexander,475
AU,1998,M,Andrew,377
AU,1998,M,Angus,194
AU,1998,M,Anthony,258
AU,1998,M,Bailey,234
AU,1998,M,Ben,92
AU,1998,M,Benjamin,579
AU,1998,M,Blake,340
AU,1998,M,Bradley,249
AU,1998,M,Brandon,265
AU,1998,M,Brayden,93
AU,1998,M,Brendan,168
AU,1998,M,Brock,127
AU,1998,M,Brodie,104
AU,1998,M,Bryce,92
AU,1998,M,Caleb,143
AU,1998,M,Callum,194
AU,1998,M,Cameron,323
AU,1998,M,Charles,120
AU,1998,M,Christian,148
AU,1998,M,Christopher,407
AU,1998,M,Cody,143
AU,1998,M,Connor,333
AU,1998,M,Cooper,154
AU,1998,M,Corey,186
AU,1998,M,Daniel,765
AU,1998,M,David,245
AU,1998,M,Dean,113
AU,1998,M,Dominic,91
AU,1998,M,Dylan,460
AU,1998,M,Edward,88
AU,1998,M,Ethan,297
AU,1998,M,George,136
AU,1998,M,Hamish,103
AU,1998,M,Harrison,276
AU,1998,M,Harry,164
AU,1998,M,Hayden,247
AU,1998,M,Henry,90
AU,1998,M,Isaac,216
AU,1998,M,Jack,986
AU,1998,M,Jackson,251
AU,1998,M,Jacob,537
AU,1998,M,Jake,504
AU,1998,M,James,790
AU,1998,M,Jamie,91
AU,1998,M,Jarrod,174
AU,1998,M,Jason,211
AU,1998,M,Jayden,415
AU,1998,M,Jeremy,140
AU,1998,M,Jesse,247
AU,1998,M,Joel,212
AU,1998,M,John,202
AU,1998,M,Jonathan,151
AU,1998,M,Jordan,523
AU,1998,M,Joseph,250
AU,1998,M,Joshua,1016
AU,1998,M,Justin,187
AU,1998,M,Kevin,117
AU,1998,M,Kyle,350
AU,1998,M,Lachlan,842
AU,1998,M,Liam,547
AU,1998,M,Lucas,114
AU,1998,M,Luke,555
AU,1998,M,Mark,132
AU,1998,M,Mathew,86
AU,1998,M,Matthew,823
AU,1998,M,Max,130
AU,1998,M,Michael,534
AU,1998,M,Mitchell,466
AU,1998,M,Nathan,453
AU,1998,M,Nicholas,679
AU,1998,M,Noah,85
AU,1998,M,Oliver,164
AU,1998,M,Patrick,291
AU,1998,M,Paul,99
AU,1998,M,Peter,159
AU,1998,M,Reece,111
AU,1998,M,Rhys,112
AU,1998,M,Riley,150
AU,1998,M,Robert,139
AU,1998,M,Ryan,455
AU,1998,M,Sam,116
AU,1998,M,Samuel,523
AU,1998,M,Scott,98
AU,1998,M,Sean,175
AU,1998,M,Steven,95
AU,1998,M,Thomas,765
AU,1998,M,Timothy,216
AU,1998,M,Travis,96
AU,1998,M,Tristan,100
AU,1998,M,Tyler,163
AU,1998,M,Tyson,88
AU,1998,M,William,561
AU,1998,M,Zac,107
AU,1998,M,Zachary,326
AU,1999,F,Abbey,115
AU,1999,F,Abby,85
AU,1999,F,Alexandra,232
AU,1999,F,Alicia,88
AU,1999,F,Alyssa,115
AU,1999,F,Amanda,95
AU,1999,F,Amber,148
AU,1999,F,Amelia,156
AU,1999,F,Amy,280
AU,1999,F,Angela,106
AU,1999,F,Anna,128
AU,1999,F,Ashleigh,186
AU,1999,F,Ashley,126
AU,1999,F,Bethany,92
AU,1999,F,Bianca,130
AU,1999,F,Breanna,84
AU,1999,F,Brianna,183
AU,1999,F,Britney,90
AU,1999,F,Brittany,216
AU,1999,F,Bronte,80
AU,1999,F,Brooke,279
AU,1999,F,Caitlin,314
AU,1999,F,Caitlyn,88
AU,1999,F,Casey,80
AU,1999,F,Cassandra,90
AU,1999,F,Charlotte,168
AU,1999,F,Chelsea,226
AU,1999,F,Chloe,594
AU,1999,F,Claire,130
AU,1999,F,Claudia,168
AU,1999,F,Courtney,259
AU,1999,F,Danielle,111
AU,1999,F,Ebony,109
AU,1999,F,Eliza,113
AU,1999,F,Elizabeth,188
AU,1999,F,Ella,134
AU,1999,F,Emily,862
AU,1999,F,Emma,480
AU,1999,F,Erin,143
AU,1999,F,Gabrielle,189
AU,1999,F,Georgia,532
AU,1999,F,Grace,319
AU,1999,F,Hannah,378
AU,1999,F,Hayley,193
AU,1999,F,Holly,149
AU,1999,F,Isabella,401
AU,1999,F,Isabelle,125
AU,1999,F,Jade,214
AU,1999,F,Jasmine,258
AU,1999,F,Jennifer,100
AU,1999,F,Jessica,759
AU,1999,F,Julia,112
AU,1999,F,Kaitlyn,91
AU,1999,F,Kate,179
AU,1999,F,Katelyn,90
AU,1999,F,Katie,88
AU,1999,F,Kayla,153
AU,1999,F,Kiara,141
AU,1999,F,Lara,116
AU,1999,F,Laura,258
AU,1999,F,Lauren,321
AU,1999,F,Lily,157
AU,1999,F,Lucy,181
AU,1999,F,Maddison,264
AU,1999,F,Madeleine,146
AU,1999,F,Madeline,132
AU,1999,F,Madison,163
AU,1999,F,Megan,110
AU,1999,F,Melissa,104
AU,1999,F,Mia,110
AU,1999,F,Michelle,109
AU,1999,F,Mikayla,107
AU,1999,F,Molly,105
AU,1999,F,Monique,132
AU,1999,F,Natalie,181
AU,1999,F,Natasha,207
AU,1999,F,Nicole,124
AU,1999,F,Olivia,573
AU,1999,F,Paige,127
AU,1999,F,Paris,81
AU,1999,F,Phoebe,99
AU,1999,F,Rachael,95
AU,1999,F,Rachel,220
AU,1999,F,Rebecca,261
AU,1999,F,Rhiannon,89
AU,1999,F,Ruby,148
AU,1999,F,Samantha,337
AU,1999,F,Sarah,697
AU,1999,F,Shania,102
AU,1999,F,Sophia,97
AU,1999,F,Sophie,386
AU,1999,F,Stephanie,213
AU,1999,F,Tahlia,128
AU,1999,F,Tara,122
AU,1999,F,Tayla,141
AU,1999,F,Taylah,129
AU,1999,F,Taylor,205
AU,1999,F,Vanessa,91
AU,1999,F,Victoria,125
AU,1999,F,Zoe,226
AU,1999,M,Aaron,238
AU,1999,M,Adam,319
AU,1999,M,Adrian,89
AU,1999,M,Aidan,147
AU,1999,M,Aiden,95
AU,1999,M,Alex,125
AU,1999,M,Alexander,418
AU,1999,M,Andrew,358
AU,1999,M,Angus,204
AU,1999,M,Anthony,256
AU,1999,M,Bailey,295
AU,1999,M,Benjamin,566
AU,1999,M,Blake,319
AU,1999,M,Bradley,203
AU,1999,M,Brandon,222
AU,1999,M,Brayden,102
AU,1999,M,Brendan,149
AU,1999,M,Brock,108
AU,1999,M,Brodie,123
AU,1999,M,Caleb,138
AU,1999,M,Callum,183
AU,1999,M,Cameron,291
AU,1999,M,Charles,114
AU,1999,M,Christian,163
AU,1999,M,Christopher,343
AU,1999,M,Cody,164
AU,1999,M,Connor,287
AU,1999,M,Cooper,164
AU,1999,M,Corey,194
AU,1999,M,Daniel,771
AU,1999,M,Darcy,95
AU,1999,M,David,248
AU,1999,M,Dean,105
AU,1999,M,Dominic,107
AU,1999,M,Dylan,480
AU,1999,M,Edward,96
AU,1999,M,Ethan,273
AU,1999,M,George,135
AU,1999,M,Hamish,120
AU,1999,M,Harrison,355
AU,1999,M,Harry,165
AU,1999,M,Hayden,207
AU,1999,M,Henry,114
AU,1999,M,Isaac,224
AU,1999,M,Jack,921
AU,1999,M,Jackson,268
AU,1999,M,Jacob,580
AU,1999,M,Jake,444
AU,1999,M,James,809
AU,1999,M,Jamie,91
AU,1999,M,Jared,97
AU,1999,M,Jarrod,188
AU,1999,M,Jason,180
AU,1999,M,Jayden,338
AU,1999,M,Jeremy,150
AU,1999,M,Jesse,201
AU,1999,M,Joel,232
AU,1999,M,John,214
AU,1999,M,Jonathan,152
AU,1999,M,Jordan,440
AU,1999,M,Joseph,246
AU,1999,M,Joshua,999
AU,1999,M,Justin,155
AU,1999,M,Kevin,141
AU,1999,M,Kyle,323
AU,1999,M,Lachlan,920
AU,1999,M,Liam,579
AU,1999,M,Logan,91
AU,1999,M,Lucas,110
AU,1999,M,Luke,560
AU,1999,M,Mark,136
AU,1999,M,Mathew,103
AU,1999,M,Matthew,778
AU,1999,M,Max,169
AU,1999,M,Michael,466
AU,1999,M,Mitchell,441
AU,1999,M,Nathan,445
AU,1999,M,Nicholas,694
AU,1999,M,Noah,93
AU,1999,M,Oliver,176
AU,1999,M,Oscar,88
AU,1999,M,Patrick,267
AU,1999,M,Peter,178
AU,1999,M,Reece,99
AU,1999,M,Rhys,126
AU,1999,M,Riley,171
AU,1999,M,Robert,120
AU,1999,M,Ryan,450
AU,1999,M,Sam,96
AU,1999,M,Samuel,559
AU,1999,M,Scott,94
AU,1999,M,Sean,150
AU,1999,M,Steven,103
AU,1999,M,Thomas,865
AU,1999,M,Timothy,215
AU,1999,M,Tristan,126
AU,1999,M,Tyler,165
AU,1999,M,William,633
AU,1999,M,Zac,95
AU,1999,M,Zachary,283
AU,2000,F,Abbey,163
AU,2000,F,Abby,105
AU,2000,F,Alexandra,187
AU,2000,F,Alicia,78
AU,2000,F,Alyssa,133
AU,2000,F,Amber,151
AU,2000,F,Amelia,161
AU,2000,F,Amy,284
AU,2000,F,Angela,96
AU,2000,F,Anna,165
AU,2000,F,Annabelle,78
AU,2000,F,Ashleigh,168
AU,2000,F,Ashley,145
AU,2000,F,Bethany,87
AU,2000,F,Bianca,157
AU,2000,F,Breanna,85
AU,2000,F,Brianna,164
AU,2000,F,Britney,87
AU,2000,F,Brittany,147
AU,2000,F,Brooke,243
AU,2000,F,Caitlin,360
AU,2000,F,Caitlyn,79
AU,2000,F,Catherine,83
AU,2000,F,Charlotte,210
AU,2000,F,Chelsea,223
AU,2000,F,Chloe,496
AU,2000,F,Claire,124
AU,2000,F,Claudia,161
AU,2000,F,Courtney,232
AU,2000,F,Danielle,83
AU,2000,F,Ebony,122
AU,2000,F,Eliza,117
AU,2000,F,Elizabeth,189
AU,2000,F,Ella,200
AU,2000,F,Emily,741
AU,2000,F,Emma,461
AU,2000,F,Erin,135
AU,2000,F,Gabrielle,166
AU,2000,F,Gemma,97
AU,2000,F,Georgia,575
AU,2000,F,Grace,318
AU,2000,F,Hannah,417
AU,2000,F,Hayley,201
AU,2000,F,Holly,169
AU,2000,F,Isabella,426
AU,2000,F,Isabelle,135
AU,2000,F,Jade,227
AU,2000,F,Jasmine,281
AU,2000,F,Jennifer,128
AU,2000,F,Jessica,784
AU,2000,F,Jordan,80
AU,2000,F,Julia,119
AU,2000,F,Kaitlyn,95
AU,2000,F,Kate,166
AU,2000,F,Katelyn,84
AU,2000,F,Katherine,96
AU,2000,F,Katie,94
AU,2000,F,Kayla,136
AU,2000,F,Kiara,127
AU,2000,F,Lara,117
AU,2000,F,Laura,236
AU,2000,F,Lauren,273
AU,2000,F,Lily,176
AU,2000,F,Lucy,180
AU,2000,F,Maddison,250
AU,2000,F,Madeleine,107
AU,2000,F,Madeline,139
AU,2000,F,Madison,255
AU,2000,F,Megan,102
AU,2000,F,Melissa,83
AU,2000,F,Mia,121
AU,2000,F,Michelle,88
AU,2000,F,Mikayla,92
AU,2000,F,Molly,142
AU,2000,F,Monique,143
AU,2000,F,Natalie,162
AU,2000,F,Natasha,198
AU,2000,F,Nicole,98
AU,2000,F,Olivia,524
AU,2000,F,Paige,113
AU,2000,F,Phoebe,135
AU,2000,F,Rachael,81
AU,2000,F,Rachel,187
AU,2000,F,Rebecca,237
AU,2000,F,Ruby,148
AU,2000,F,Samantha,309
AU,2000,F,Sara,79
AU,2000,F,Sarah,629
AU,2000,F,Sophia,122
AU,2000,F,Sophie,449
AU,2000,F,Stephanie,205
AU,2000,F,Tahlia,134
AU,2000,F,Tara,120
AU,2000,F,Tayla,150
AU,2000,F,Taylah,136
AU,2000,F,Taylor,182
AU,2000,F,Tiana,80
AU,2000,F,Vanessa,83
AU,2000,F,Victoria,114
AU,2000,F,Zoe,261
AU,2000,M,Aaron,227
AU,2000,M,Adam,319
AU,2000,M,Adrian,104
AU,2000,M,Aidan,139
AU,2000,M,Aiden,103
AU,2000,M,Alex,132
AU,2000,M,Alexander,425
AU,2000,M,Ali,107
AU,2000,M,Andrew,339
AU,2000,M,Angus,206
AU,2000,M,Anthony,266
AU,2000,M,Bailey,278
AU,2000,M,Benjamin,640
AU,2000,M,Blake,304
AU,2000,M,Bradley,198
AU,2000,M,Brandon,203
AU,2000,M,Brayden,92
AU,2000,M,Brendan,146
AU,2000,M,Brock,91
AU,2000,M,Brodie,91
AU,2000,M,Bryce,92
AU,2000,M,Caleb,155
AU,2000,M,Callum,160
AU,2000,M,Cameron,325
AU,2000,M,Charles,95
AU,2000,M,Charlie,92
AU,2000,M,Christian,130
AU,2000,M,Christopher,322
AU,2000,M,Cody,170
AU,2000,M,Connor,305
AU,2000,M,Cooper,197
AU,2000,M,Corey,152
AU,2000,M,Daniel,741
AU,2000,M,David,234
AU,2000,M,Dominic,91
AU,2000,M,Dylan,495
AU,2000,M,Edward,92
AU,2000,M,Ethan,414
AU,2000,M,George,120
AU,2000,M,Harrison,333
AU,2000,M,Harry,182
AU,2000,M,Hayden,207
AU,2000,M,Henry,116
AU,2000,M,Isaac,241
AU,2000,M,Jack,888
AU,2000,M,Jackson,315
AU,2000,M,Jacob,599
AU,2000,M,Jake,380
AU,2000,M,James,755
AU,2000,M,Jamie,91
AU,2000,M,Jarrod,154
AU,2000,M,Jason,186
AU,2000,M,Jayden,340
AU,2000,M,Jeremy,130
AU,2000,M,Jesse,196
AU,2000,M,Joel,229
AU,2000,M,John,205
AU,2000,M,Jonathan,136
AU,2000,M,Jordan,410
AU,2000,M,Joseph,250
AU,2000,M,Joshua,1039
AU,2000,M,Justin,166
AU,2000,M,Kevin,138
AU,2000,M,Kyle,301
AU,2000,M,Lachlan,810
AU,2000,M,Liam,558
AU,2000,M,Logan,133
AU,2000,M,Lucas,129
AU,2000,M,Luke,546
AU,2000,M,Marcus,112
AU,2000,M,Mark,95
AU,2000,M,Mathew,90
AU,2000,M,Matthew,755
AU,2000,M,Max,166
AU,2000,M,Michael,453
AU,2000,M,Mitchell,438
AU,2000,M,Nathan,450
AU,2000,M,Nicholas,639
AU,2000,M,Noah,126
AU,2000,M,Oliver,210
AU,2000,M,Oscar,117
AU,2000,M,Patrick,257
AU,2000,M,Peter,146
AU,2000,M,Reece,110
AU,2000,M,Rhys,131
AU,2000,M,Riley,268
AU,2000,M,Robert,136
AU,2000,M,Ryan,576
AU,2000,M,Sam,107
AU,2000,M,Samuel,546
AU,2000,M,Sean,142
AU,2000,M,Sebastian,90
AU,2000,M,Steven,106
AU,2000,M,Thomas,818
AU,2000,M,Timothy,176
AU,2000,M,Tristan,90
AU,2000,M,Tyler,176
AU,2000,M,William,630
AU,2000,M,Zac,105
AU,2000,M,Zachary,311
AU,2001,F,Abbey,134
AU,2001,F,Abby,88
AU,2001,F,Alexandra,150
AU,2001,F,Alice,76
AU,2001,F,Alicia,91
AU,2001,F,Alyssa,149
AU,2001,F,Amber,164
AU,2001,F,Amelia,175
AU,2001,F,Amy,277
AU,2001,F,Angela,103
AU,2001,F,Anna,132
AU,2001,F,Annabelle,78
AU,2001,F,Ashleigh,143
AU,2001,F,Ashley,120
AU,2001,F,Bethany,100
AU,2001,F,Bianca,126
AU,2001,F,Brianna,129
AU,2001,F,Brooke,195
AU,2001,F,Caitlin,325
AU,2001,F,Caitlyn,81
AU,2001,F,Charlotte,276
AU,2001,F,Chelsea,181
AU,2001,F,Chloe,604
AU,2001,F,Christina,76
AU,2001,F,Claire,119
AU,2001,F,Claudia,159
AU,2001,F,Courtney,166
AU,2001,F,Danielle,84
AU,2001,F,Ebony,120
AU,2001,F,Eliza,84
AU,2001,F,Elizabeth,175
AU,2001,F,Ella,257
AU,2001,F,Emily,747
AU,2001,F,Emma,425
AU,2001,F,Erin,152
AU,2001,F,Gabrielle,125
AU,2001,F,Gemma,104
AU,2001,F,Georgia,460
AU,2001,F,Grace,398
AU,2001,F,Hannah,434
AU,2001,F,Hayley,179
AU,2001,F,Holly,204
AU,2001,F,Imogen,83
AU,2001,F,Isabella,483
AU,2001,F,Isabelle,137
AU,2001,F,Jade,235
AU,2001,F,Jasmin,89
AU,2001,F,Jasmine,310
AU,2001,F,Jemma,85
AU,2001,F,Jennifer,108
AU,2001,F,Jessica,727
AU,2001,F,Julia,98
AU,2001,F,Kaitlyn,91
AU,2001,F,Kate,161
AU,2001,F,Katie,77
AU,2001,F,Kayla,166
AU,2001,F,Kiara,125
AU,2001,F,Lara,160
AU,2001,F,Laura,182
AU,2001,F,Lauren,273
AU,2001,F,Leah,91
AU,2001,F,Lily,213
AU,2001,F,Lucy,205
AU,2001,F,Mackenzie,92
AU,2001,F,Maddison,232
AU,2001,F,Madeleine,99
AU,2001,F,Madeline,123
AU,2001,F,Madison,250
AU,2001,F,Maya,81
AU,2001,F,Megan,104
AU,2001,F,Mia,202
AU,2001,F,Mikayla,103
AU,2001,F,Molly,118
AU,2001,F,Monique,119
AU,2001,F,Natalie,153
AU,2001,F,Natasha,178
AU,2001,F,Nicole,80
AU,2001,F,Olivia,472
AU,2001,F,Paige,100
AU,2001,F,Paris,90
AU,2001,F,Phoebe,129
AU,2001,F,Rachael,76
AU,2001,F,Rachel,146
AU,2001,F,Rebecca,176
AU,2001,F,Ruby,204
AU,2001,F,Samantha,261
AU,2001,F,Sarah,561
AU,2001,F,Sophia,106
AU,2001,F,Sophie,432
AU,2001,F,Stephanie,174
AU,2001,F,Tahlia,131
AU,2001,F,Tara,140
AU,2001,F,Tayla,123
AU,2001,F,Taylah,152
AU,2001,F,Taylor,152
AU,2001,F,Tiana,88
AU,2001,F,Vanessa,81
AU,2001,F,Victoria,102
AU,2001,F,Zara,81
AU,2001,F,Zoe,283
AU,2001,M,Aaron,237
AU,2001,M,Adam,295
AU,2001,M,Aidan,109
AU,2001,M,Aiden,98
AU,2001,M,Alex,145
AU,2001,M,Alexander,435
AU,2001,M,Ali,96
AU,2001,M,Andrew,289
AU,2001,M,Angus,209
AU,2001,M,Anthony,261
AU,2001,M,Bailey,300
AU,2001,M,Benjamin,602
AU,2001,M,Blake,308
AU,2001,M,Bradley,165
AU,2001,M,Brandon,161
AU,2001,M,Brayden,91
AU,2001,M,Brendan,157
AU,2001,M,Caleb,184
AU,2001,M,Callum,181
AU,2001,M,Cameron,312
AU,2001,M,Charles,103
AU,2001,M,Charlie,99
AU,2001,M,Christian,138
AU,2001,M,Christopher,276
AU,2001,M,Cody,157
AU,2001,M,Connor,318
AU,2001,M,Cooper,195
AU,2001,M,Corey,138
AU,2001,M,Daniel,646
AU,2001,M,Darcy,89
AU,2001,M,David,227
AU,2001,M,Declan,129
AU,2001,M,Dylan,491
AU,2001,M,Edward,108
AU,2001,M,Ethan,449
AU,2001,M,Flynn,85
AU,2001,M,George,124
AU,2001,M,Hamish,83
AU,2001,M,Harrison,378
AU,2001,M,Harry,205
AU,2001,M,Hayden,217
AU,2001,M,Henry,112
AU,2001,M,Isaac,220
AU,2001,M,Jack,860
AU,2001,M,Jackson,310
AU,2001,M,Jacob,548
AU,2001,M,Jai,96
AU,2001,M,Jake,356
AU,2001,M,James,686
AU,2001,M,Jamie,91
AU,2001,M,Jarrod,110
AU,2001,M,Jason,144
AU,2001,M,Jayden,327
AU,2001,M,Jeremy,159
AU,2001,M,Jesse,172
AU,2001,M,Joel,224
AU,2001,M,John,181
AU,2001,M,Jonathan,149
AU,2001,M,Jordan,412
AU,2001,M,Joseph,260
AU,2001,M,Joshua,1021
AU,2001,M,Justin,159
AU,2001,M,Jye,88
AU,2001,M,Kevin,86
AU,2001,M,Kye,97
AU,2001,M,Kyle,229
AU,2001,M,Lachlan,813
AU,2001,M,Liam,511
AU,2001,M,Logan,123
AU,2001,M,Lucas,108
AU,2001,M,Luke,512
AU,2001,M,Marcus,117
AU,2001,M,Mark,95
AU,2001,M,Matthew,623
AU,2001,M,Max,175
AU,2001,M,Michael,435
AU,2001,M,Mitchell,385
AU,2001,M,Nathan,418
AU,2001,M,Nicholas,607
AU,2001,M,Noah,238
AU,2001,M,Oliver,226
AU,2001,M,Oscar,122
AU,2001,M,Patrick,281
AU,2001,M,Peter,142
AU,2001,M,Reece,93
AU,2001,M,Rhys,115
AU,2001,M,Riley,299
AU,2001,M,Robert,109
AU,2001,M,Ryan,468
AU,2001,M,Sam,95
AU,2001,M,Samuel,492
AU,2001,M,Sean,135
AU,2001,M,Sebastian,107
AU,2001,M,Thomas,741
AU,2001,M,Timothy,158
AU,2001,M,Tyler,190
AU,2001,M,William,607
AU,2001,M,Zac,133
AU,2001,M,Zachary,278
AU,2001,M,Zane,92
AU,2002,F,Abbey,166
AU,2002,F,Abby,99
AU,2002,F,Abigail,83
AU,2002,F,Alana,98
AU,2002,F,Alexandra,171
AU,2002,F,Alice,78
AU,2002,F,Alicia,117
AU,2002,F,Alyssa,203
AU,2002,F,Amber,129
AU,2002,F,Amelia,182
AU,2002,F,Amy,246
AU,2002,F,Angela,104
AU,2002,F,Anna,141
AU,2002,F,Annabelle,81
AU,2002,F,Ashleigh,138
AU,2002,F,Ashley,146
AU,2002,F,Bethany,85
AU,2002,F,Bianca,136
AU,2002,F,Brianna,153
AU,2002,F,Brooke,155
AU,2002,F,Caitlin,292
AU,2002,F,Caitlyn,74
AU,2002,F,Charlotte,315
AU,2002,F,Chelsea,204
AU,2002,F,Chloe,578
AU,2002,F,Claire,102
AU,2002,F,Claudia,159
AU,2002,F,Courtney,142
AU,2002,F,Danielle,102
AU,2002,F,Ebony,135
AU,2002,F,Eliza,80
AU,2002,F,Elizabeth,169
AU,2002,F,Ella,383
AU,2002,F,Ellie,73
AU,2002,F,Emily,675
AU,2002,F,Emma,341
AU,2002,F,Erin,137
AU,2002,F,Gabrielle,142
AU,2002,F,Gemma,76
AU,2002,F,Georgia,453
AU,2002,F,Grace,404
AU,2002,F,Hannah,405
AU,2002,F,Hayley,212
AU,2002,F,Holly,221
AU,2002,F,Imogen,101
AU,2002,F,Isabella,503
AU,2002,F,Isabelle,127
AU,2002,F,Jade,259
AU,2002,F,Jasmine,328
AU,2002,F,Jemma,91
AU,2002,F,Jennifer,82
AU,2002,F,Jessica,633
AU,2002,F,Jordan,95
AU,2002,F,Julia,94
AU,2002,F,Kaitlyn,84
AU,2002,F,Kate,124
AU,2002,F,Katie,97
AU,2002,F,Kayla,163
AU,2002,F,Kiara,118
AU,2002,F,Lara,215
AU,2002,F,Laura,190
AU,2002,F,Lauren,264
AU,2002,F,Leah,72
AU,2002,F,Lily,220
AU,2002,F,Lucy,191
AU,2002,F,Mackenzie,103
AU,2002,F,Maddison,230
AU,2002,F,Madeleine,103
AU,2002,F,Madeline,115
AU,2002,F,Madison,217
AU,2002,F,Maya,87
AU,2002,F,Megan,73
AU,2002,F,Mia,228
AU,2002,F,Mikayla,122
AU,2002,F,Molly,126
AU,2002,F,Monique,113
AU,2002,F,Natalie,153
AU,2002,F,Natasha,127
AU,2002,F,Nicole,79
AU,2002,F,Olivia,474
AU,2002,F,Paige,151
AU,2002,F,Paris,91
AU,2002,F,Phoebe,145
AU,2002,F,Rachel,122
AU,2002,F,Rebecca,150
AU,2002,F,Ruby,194
AU,2002,F,Samantha,210
AU,2002,F,Sarah,478
AU,2002,F,Shakira,93
AU,2002,F,Sophia,136
AU,2002,F,Sophie,463
AU,2002,F,Stephanie,182
AU,2002,F,Tahlia,145
AU,2002,F,Tara,131
AU,2002,F,Tayla,130
AU,2002,F,Taylah,141
AU,2002,F,Taylor,117
AU,2002,F,Tiana,102
AU,2002,F,Victoria,103
AU,2002,F,Zoe,243
AU,2002,M,Aaron,187
AU,2002,M,Adam,275
AU,2002,M,Adrian,86
AU,2002,M,Aidan,170
AU,2002,M,Aiden,127
AU,2002,M,Alex,170
AU,2002,M,Alexander,402
AU,2002,M,Ali,113
AU,2002,M,Andrew,255
AU,2002,M,Angus,228
AU,2002,M,Anthony,226
AU,2002,M,Bailey,288
AU,2002,M,Ben,109
AU,2002,M,Benjamin,608
AU,2002,M,Blake,299
AU,2002,M,Bradley,118
AU,2002,M,Brandon,140
AU,2002,M,Brayden,116
AU,2002,M,Brendan,103
AU,2002,M,Brock,91
AU,2002,M,Caleb,175
AU,2002,M,Callum,164
AU,2002,M,Cameron,273
AU,2002,M,Charles,97
AU,2002,M,Charlie,103
AU,2002,M,Christian,139
AU,2002,M,Christopher,218
AU,2002,M,Cody,145
AU,2002,M,Connor,329
AU,2002,M,Cooper,258
AU,2002,M,Corey,137
AU,2002,M,Daniel,613
AU,2002,M,Darcy,105
AU,2002,M,David,172
AU,2002,M,Declan,128
AU,2002,M,Dominic,101
AU,2002,M,Dylan,448
AU,2002,M,Edward,97
AU,2002,M,Ethan,658
AU,2002,M,Flynn,93
AU,2002,M,Gabriel,96
AU,2002,M,George,124
AU,2002,M,Hamish,98
AU,2002,M,Harrison,327
AU,2002,M,Harry,222
AU,2002,M,Hayden,213
AU,2002,M,Henry,114
AU,2002,M,Isaac,192
AU,2002,M,Jack,845
AU,2002,M,Jackson,277
AU,2002,M,Jacob,458
AU,2002,M,Jai,90
AU,2002,M,Jake,311
AU,2002,M,James,616
AU,2002,M,Jamie,93
AU,2002,M,Jason,139
AU,2002,M,Jayden,419
AU,2002,M,Jeremy,132
AU,2002,M,Jesse,127
AU,2002,M,Joel,224
AU,2002,M,John,155
AU,2002,M,Jonathan,131
AU,2002,M,Jordan,395
AU,2002,M,Joseph,249
AU,2002,M,Joshua,1008
AU,2002,M,Justin,128
AU,2002,M,Kai,91
AU,2002,M,Kyle,196
AU,2002,M,Lachlan,841
AU,2002,M,Liam,554
AU,2002,M,Logan,123
AU,2002,M,Lucas,134
AU,2002,M,Luke,530
AU,2002,M,Marcus,120
AU,2002,M,Matthew,563
AU,2002,M,Max,240
AU,2002,M,Michael,357
AU,2002,M,Mitchell,295
AU,2002,M,Nathan,350
AU,2002,M,Nicholas,626
AU,2002,M,Noah,264
AU,2002,M,Oliver,232
AU,2002,M,Oscar,123
AU,2002,M,Patrick,247
AU,2002,M,Peter,123
AU,2002,M,Rhys,98
AU,2002,M,Riley,335
AU,2002,M,Robert,93
AU,2002,M,Ryan,438
AU,2002,M,Sam,94
AU,2002,M,Samuel,506
AU,2002,M,Sean,140
AU,2002,M,Sebastian,163
AU,2002,M,Thomas,692
AU,2002,M,Timothy,145
AU,2002,M,Tyler,179
AU,2002,M,William,602
AU,2002,M,Zac,136
AU,2002,M,Zachary,286
AU,2002,M,Zane,93
AU,2003,F,Abbey,149
AU,2003,F,Abigail,78
AU,2003,F,Alana,95
AU,2003,F,Alexandra,158
AU,2003,F,Alicia,77
AU,2003,F,Alyssa,186
AU,2003,F,Amber,108
AU,2003,F,Amelia,231
AU,2003,F,Amy,204
AU,2003,F,Angela,91
AU,2003,F,Angelina,101
AU,2003,F,Anna,117
AU,2003,F,Annabelle,98
AU,2003,F,Ashleigh,137
AU,2003,F,Ashley,137
AU,2003,F,Ava,91
AU,2003,F,Bethany,78
AU,2003,F,Bianca,140
AU,2003,F,Brianna,140
AU,2003,F,Bronte,78
AU,2003,F,Brooke,163
AU,2003,F,Caitlin,224
AU,2003,F,Caitlyn,76
AU,2003,F,Charlotte,396
AU,2003,F,Chelsea,190
AU,2003,F,Chloe,551
AU,2003,F,Christina,75
AU,2003,F,Claire,124
AU,2003,F,Claudia,159
AU,2003,F,Courtney,126
AU,2003,F,Ebony,113
AU,2003,F,Eliza,99
AU,2003,F,Elizabeth,183
AU,2003,F,Ella,411
AU,2003,F,Ellie,88
AU,2003,F,Emily,695
AU,2003,F,Emma,421
AU,2003,F,Erin,135
AU,2003,F,Gabrielle,114
AU,2003,F,Gemma,99
AU,2003,F,Georgia,418
AU,2003,F,Grace,408
AU,2003,F,Hannah,381
AU,2003,F,Hayley,266
AU,2003,F,Holly,242
AU,2003,F,Imogen,154
AU,2003,F,Isabella,482
AU,2003,F,Isabelle,131
AU,2003,F,Jacinta,90
AU,2003,F,Jade,228
AU,2003,F,Jasmine,270
AU,2003,F,Jemma,88
AU,2003,F,Jennifer,88
AU,2003,F,Jessica,592
AU,2003,F,Jordan,90
AU,2003,F,Jorja,91
AU,2003,F,Kaitlyn,85
AU,2003,F,Kate,100
AU,2003,F,Kayla,129
AU,2003,F,Kiara,94
AU,2003,F,Lara,208
AU,2003,F,Laura,160
AU,2003,F,Lauren,203
AU,2003,F,Lillian,82
AU,2003,F,Lilly,82
AU,2003,F,Lily,301
AU,2003,F,Lucy,203
AU,2003,F,Mackenzie,95
AU,2003,F,Maddison,215
AU,2003,F,Madeleine,94
AU,2003,F,Madeline,87
AU,2003,F,Madison,210
AU,2003,F,Maya,96
AU,2003,F,Mia,324
AU,2003,F,Mikayla,101
AU,2003,F,Molly,129
AU,2003,F,Monique,107
AU,2003,F,Natalie,137
AU,2003,F,Natasha,126
AU,2003,F,Olivia,551
AU,2003,F,Paige,183
AU,2003,F,Paris,122
AU,2003,F,Phoebe,122
AU,2003,F,Rachel,143
AU,2003,F,Rebecca,111
AU,2003,F,Ruby,224
AU,2003,F,Samantha,176
AU,2003,F,Sarah,453
AU,2003,F,Sienna,84
AU,2003,F,Sophia,154
AU,2003,F,Sophie,406
AU,2003,F,Stephanie,162
AU,2003,F,Tahlia,149
AU,2003,F,Tara,134
AU,2003,F,Tayla,90
AU,2003,F,Taylah,101
AU,2003,F,Taylor,82
AU,2003,F,Tiana,91
AU,2003,F,Victoria,98
AU,2003,F,Zoe,303
AU,2003,M,Aaron,182
AU,2003,M,Adam,294
AU,2003,M,Adrian,96
AU,2003,M,Aidan,163
AU,2003,M,Aiden,120
AU,2003,M,Alex,153
AU,2003,M,Alexander,387
AU,2003,M,Ali,118
AU,2003,M,Andrew,234
AU,2003,M,Angus,233
AU,2003,M,Anthony,209
AU,2003,M,Bailey,298
AU,2003,M,Ben,112
AU,2003,M,Benjamin,582
AU,2003,M,Blake,263
AU,2003,M,Bradley,118
AU,2003,M,Brandon,149
AU,2003,M,Brayden,93
AU,2003,M,Brendan,92
AU,2003,M,Brock,131
AU,2003,M,Brodie,106
AU,2003,M,Caleb,173
AU,2003,M,Callum,143
AU,2003,M,Cameron,285
AU,2003,M,Charles,106
AU,2003,M,Charlie,142
AU,2003,M,Christian,147
AU,2003,M,Christopher,229
AU,2003,M,Cody,133
AU,2003,M,Connor,334
AU,2003,M,Cooper,271
AU,2003,M,Corey,99
AU,2003,M,Daniel,626
AU,2003,M,Darcy,91
AU,2003,M,David,138
AU,2003,M,Declan,126
AU,2003,M,Dominic,96
AU,2003,M,Dylan,442
AU,2003,M,Elijah,106
AU,2003,M,Ethan,625
AU,2003,M,Flynn,103
AU,2003,M,George,128
AU,2003,M,Hamish,125
AU,2003,M,Harrison,346
AU,2003,M,Harry,210
AU,2003,M,Hayden,232
AU,2003,M,Isaac,201
AU,2003,M,Jack,889
AU,2003,M,Jackson,297
AU,2003,M,Jacob,439
AU,2003,M,Jake,306
AU,2003,M,James,644
AU,2003,M,Jason,117
AU,2003,M,Jayden,400
AU,2003,M,Jeremy,117
AU,2003,M,Jesse,142
AU,2003,M,Joel,201
AU,2003,M,John,153
AU,2003,M,Jonathan,126
AU,2003,M,Jordan,394
AU,2003,M,Joseph,255
AU,2003,M,Joshua,859
AU,2003,M,Justin,143
AU,2003,M,Kai,113
AU,2003,M,Kyle,158
AU,2003,M,Lachlan,764
AU,2003,M,Liam,496
AU,2003,M,Logan,166
AU,2003,M,Lucas,142
AU,2003,M,Luke,500
AU,2003,M,Marcus,133
AU,2003,M,Mason,103
AU,2003,M,Matthew,544
AU,2003,M,Max,301
AU,2003,M,Michael,306
AU,2003,M,Mitchell,314
AU,2003,M,Nathan,264
AU,2003,M,Nicholas,530
AU,2003,M,Noah,284
AU,2003,M,Oliver,261
AU,2003,M,Oscar,181
AU,2003,M,Owen,96
AU,2003,M,Patrick,253
AU,2003,M,Peter,145
AU,2003,M,Rhys,105
AU,2003,M,Riley,342
AU,2003,M,Robert,96
AU,2003,M,Ryan,479
AU,2003,M,Samuel,552
AU,2003,M,Sean,107
AU,2003,M,Sebastian,184
AU,2003,M,Seth,94
AU,2003,M,Thomas,694
AU,2003,M,Timothy,106
AU,2003,M,Toby,105
AU,2003,M,Tyler,185
AU,2003,M,Tyson,92
AU,2003,M,William,678
AU,2003,M,Zac,111
AU,2003,M,Zachary,255
AU,2004,F,Abbey,150
AU,2004,F,Abby,98
AU,2004,F,Abigail,96
AU,2004,F,Alana,86
AU,2004,F,Alexandra,109
AU,2004,F,Alicia,81
AU,2004,F,Alyssa,207
AU,2004,F,Amber,129
AU,2004,F,Amelia,252
AU,2004,F,Amy,189
AU,2004,F,Angelina,126
AU,2004,F,Anna,119
AU,2004,F,Annabelle,90
AU,2004,F,Ashleigh,108
AU,2004,F,Ashley,129
AU,2004,F,Ava,120
AU,2004,F,Bella,73
AU,2004,F,Bethany,72
AU,2004,F,Bianca,135
AU,2004,F,Brianna,122
AU,2004,F,Brooke,144
AU,2004,F,Caitlin,205
AU,2004,F,Caitlyn,79
AU,2004,F,Charlotte,503
AU,2004,F,Chelsea,171
AU,2004,F,Chloe,527
AU,2004,F,Claire,96
AU,2004,F,Claudia,125
AU,2004,F,Courtney,75
AU,2004,F,Ebony,90
AU,2004,F,Eliza,109
AU,2004,F,Elizabeth,153
AU,2004,F,Ella,464
AU,2004,F,Ellie,96
AU,2004,F,Emily,622
AU,2004,F,Emma,391
AU,2004,F,Erin,109
AU,2004,F,Gabrielle,127
AU,2004,F,Gemma,73
AU,2004,F,Georgia,332
AU,2004,F,Grace,384
AU,2004,F,Hannah,364
AU,2004,F,Hayley,246
AU,2004,F,Holly,217
AU,2004,F,Imogen,143
AU,2004,F,Isabella,477
AU,2004,F,Isabelle,116
AU,2004,F,Jade,216
AU,2004,F,Jasmine,333
AU,2004,F,Jessica,523
AU,2004,F,Jordan,84
AU,2004,F,Jorja,98
AU,2004,F,Kaitlyn,85
AU,2004,F,Kate,110
AU,2004,F,Kayla,134
AU,2004,F,Kiara,94
AU,2004,F,Lara,191
AU,2004,F,Laura,139
AU,2004,F,Lauren,161
AU,2004,F,Layla,75
AU,2004,F,Lilly,85
AU,2004,F,Lily,319
AU,2004,F,Lucy,179
AU,2004,F,Mackenzie,121
AU,2004,F,Maddison,216
AU,2004,F,Madeline,75
AU,2004,F,Madison,217
AU,2004,F,Matilda,89
AU,2004,F,Maya,96
AU,2004,F,Megan,78
AU,2004,F,Mia,374
AU,2004,F,Mikayla,126
AU,2004,F,Molly,162
AU,2004,F,Monique,74
AU,2004,F,Natalie,135
AU,2004,F,Natasha,113
AU,2004,F,Olivia,531
AU,2004,F,Paige,184
AU,2004,F,Paris,105
AU,2004,F,Phoebe,147
AU,2004,F,Rachel,122
AU,2004,F,Rebecca,93
AU,2004,F,Ruby,231
AU,2004,F,Samantha,172
AU,2004,F,Sarah,375
AU,2004,F,Scarlett,76
AU,2004,F,Sienna,132
AU,2004,F,Sofia,79
AU,2004,F,Sophia,176
AU,2004,F,Sophie,504
AU,2004,F,Stephanie,128
AU,2004,F,Tahlia,174
AU,2004,F,Tara,111
AU,2004,F,Tayla,91
AU,2004,F,Taylah,117
AU,2004,F,Taylor,92
AU,2004,F,Tiana,77
AU,2004,F,Victoria,88
AU,2004,F,Zara,86
AU,2004,F,Zoe,257
AU,2004,M,Aaron,178
AU,2004,M,Adam,221
AU,2004,M,Aidan,139
AU,2004,M,Aiden,135
AU,2004,M,Alex,150
AU,2004,M,Alexander,407
AU,2004,M,Ali,106
AU,2004,M,Andrew,199
AU,2004,M,Angus,203
AU,2004,M,Anthony,195
AU,2004,M,Ashton,146
AU,2004,M,Bailey,323
AU,2004,M,Beau,92
AU,2004,M,Ben,93
AU,2004,M,Benjamin,463
AU,2004,M,Blake,260
AU,2004,M,Brandon,123
AU,2004,M,Brayden,121
AU,2004,M,Brendan,98
AU,2004,M,Brock,122
AU,2004,M,Caleb,172
AU,2004,M,Callum,141
AU,2004,M,Cameron,235
AU,2004,M,Charles,116
AU,2004,M,Charlie,172
AU,2004,M,Christian,147
AU,2004,M,Christopher,174
AU,2004,M,Cody,157
AU,2004,M,Connor,307
AU,2004,M,Cooper,321
AU,2004,M,Corey,105
AU,2004,M,Daniel,545
AU,2004,M,Darcy,97
AU,2004,M,David,141
AU,2004,M,Declan,111
AU,2004,M,Dominic,107
AU,2004,M,Dylan,383
AU,2004,M,Edward,117
AU,2004,M,Elijah,105
AU,2004,M,Ethan,580
AU,2004,M,Flynn,125
AU,2004,M,Gabriel,100
AU,2004,M,George,137
AU,2004,M,Hamish,132
AU,2004,M,Harrison,326
AU,2004,M,Harry,229
AU,2004,M,Hayden,206
AU,2004,M,Henry,126
AU,2004,M,Isaac,257
AU,2004,M,Jack,837
AU,2004,M,Jackson,264
AU,2004,M,Jacob,440
AU,2004,M,Jai,95
AU,2004,M,Jake,351
AU,2004,M,James,600
AU,2004,M,Jamie,96
AU,2004,M,Jason,116
AU,2004,M,Jayden,343
AU,2004,M,Jeremy,112
AU,2004,M,Jesse,153
AU,2004,M,Joel,204
AU,2004,M,John,131
AU,2004,M,Jonathan,111
AU,2004,M,Jordan,275
AU,2004,M,Joseph,239
AU,2004,M,Joshua,795
AU,2004,M,Justin,140
AU,2004,M,Kyle,116
AU,2004,M,Lachlan,759
AU,2004,M,Levi,94
AU,2004,M,Liam,456
AU,2004,M,Logan,158
AU,2004,M,Lucas,133
AU,2004,M,Luke,487
AU,2004,M,Marcus,128
AU,2004,M,Matthew,480
AU,2004,M,Max,294
AU,2004,M,Michael,297
AU,2004,M,Mitchell,199
AU,2004,M,Nathan,302
AU,2004,M,Nicholas,500
AU,2004,M,Noah,290
AU,2004,M,Oliver,320
AU,2004,M,Oscar,206
AU,2004,M,Patrick,221
AU,2004,M,Peter,132
AU,2004,M,Riley,383
AU,2004,M,Ryan,551
AU,2004,M,Sam,98
AU,2004,M,Samuel,535
AU,2004,M,Sebastian,163
AU,2004,M,Thomas,735
AU,2004,M,Timothy,94
AU,2004,M,Toby,105
AU,2004,M,Tyler,184
AU,2004,M,William,659
AU,2004,M,Xavier,103
AU,2004,M,Zac,134
AU,2004,M,Zachary,260
AU,2004,M,Zane,100
AU,2005,F,Abbey,152
AU,2005,F,Abby,102
AU,2005,F,Abigail,114
AU,2005,F,Alana,82
AU,2005,F,Alexandra,159
AU,2005,F,Alice,83
AU,2005,F,Alicia,101
AU,2005,F,Alyssa,166
AU,2005,F,Amber,107
AU,2005,F,Amelia,330
AU,2005,F,Amy,166
AU,2005,F,Angelina,119
AU,2005,F,Anna,111
AU,2005,F,Annabelle,85
AU,2005,F,Ashleigh,88
AU,2005,F,Ashley,139
AU,2005,F,Ava,232
AU,2005,F,Bella,149
AU,2005,F,Bianca,119
AU,2005,F,Brianna,95
AU,2005,F,Brooke,107
AU,2005,F,Caitlin,215
AU,2005,F,Charlotte,590
AU,2005,F,Chelsea,197
AU,2005,F,Chloe,560
AU,2005,F,Claire,82
AU,2005,F,Claudia,122
AU,2005,F,Ebony,89
AU,2005,F,Eliza,100
AU,2005,F,Elizabeth,153
AU,2005,F,Ella,545
AU,2005,F,Ellie,117
AU,2005,F,Emily,592
AU,2005,F,Emma,374
AU,2005,F,Erin,100
AU,2005,F,Eva,99
AU,2005,F,Gabrielle,91
AU,2005,F,Gemma,82
AU,2005,F,Georgia,325
AU,2005,F,Grace,386
AU,2005,F,Hannah,346
AU,2005,F,Hayley,277
AU,2005,F,Holly,198
AU,2005,F,Imogen,135
AU,2005,F,Isabella,516
AU,2005,F,Isabelle,162
AU,2005,F,Jade,231
AU,2005,F,Jasmine,293
AU,2005,F,Jessica,523
AU,2005,F,Jorja,111
AU,2005,F,Kate,107
AU,2005,F,Kayla,137
AU,2005,F,Kiara,128
AU,2005,F,Lara,184
AU,2005,F,Laura,148
AU,2005,F,Lauren,157
AU,2005,F,Layla,87
AU,2005,F,Lilly,110
AU,2005,F,Lily,332
AU,2005,F,Lucy,214
AU,2005,F,Mackenzie,110
AU,2005,F,Maddison,194
AU,2005,F,Madeline,83
AU,2005,F,Madison,205
AU,2005,F,Makayla,93
AU,2005,F,Mariam,82
AU,2005,F,Matilda,120
AU,2005,F,Maya,102
AU,2005,F,Mia,398
AU,2005,F,Mikayla,115
AU,2005,F,Molly,172
AU,2005,F,Monique,84
AU,2005,F,Natalie,136
AU,2005,F,Natasha,113
AU,2005,F,Olivia,592
AU,2005,F,Paige,165
AU,2005,F,Phoebe,124
AU,2005,F,Rachel,88
AU,2005,F,Rebecca,103
AU,2005,F,Ruby,290
AU,2005,F,Samantha,171
AU,2005,F,Sarah,374
AU,2005,F,Scarlett,87
AU,2005,F,Sienna,346
AU,2005,F,Skye,102
AU,2005,F,Sofia,99
AU,2005,F,Sophia,209
AU,2005,F,Sophie,464
AU,2005,F,Stephanie,115
AU,2005,F,Summer,111
AU,2005,F,Tahlia,155
AU,2005,F,Talia,81
AU,2005,F,Tara,122
AU,2005,F,Tayla,94
AU,2005,F,Taylah,87
AU,2005,F,Taylor,100
AU,2005,F,Tiana,91
AU,2005,F,Victoria,97
AU,2005,F,Zara,110
AU,2005,F,Zoe,301
AU,2005,M,Aaron,148
AU,2005,M,Adam,267
AU,2005,M,Aidan,161
AU,2005,M,Aiden,148
AU,2005,M,Alex,172
AU,2005,M,Alexander,431
AU,2005,M,Ali,125
AU,2005,M,Andrew,202
AU,2005,M,Angus,212
AU,2005,M,Anthony,215
AU,2005,M,Ashton,132
AU,2005,M,Bailey,307
AU,2005,M,Benjamin,466
AU,2005,M,Blake,276
AU,2005,M,Brandon,103
AU,2005,M,Brayden,151
AU,2005,M,Caleb,184
AU,2005,M,Callum,126
AU,2005,M,Cameron,217
AU,2005,M,Charles,107
AU,2005,M,Charlie,237
AU,2005,M,Christian,191
AU,2005,M,Christopher,170
AU,2005,M,Cody,140
AU,2005,M,Connor,286
AU,2005,M,Cooper,362
AU,2005,M,Daniel,552
AU,2005,M,Darcy,100
AU,2005,M,David,127
AU,2005,M,Declan,124
AU,2005,M,Dominic,140
AU,2005,M,Dylan,405
AU,2005,M,Elijah,114
AU,2005,M,Ethan,505
AU,2005,M,Finn,109
AU,2005,M,Gabriel,95
AU,2005,M,George,134
AU,2005,M,Hamish,97
AU,2005,M,Harrison,323
AU,2005,M,Harry,212
AU,2005,M,Hayden,218
AU,2005,M,Henry,140
AU,2005,M,Hunter,102
AU,2005,M,Isaac,254
AU,2005,M,Jack,951
AU,2005,M,Jackson,238
AU,2005,M,Jacob,441
AU,2005,M,Jai,109
AU,2005,M,Jake,312
AU,2005,M,James,606
AU,2005,M,Jason,106
AU,2005,M,Jayden,338
AU,2005,M,Jesse,164
AU,2005,M,Jett,113
AU,2005,M,Joel,165
AU,2005,M,John,128
AU,2005,M,Jonathan,114
AU,2005,M,Jordan,279
AU,2005,M,Joseph,275
AU,2005,M,Joshua,734
AU,2005,M,Justin,135
AU,2005,M,Kai,110
AU,2005,M,Kye,99
AU,2005,M,Kyle,115
AU,2005,M,Lachlan,781
AU,2005,M,Liam,466
AU,2005,M,Logan,211
AU,2005,M,Luca,107
AU,2005,M,Lucas,184
AU,2005,M,Luke,472
AU,2005,M,Marcus,136
AU,2005,M,Mason,127
AU,2005,M,Matthew,505
AU,2005,M,Max,310
AU,2005,M,Michael,276
AU,2005,M,Mitchell,248
AU,2005,M,Nathan,254
AU,2005,M,Nicholas,467
AU,2005,M,Noah,466
AU,2005,M,Oliver,359
AU,2005,M,Oscar,215
AU,2005,M,Owen,99
AU,2005,M,Patrick,225
AU,2005,M,Peter,116
AU,2005,M,Riley,379
AU,2005,M,Ryan,552
AU,2005,M,Sam,105
AU,2005,M,Samuel,495
AU,2005,M,Sean,97
AU,2005,M,Sebastian,162
AU,2005,M,Seth,122
AU,2005,M,Thomas,700
AU,2005,M,Timothy,117
AU,2005,M,Toby,133
AU,2005,M,Tyler,211
AU,2005,M,William,740
AU,2005,M,Xavier,122
AU,2005,M,Zac,116
AU,2005,M,Zachary,263
AU,2005,M,Zane,109
AU,2006,F,Abbey,124
AU,2006,F,Abby,93
AU,2006,F,Abigail,116
AU,2006,F,Alana,99
AU,2006,F,Alexandra,138
AU,2006,F,Alice,84
AU,2006,F,Alyssa,169
AU,2006,F,Amber,107
AU,2006,F,Amelia,363
AU,2006,F,Amy,143
AU,2006,F,Angelina,155
AU,2006,F,Anna,97
AU,2006,F,Annabelle,123
AU,2006,F,Ashley,112
AU,2006,F,Ava,337
AU,2006,F,Bella,129
AU,2006,F,Bianca,98
AU,2006,F,Brianna,99
AU,2006,F,Brooke,126
AU,2006,F,Caitlin,189
AU,2006,F,Charli,87
AU,2006,F,Charlize,80
AU,2006,F,Charlotte,575
AU,2006,F,Chelsea,209
AU,2006,F,Chloe,619
AU,2006,F,Claire,113
AU,2006,F,Claudia,100
AU,2006,F,Ebony,91
AU,2006,F,Eliza,108
AU,2006,F,Elizabeth,150
AU,2006,F,Ella,562
AU,2006,F,Ellie,125
AU,2006,F,Emily,564
AU,2006,F,Emma,311
AU,2006,F,Erin,98
AU,2006,F,Eva,126
AU,2006,F,Gabriella,83
AU,2006,F,Gabrielle,89
AU,2006,F,Gemma,89
AU,2006,F,Georgia,343
AU,2006,F,Grace,364
AU,2006,F,Hannah,365
AU,2006,F,Hayley,224
AU,2006,F,Holly,182
AU,2006,F,Imogen,149
AU,2006,F,Isabel,108
AU,2006,F,Isabella,509
AU,2006,F,Isabelle,175
AU,2006,F,Jade,198
AU,2006,F,Jasmine,293
AU,2006,F,Jessica,516
AU,2006,F,Jorja,99
AU,2006,F,Kaitlyn,91
AU,2006,F,Kate,118
AU,2006,F,Katie,93
AU,2006,F,Kayla,143
AU,2006,F,Keira,136
AU,2006,F,Kiara,116
AU,2006,F,Lara,178
AU,2006,F,Laura,133
AU,2006,F,Lauren,138
AU,2006,F,Layla,92
AU,2006,F,Lilly,130
AU,2006,F,Lily,372
AU,2006,F,Lucy,228
AU,2006,F,Mackenzie,119
AU,2006,F,Maddison,181
AU,2006,F,Madeleine,96
AU,2006,F,Madeline,81
AU,2006,F,Madison,208
AU,2006,F,Makayla,100
AU,2006,F,Matilda,199
AU,2006,F,Maya,124
AU,2006,F,Mia,487
AU,2006,F,Mikayla,125
AU,2006,F,Molly,137
AU,2006,F,Natalie,130
AU,2006,F,Natasha,89
AU,2006,F,Olivia,551
AU,2006,F,Paige,132
AU,2006,F,Phoebe,137
AU,2006,F,Rachel,94
AU,2006,F,Rebecca,81
AU,2006,F,Ruby,271
AU,2006,F,Samantha,137
AU,2006,F,Sarah,342
AU,2006,F,Scarlett,106
AU,2006,F,Sienna,390
AU,2006,F,Skye,84
AU,2006,F,Sofia,90
AU,2006,F,Sophia,219
AU,2006,F,Sophie,442
AU,2006,F,Stella,86
AU,2006,F,Stephanie,109
AU,2006,F,Summer,132
AU,2006,F,Tahlia,135
AU,2006,F,Tara,89
AU,2006,F,Tiana,79
AU,2006,F,Zara,113
AU,2006,F,Zoe,305
AU,2006,M,Aaron,127
AU,2006,M,Adam,277
AU,2006,M,Aidan,156
AU,2006,M,Aiden,153
AU,2006,M,Alex,158
AU,2006,M,Alexander,434
AU,2006,M,Ali,109
AU,2006,M,Andrew,187
AU,2006,M,Angus,221
AU,2006,M,Anthony,193
AU,2006,M,Ashton,143
AU,2006,M,Bailey,301
AU,2006,M,Beau,115
AU,2006,M,Benjamin,477
AU,2006,M,Blake,253
AU,2006,M,Brayden,132
AU,2006,M,Brock,112
AU,2006,M,Brodie,139
AU,2006,M,Caleb,178
AU,2006,M,Callum,137
AU,2006,M,Cameron,259
AU,2006,M,Charles,142
AU,2006,M,Charlie,285
AU,2006,M,Christian,257
AU,2006,M,Christopher,183
AU,2006,M,Cody,136
AU,2006,M,Connor,224
AU,2006,M,Cooper,473
AU,2006,M,Daniel,519
AU,2006,M,Darcy,123
AU,2006,M,David,146
AU,2006,M,Dominic,132
AU,2006,M,Dylan,320
AU,2006,M,Elijah,106
AU,2006,M,Ethan,497
AU,2006,M,Flynn,101
AU,2006,M,George,135
AU,2006,M,Hamish,137
AU,2006,M,Harrison,354
AU,2006,M,Harry,267
AU,2006,M,Hayden,207
AU,2006,M,Henry,144
AU,2006,M,Hunter,134
AU,2006,M,Isaac,287
AU,2006,M,Jack,839
AU,2006,M,Jackson,244
AU,2006,M,Jacob,401
AU,2006,M,Jai,108
AU,2006,M,Jake,336
AU,2006,M,James,641
AU,2006,M,Jamie,111
AU,2006,M,Jayden,333
AU,2006,M,Jeremy,118
AU,2006,M,Jesse,204
AU,2006,M,Joel,160
AU,2006,M,John,130
AU,2006,M,Jonathan,141
AU,2006,M,Jordan,242
AU,2006,M,Joseph,249
AU,2006,M,Joshua,770
AU,2006,M,Justin,143
AU,2006,M,Kai,149
AU,2006,M,Lachlan,731
AU,2006,M,Levi,100
AU,2006,M,Liam,439
AU,2006,M,Logan,194
AU,2006,M,Luca,132
AU,2006,M,Lucas,342
AU,2006,M,Luke,409
AU,2006,M,Marcus,174
AU,2006,M,Mason,103
AU,2006,M,Matthew,451
AU,2006,M,Max,310
AU,2006,M,Michael,248
AU,2006,M,Mitchell,234
AU,2006,M,Nathan,242
AU,2006,M,Nicholas,399
AU,2006,M,Noah,509
AU,2006,M,Oliver,407
AU,2006,M,Oscar,220
AU,2006,M,Owen,102
AU,2006,M,Patrick,199
AU,2006,M,Peter,126
AU,2006,M,Rhys,101
AU,2006,M,Riley,398
AU,2006,M,Ryan,493
AU,2006,M,Sam,109
AU,2006,M,Samuel,459
AU,2006,M,Sean,139
AU,2006,M,Sebastian,184
AU,2006,M,Seth,148
AU,2006,M,Thomas,664
AU,2006,M,Toby,190
AU,2006,M,Tristan,106
AU,2006,M,Tyler,255
AU,2006,M,William,730
AU,2006,M,Xavier,128
AU,2006,M,Zac,113
AU,2006,M,Zachary,228
AU,2006,M,Zane,105
AU,2007,F,Abbey,129
AU,2007,F,Abigail,146
AU,2007,F,Alana,87
AU,2007,F,Alexandra,103
AU,2007,F,Alexis,92
AU,2007,F,Alice,95
AU,2007,F,Alyssa,178
AU,2007,F,Amber,102
AU,2007,F,Amelia,388
AU,2007,F,Amelie,94
AU,2007,F,Amy,137
AU,2007,F,Angelina,132
AU,2007,F,Anna,122
AU,2007,F,Annabelle,140
AU,2007,F,Ashley,98
AU,2007,F,Ava,421
AU,2007,F,Bella,152
AU,2007,F,Bianca,103
AU,2007,F,Brianna,96
AU,2007,F,Brooke,96
AU,2007,F,Caitlin,163
AU,2007,F,Caitlyn,81
AU,2007,F,Charlotte,496
AU,2007,F,Chelsea,223
AU,2007,F,Chloe,560
AU,2007,F,Claire,154
AU,2007,F,Eliza,119
AU,2007,F,Elizabeth,159
AU,2007,F,Ella,587
AU,2007,F,Ellie,106
AU,2007,F,Emily,571
AU,2007,F,Emma,310
AU,2007,F,Erin,97
AU,2007,F,Eva,153
AU,2007,F,Evie,92
AU,2007,F,Gabriella,85
AU,2007,F,Gabrielle,100
AU,2007,F,Gemma,82
AU,2007,F,Georgia,308
AU,2007,F,Grace,370
AU,2007,F,Hannah,407
AU,2007,F,Hayley,203
AU,2007,F,Holly,203
AU,2007,F,Imogen,158
AU,2007,F,Isabel,109
AU,2007,F,Isabella,623
AU,2007,F,Isabelle,192
AU,2007,F,Jade,160
AU,2007,F,Jasmine,267
AU,2007,F,Jessica,439
AU,2007,F,Kate,110
AU,2007,F,Katie,88
AU,2007,F,Kayla,113
AU,2007,F,Keira,138
AU,2007,F,Kiara,126
AU,2007,F,Lara,199
AU,2007,F,Laura,102
AU,2007,F,Lauren,141
AU,2007,F,Layla,115
AU,2007,F,Lillian,87
AU,2007,F,Lilly,159
AU,2007,F,Lily,425
AU,2007,F,Lucy,246
AU,2007,F,Mackenzie,114
AU,2007,F,Maddison,186
AU,2007,F,Madeleine,109
AU,2007,F,Madeline,84
AU,2007,F,Madison,228
AU,2007,F,Makayla,89
AU,2007,F,Matilda,218
AU,2007,F,Maya,129
AU,2007,F,Mia,526
AU,2007,F,Mikayla,108
AU,2007,F,Molly,129
AU,2007,F,Natalie,133
AU,2007,F,Natasha,94
AU,2007,F,Olivia,526
AU,2007,F,Paige,127
AU,2007,F,Phoebe,129
AU,2007,F,Rachel,106
AU,2007,F,Rebecca,95
AU,2007,F,Ruby,321
AU,2007,F,Samantha,156
AU,2007,F,Sara,87
AU,2007,F,Sarah,345
AU,2007,F,Savannah,109
AU,2007,F,Scarlett,136
AU,2007,F,Sienna,445
AU,2007,F,Skye,89
AU,2007,F,Sofia,115
AU,2007,F,Sophia,219
AU,2007,F,Sophie,455
AU,2007,F,Stella,80
AU,2007,F,Stephanie,93
AU,2007,F,Summer,135
AU,2007,F,Tahlia,146
AU,2007,F,Tara,81
AU,2007,F,Victoria,95
AU,2007,F,Zara,168
AU,2007,F,Zoe,327
AU,2007,M,Aaron,124
AU,2007,M,Adam,250
AU,2007,M,Aidan,182
AU,2007,M,Aiden,150
AU,2007,M,Alex,176
AU,2007,M,Alexander,407
AU,2007,M,Ali,128
AU,2007,M,Andrew,189
AU,2007,M,Angus,205
AU,2007,M,Anthony,196
AU,2007,M,Archie,120
AU,2007,M,Ashton,168
AU,2007,M,Bailey,276
AU,2007,M,Beau,103
AU,2007,M,Benjamin,430
AU,2007,M,Blake,273
AU,2007,M,Brayden,118
AU,2007,M,Brock,126
AU,2007,M,Brodie,124
AU,2007,M,Caleb,139
AU,2007,M,Callum,136
AU,2007,M,Cameron,227
AU,2007,M,Charles,141
AU,2007,M,Charlie,298
AU,2007,M,Christian,258
AU,2007,M,Christopher,190
AU,2007,M,Cody,157
AU,2007,M,Connor,175
AU,2007,M,Cooper,575
AU,2007,M,Daniel,511
AU,2007,M,Darcy,118
AU,2007,M,David,130
AU,2007,M,Dean,112
AU,2007,M,Dominic,123
AU,2007,M,Dylan,291
AU,2007,M,Elijah,125
AU,2007,M,Ethan,501
AU,2007,M,Finn,119
AU,2007,M,George,135
AU,2007,M,Hamish,126
AU,2007,M,Harrison,335
AU,2007,M,Harry,273
AU,2007,M,Hayden,219
AU,2007,M,Henry,186
AU,2007,M,Hunter,149
AU,2007,M,Isaac,309
AU,2007,M,Jack,846
AU,2007,M,Jackson,301
AU,2007,M,Jacob,407
AU,2007,M,Jai,109
AU,2007,M,Jake,289
AU,2007,M,James,532
AU,2007,M,Jamie,103
AU,2007,M,Jayden,416
AU,2007,M,Jesse,139
AU,2007,M,Jett,110
AU,2007,M,Joel,139
AU,2007,M,John,145
AU,2007,M,Jonathan,142
AU,2007,M,Jordan,200
AU,2007,M,Joseph,225
AU,2007,M,Joshua,713
AU,2007,M,Justin,119
AU,2007,M,Kai,135
AU,2007,M,Lachlan,678
AU,2007,M,Levi,114
AU,2007,M,Liam,418
AU,2007,M,Logan,225
AU,2007,M,Luca,124
AU,2007,M,Lucas,425
AU,2007,M,Luke,390
AU,2007,M,Marcus,151
AU,2007,M,Mason,136
AU,2007,M,Matthew,422
AU,2007,M,Max,308
AU,2007,M,Michael,256
AU,2007,M,Mitchell,189
AU,2007,M,Nathan,227
AU,2007,M,Nicholas,377
AU,2007,M,Noah,513
AU,2007,M,Oliver,493
AU,2007,M,Oscar,241
AU,2007,M,Owen,116
AU,2007,M,Patrick,220
AU,2007,M,Riley,575
AU,2007,M,Ryan,500
AU,2007,M,Sam,106
AU,2007,M,Samuel,493
AU,2007,M,Sean,122
AU,2007,M,Sebastian,165
AU,2007,M,Seth,147
AU,2007,M,Taj,113
AU,2007,M,Thomas,657
AU,2007,M,Toby,178
AU,2007,M,Tristan,109
AU,2007,M,Tyler,251
AU,2007,M,William,763
AU,2007,M,Xavier,174
AU,2007,M,Zac,133
AU,2007,M,Zachary,217
AU,2008,F,Abbey,106
AU,2008,F,Abby,87
AU,2008,F,Abigail,171
AU,2008,F,Addison,78
AU,2008,F,Alana,80
AU,2008,F,Alexandra,105
AU,2008,F,Alexis,107
AU,2008,F,Alice,82
AU,2008,F,Alicia,82
AU,2008,F,Alyssa,149
AU,2008,F,Amber,97
AU,2008,F,Amelia,449
AU,2008,F,Amelie,103
AU,2008,F,Amy,147
AU,2008,F,Angelina,126
AU,2008,F,Anna,111
AU,2008,F,Annabelle,107
AU,2008,F,Ashley,93
AU,2008,F,Audrey,92
AU,2008,F,Ava,468
AU,2008,F,Bella,122
AU,2008,F,Bianca,101
AU,2008,F,Brianna,91
AU,2008,F,Brooke,93
AU,2008,F,Caitlin,131
AU,2008,F,Charli,85
AU,2008,F,Charlotte,529
AU,2008,F,Chelsea,196
AU,2008,F,Chloe,634
AU,2008,F,Claire,124
AU,2008,F,Claudia,94
AU,2008,F,Eliza,91
AU,2008,F,Elizabeth,177
AU,2008,F,Ella,507
AU,2008,F,Ellie,88
AU,2008,F,Emily,562
AU,2008,F,Emma,297
AU,2008,F,Eva,170
AU,2008,F,Evie,135
AU,2008,F,Gabriella,119
AU,2008,F,Gemma,96
AU,2008,F,Georgia,260
AU,2008,F,Grace,427
AU,2008,F,Hannah,345
AU,2008,F,Hayley,172
AU,2008,F,Holly,196
AU,2008,F,Imogen,149
AU,2008,F,Isabel,121
AU,2008,F,Isabella,573
AU,2008,F,Isabelle,180
AU,2008,F,Isla,104
AU,2008,F,Jade,148
AU,2008,F,Jasmine,266
AU,2008,F,Jessica,358
AU,2008,F,Kate,93
AU,2008,F,Katie,85
AU,2008,F,Kayla,110
AU,2008,F,Keira,121
AU,2008,F,Kiara,92
AU,2008,F,Lara,188
AU,2008,F,Laura,102
AU,2008,F,Lauren,118
AU,2008,F,Layla,137
AU,2008,F,Lilly,152
AU,2008,F,Lily,390
AU,2008,F,Lucy,230
AU,2008,F,Mackenzie,111
AU,2008,F,Maddison,178
AU,2008,F,Madeleine,111
AU,2008,F,Madeline,94
AU,2008,F,Madison,225
AU,2008,F,Mariam,85
AU,2008,F,Mary,79
AU,2008,F,Matilda,375
AU,2008,F,Maya,130
AU,2008,F,Mia,631
AU,2008,F,Mikayla,147
AU,2008,F,Molly,145
AU,2008,F,Natalie,114
AU,2008,F,Natasha,95
AU,2008,F,Olivia,563
AU,2008,F,Paige,141
AU,2008,F,Phoebe,128
AU,2008,F,Rebecca,84
AU,2008,F,Rose,84
AU,2008,F,Ruby,390
AU,2008,F,Samantha,148
AU,2008,F,Sarah,307
AU,2008,F,Savannah,106
AU,2008,F,Scarlett,145
AU,2008,F,Sienna,467
AU,2008,F,Sofia,114
AU,2008,F,Sophia,227
AU,2008,F,Sophie,483
AU,2008,F,Stella,101
AU,2008,F,Stephanie,116
AU,2008,F,Summer,149
AU,2008,F,Tahlia,144
AU,2008,F,Zara,183
AU,2008,F,Zoe,355
AU,2008,M,Aaron,231
AU,2008,M,Adam,357
AU,2008,M,Aidan,294
AU,2008,M,Aiden,295
AU,2008,M,Alex,255
AU,2008,M,Alexander,712
AU,2008,M,Ali,121
AU,2008,M,Andrew,263
AU,2008,M,Angus,466
AU,2008,M,Anthony,268
AU,2008,M,Archer,115
AU,2008,M,Archie,342
AU,2008,M,Ashton,269
AU,2008,M,Bailey,413
AU,2008,M,Beau,116
AU,2008,M,Benjamin,859
AU,2008,M,Blake,394
AU,2008,M,Brodie,228
AU,2008,M,Caleb,262
AU,2008,M,Callum,217
AU,2008,M,Cameron,295
AU,2008,M,Charles,251
AU,2008,M,Charlie,607
AU,2008,M,Christian,345
AU,2008,M,Christopher,236
AU,2008,M,Cody,264
AU,2008,M,Connor,329
AU,2008,M,Cooper,988
AU,2008,M,Daniel,786
AU,2008,M,Darcy,230
AU,2008,M,David,233
AU,2008,M,Declan,91
AU,2008,M,Dominic,108
AU,2008,M,Dylan,458
AU,2008,M,Edward,203
AU,2008,M,Elijah,196
AU,2008,M,Ethan,866
AU,2008,M,Finn,232
AU,2008,M,Flynn,199
AU,2008,M,Gabriel,206
AU,2008,M,George,245
AU,2008,M,Hamish,303
AU,2008,M,Harrison,510
AU,2008,M,Harry,459
AU,2008,M,Harvey,76
AU,2008,M,Hayden,371
AU,2008,M,Henry,358
AU,2008,M,Hunter,274
AU,2008,M,Isaac,511
AU,2008,M,Jack,1319
AU,2008,M,Jackson,442
AU,2008,M,Jacob,605
AU,2008,M,Jai,196
AU,2008,M,Jake,484
AU,2008,M,James,997
AU,2008,M,Jasper,78
AU,2008,M,Jayden,541
AU,2008,M,Jeremy,107
AU,2008,M,Jesse,269
AU,2008,M,Jett,196
AU,2008,M,Joel,228
AU,2008,M,John,121
AU,2008,M,Jonathan,130
AU,2008,M,Jordan,387
AU,2008,M,Joseph,355
AU,2008,M,Joshua,1118
AU,2008,M,Julian,77
AU,2008,M,Kai,244
AU,2008,M,Koby,121
AU,2008,M,Lachlan,1118
AU,2008,M,Leo,83
AU,2008,M,Levi,247
AU,2008,M,Liam,713
AU,2008,M,Lincoln,82
AU,2008,M,Logan,349
AU,2008,M,Luca,256
AU,2008,M,Lucas,698
AU,2008,M,Luke,541
AU,2008,M,Marcus,270
AU,2008,M,Mason,217
AU,2008,M,Matthew,632
AU,2008,M,Max,692
AU,2008,M,Michael,405
AU,2008,M,Mitchell,389
AU,2008,M,Nate,116
AU,2008,M,Nathan,408
AU,2008,M,Nicholas,539
AU,2008,M,Noah,817
AU,2008,M,Oliver,979
AU,2008,M,Oscar,459
AU,2008,M,Owen,77
AU,2008,M,Patrick,326
AU,2008,M,Riley,952
AU,2008,M,Ryan,702
AU,2008,M,Ryder,92
AU,2008,M,Sam,210
AU,2008,M,Samuel,771
AU,2008,M,Sebastian,300
AU,2008,M,Seth,232
AU,2008,M,Spencer,77
AU,2008,M,Taj,112
AU,2008,M,Thomas,1072
AU,2008,M,Toby,257
AU,2008,M,Tristan,125
AU,2008,M,Tyler,510
AU,2008,M,Will,92
AU,2008,M,William,1335
AU,2008,M,Xavier,398
AU,2008,M,Zac,211
AU,2008,M,Zachary,308
AU,2008,M,Zane,107
AU,2009,F,Aaliyah,79
AU,2009,F,Abbey,80
AU,2009,F,Abby,81
AU,2009,F,Abigail,188
AU,2009,F,Addison,94
AU,2009,F,Alana,80
AU,2009,F,Alexandra,96
AU,2009,F,Alexis,112
AU,2009,F,Alice,99
AU,2009,F,Alicia,79
AU,2009,F,Alyssa,149
AU,2009,F,Amber,103
AU,2009,F,Amelia,461
AU,2009,F,Amelie,103
AU,2009,F,Amy,97
AU,2009,F,Angelina,99
AU,2009,F,Anna,114
AU,2009,F,Annabelle,142
AU,2009,F,Audrey,88
AU,2009,F,Ava,447
AU,2009,F,Bella,139
AU,2009,F,Caitlin,132
AU,2009,F,Charli,135
AU,2009,F,Charlotte,570
AU,2009,F,Chelsea,220
AU,2009,F,Chloe,601
AU,2009,F,Claire,130
AU,2009,F,Eliza,104
AU,2009,F,Elizabeth,150
AU,2009,F,Ella,459
AU,2009,F,Ellie,90
AU,2009,F,Emily,509
AU,2009,F,Emma,269
AU,2009,F,Eva,182
AU,2009,F,Evie,150
AU,2009,F,Gabriella,113
AU,2009,F,Gabrielle,83
AU,2009,F,Georgia,248
AU,2009,F,Grace,406
AU,2009,F,Hannah,297
AU,2009,F,Hayley,165
AU,2009,F,Holly,187
AU,2009,F,Imogen,112
AU,2009,F,Isabel,97
AU,2009,F,Isabella,616
AU,2009,F,Isabelle,219
AU,2009,F,Isla,171
AU,2009,F,Ivy,116
AU,2009,F,Jade,130
AU,2009,F,Jasmine,249
AU,2009,F,Jessica,344
AU,2009,F,Katie,83
AU,2009,F,Kayla,110
AU,2009,F,Keira,106
AU,2009,F,Kiara,91
AU,2009,F,Lara,181
AU,2009,F,Laura,85
AU,2009,F,Lauren,81
AU,2009,F,Layla,138
AU,2009,F,Lillian,94
AU,2009,F,Lilly,171
AU,2009,F,Lily,432
AU,2009,F,Lucy,247
AU,2009,F,Maddison,178
AU,2009,F,Madeleine,96
AU,2009,F,Madeline,100
AU,2009,F,Madison,194
AU,2009,F,Mariam,82
AU,2009,F,Matilda,331
AU,2009,F,Maya,128
AU,2009,F,Mia,536
AU,2009,F,Mikayla,127
AU,2009,F,Molly,138
AU,2009,F,Natalie,96
AU,2009,F,Olivia,563
AU,2009,F,Paige,130
AU,2009,F,Phoebe,108
AU,2009,F,Piper,78
AU,2009,F,Poppy,98
AU,2009,F,Rose,94
AU,2009,F,Ruby,464
AU,2009,F,Samantha,136
AU,2009,F,Sarah,265
AU,2009,F,Savannah,98
AU,2009,F,Scarlett,157
AU,2009,F,Sienna,478
AU,2009,F,Skye,88
AU,2009,F,Sofia,111
AU,2009,F,Sophia,221
AU,2009,F,Sophie,478
AU,2009,F,Stella,108
AU,2009,F,Stephanie,89
AU,2009,F,Summer,152
AU,2009,F,Tahlia,168
AU,2009,F,Talia,86
AU,2009,F,Taylor,106
AU,2009,F,Violet,89
AU,2009,F,Willow,87
AU,2009,F,Zara,225
AU,2009,F,Zoe,312
AU,2009,M,Aaron,197
AU,2009,M,Adam,312
AU,2009,M,Aidan,289
AU,2009,M,Aiden,372
AU,2009,M,Alex,254
AU,2009,M,Alexander,694
AU,2009,M,Ali,139
AU,2009,M,Andrew,243
AU,2009,M,Angus,393
AU,2009,M,Anthony,235
AU,2009,M,Archer,97
AU,2009,M,Archie,399
AU,2009,M,Ashton,260
AU,2009,M,Bailey,355
AU,2009,M,Beau,135
AU,2009,M,Benjamin,794
AU,2009,M,Blake,402
AU,2009,M,Brock,102
AU,2009,M,Brodie,81
AU,2009,M,Caleb,263
AU,2009,M,Callum,255
AU,2009,M,Cameron,259
AU,2009,M,Charles,211
AU,2009,M,Charlie,634
AU,2009,M,Christian,356
AU,2009,M,Christopher,214
AU,2009,M,Cody,117
AU,2009,M,Connor,339
AU,2009,M,Cooper,926
AU,2009,M,Daniel,673
AU,2009,M,Darcy,99
AU,2009,M,David,192
AU,2009,M,Declan,224
AU,2009,M,Dylan,414
AU,2009,M,Edward,234
AU,2009,M,Eli,191
AU,2009,M,Elijah,261
AU,2009,M,Ethan,874
AU,2009,M,Finn,224
AU,2009,M,Flynn,78
AU,2009,M,Gabriel,273
AU,2009,M,George,233
AU,2009,M,Hamish,300
AU,2009,M,Harrison,442
AU,2009,M,Harry,465
AU,2009,M,Harvey,93
AU,2009,M,Hayden,318
AU,2009,M,Henry,337
AU,2009,M,Hudson,78
AU,2009,M,Hugo,111
AU,2009,M,Hunter,268
AU,2009,M,Isaac,541
AU,2009,M,Jack,1190
AU,2009,M,Jackson,428
AU,2009,M,Jacob,581
AU,2009,M,Jai,78
AU,2009,M,Jake,469
AU,2009,M,James,884
AU,2009,M,Jasper,196
AU,2009,M,Jayden,499
AU,2009,M,Jesse,244
AU,2009,M,Jett,249
AU,2009,M,Joel,222
AU,2009,M,John,111
AU,2009,M,Jonathan,187
AU,2009,M,Jordan,370
AU,2009,M,Joseph,303
AU,2009,M,Joshua,1025
AU,2009,M,Justin,117
AU,2009,M,Kai,170
AU,2009,M,Koby,109
AU,2009,M,Lachlan,1027
AU,2009,M,Leo,182
AU,2009,M,Levi,354
AU,2009,M,Liam,675
AU,2009,M,Lincoln,220
AU,2009,M,Logan,349
AU,2009,M,Luca,299
AU,2009,M,Lucas,833
AU,2009,M,Luke,476
AU,2009,M,Marcus,246
AU,2009,M,Mason,230
AU,2009,M,Matthew,555
AU,2009,M,Max,686
AU,2009,M,Michael,378
AU,2009,M,Mitchell,363
AU,2009,M,Nate,248
AU,2009,M,Nathan,335
AU,2009,M,Nicholas,461
AU,2009,M,Noah,903
AU,2009,M,Oliver,1010
AU,2009,M,Oscar,507
AU,2009,M,Owen,200
AU,2009,M,Patrick,291
AU,2009,M,Rhys,103
AU,2009,M,Riley,832
AU,2009,M,Ryan,611
AU,2009,M,Ryder,114
AU,2009,M,Sam,90
AU,2009,M,Samuel,782
AU,2009,M,Sebastian,269
AU,2009,M,Seth,221
AU,2009,M,Thomas,1017
AU,2009,M,Toby,228
AU,2009,M,Tyler,506
AU,2009,M,Tyson,91
AU,2009,M,William,1293
AU,2009,M,Xavier,531
AU,2009,M,Zac,249
AU,2009,M,Zachary,331
AU,2010,F,Aaliyah,74
AU,2010,F,Abbey,101
AU,2010,F,Abby,75
AU,2010,F,Abigail,220
AU,2010,F,Addison,121
AU,2010,F,Alana,75
AU,2010,F,Alexandra,101
AU,2010,F,Alexis,162
AU,2010,F,Alice,112
AU,2010,F,Alyssa,143
AU,2010,F,Amber,86
AU,2010,F,Amelia,473
AU,2010,F,Amelie,96
AU,2010,F,Amy,99
AU,2010,F,Angelina,83
AU,2010,F,Anna,88
AU,2010,F,Annabelle,169
AU,2010,F,Ashley,78
AU,2010,F,Audrey,90
AU,2010,F,Ava,426
AU,2010,F,Bella,144
AU,2010,F,Caitlin,91
AU,2010,F,Charli,80
AU,2010,F,Charlotte,550
AU,2010,F,Chelsea,196
AU,2010,F,Chloe,604
AU,2010,F,Claire,137
AU,2010,F,Claudia,89
AU,2010,F,Eliza,99
AU,2010,F,Elizabeth,158
AU,2010,F,Ella,461
AU,2010,F,Ellie,122
AU,2010,F,Emily,480
AU,2010,F,Emma,296
AU,2010,F,Eva,214
AU,2010,F,Evie,182
AU,2010,F,Gabriella,109
AU,2010,F,Gemma,90
AU,2010,F,Georgia,228
AU,2010,F,Grace,440
AU,2010,F,Hannah,279
AU,2010,F,Hayley,134
AU,2010,F,Heidi,93
AU,2010,F,Holly,156
AU,2010,F,Imogen,130
AU,2010,F,Isabel,96
AU,2010,F,Isabella,609
AU,2010,F,Isabelle,179
AU,2010,F,Isla,182
AU,2010,F,Ivy,187
AU,2010,F,Jade,129
AU,2010,F,Jasmine,212
AU,2010,F,Jessica,262
AU,2010,F,Kayla,110
AU,2010,F,Lara,148
AU,2010,F,Lauren,82
AU,2010,F,Layla,172
AU,2010,F,Leah,76
AU,2010,F,Lillian,78
AU,2010,F,Lilly,176
AU,2010,F,Lily,485
AU,2010,F,Lola,78
AU,2010,F,Lucy,248
AU,2010,F,Mackenzie,81
AU,2010,F,Maddison,180
AU,2010,F,Madeleine,75
AU,2010,F,Madeline,86
AU,2010,F,Madison,147
AU,2010,F,Matilda,290
AU,2010,F,Maya,143
AU,2010,F,Mia,523
AU,2010,F,Mikayla,106
AU,2010,F,Molly,119
AU,2010,F,Natalie,83
AU,2010,F,Olivia,586
AU,2010,F,Paige,92
AU,2010,F,Phoebe,115
AU,2010,F,Piper,91
AU,2010,F,Poppy,96
AU,2010,F,Rose,91
AU,2010,F,Ruby,600
AU,2010,F,Samantha,97
AU,2010,F,Sarah,226
AU,2010,F,Savannah,113
AU,2010,F,Scarlett,210
AU,2010,F,Sienna,473
AU,2010,F,Skye,80
AU,2010,F,Sofia,126
AU,2010,F,Sophia,296
AU,2010,F,Sophie,472
AU,2010,F,Stella,97
AU,2010,F,Stephanie,93
AU,2010,F,Summer,168
AU,2010,F,Tahlia,140
AU,2010,F,Taylor,86
AU,2010,F,Victoria,91
AU,2010,F,Violet,82
AU,2010,F,Willow,100
AU,2010,F,Zara,217
AU,2010,F,Zoe,322
AU,2010,M,Aaron,230
AU,2010,M,Adam,368
AU,2010,M,Aidan,249
AU,2010,M,Aiden,400
AU,2010,M,Alex,242
AU,2010,M,Alexander,690
AU,2010,M,Ali,110
AU,2010,M,Andrew,228
AU,2010,M,Angus,325
AU,2010,M,Anthony,230
AU,2010,M,Archer,124
AU,2010,M,Archie,349
AU,2010,M,Ashton,239
AU,2010,M,Bailey,290
AU,2010,M,Beau,151
AU,2010,M,Benjamin,714
AU,2010,M,Blake,360
AU,2010,M,Caleb,259
AU,2010,M,Callum,213
AU,2010,M,Cameron,245
AU,2010,M,Charles,216
AU,2010,M,Charlie,609
AU,2010,M,Chase,193
AU,2010,M,Christian,264
AU,2010,M,Christopher,118
AU,2010,M,Cody,105
AU,2010,M,Connor,328
AU,2010,M,Cooper,895
AU,2010,M,Daniel,581
AU,2010,M,Darcy,223
AU,2010,M,David,123
AU,2010,M,Declan,214
AU,2010,M,Dylan,361
AU,2010,M,Edward,260
AU,2010,M,Eli,241
AU,2010,M,Elijah,311
AU,2010,M,Ethan,897
AU,2010,M,Finn,249
AU,2010,M,Flynn,77
AU,2010,M,Gabriel,211
AU,2010,M,George,219
AU,2010,M,Hamish,292
AU,2010,M,Harrison,431
AU,2010,M,Harry,514
AU,2010,M,Hayden,245
AU,2010,M,Henry,442
AU,2010,M,Hudson,90
AU,2010,M,Hugo,198
AU,2010,M,Hunter,276
AU,2010,M,Isaac,534
AU,2010,M,Jack,1181
AU,2010,M,Jackson,382
AU,2010,M,Jacob,680
AU,2010,M,Jai,74
AU,2010,M,Jake,495
AU,2010,M,James,860
AU,2010,M,Jasper,228
AU,2010,M,Jayden,459
AU,2010,M,Jesse,224
AU,2010,M,Jett,229
AU,2010,M,Joel,184
AU,2010,M,John,74
AU,2010,M,Jonathan,196
AU,2010,M,Jordan,317
AU,2010,M,Joseph,289
AU,2010,M,Joshua,927
AU,2010,M,Justin,115
AU,2010,M,Kai,230
AU,2010,M,Lachlan,860
AU,2010,M,Leo,236
AU,2010,M,Levi,456
AU,2010,M,Liam,690
AU,2010,M,Lincoln,191
AU,2010,M,Logan,375
AU,2010,M,Luca,291
AU,2010,M,Lucas,828
AU,2010,M,Luke,428
AU,2010,M,Marcus,282
AU,2010,M,Mason,306
AU,2010,M,Matthew,488
AU,2010,M,Max,712
AU,2010,M,Michael,373
AU,2010,M,Mitchell,287
AU,2010,M,Nate,305
AU,2010,M,Nathan,357
AU,2010,M,Nicholas,444
AU,2010,M,Noah,896
AU,2010,M,Oliver,955
AU,2010,M,Oscar,455
AU,2010,M,Owen,191
AU,2010,M,Patrick,296
AU,2010,M,Phoenix,102
AU,2010,M,Riley,622
AU,2010,M,Ryan,593
AU,2010,M,Ryder,122
AU,2010,M,Sam,188
AU,2010,M,Samuel,751
AU,2010,M,Sebastian,303
AU,2010,M,Seth,115
AU,2010,M,Thomas,985
AU,2010,M,Toby,244
AU,2010,M,Tyler,545
AU,2010,M,Tyson,184
AU,2010,M,William,1229
AU,2010,M,Xavier,599
AU,2010,M,Zac,261
AU,2010,M,Zachary,295
AU,2011,F,Aaliyah,87
AU,2011,F,Abigail,214
AU,2011,F,Addison,132
AU,2011,F,Alana,79
AU,2011,F,Alexandra,79
AU,2011,F,Alexis,171
AU,2011,F,Alice,133
AU,2011,F,Alyssa,121
AU,2011,F,Amber,76
AU,2011,F,Amelia,489
AU,2011,F,Amelie,84
AU,2011,F,Angelina,80
AU,2011,F,Anna,110
AU,2011,F,Annabelle,144
AU,2011,F,Ashley,80
AU,2011,F,Audrey,130
AU,2011,F,Ava,472
AU,2011,F,Bella,129
AU,2011,F,Caitlin,85
AU,2011,F,Charli,81
AU,2011,F,Charlie,77
AU,2011,F,Charlotte,518
AU,2011,F,Chelsea,171
AU,2011,F,Chloe,613
AU,2011,F,Claire,106
AU,2011,F,Eden,79
AU,2011,F,Eliza,92
AU,2011,F,Elizabeth,153
AU,2011,F,Ella,457
AU,2011,F,Ellie,115
AU,2011,F,Eloise,78
AU,2011,F,Emily,473
AU,2011,F,Emma,267
AU,2011,F,Erin,86
AU,2011,F,Eva,239
AU,2011,F,Eve,77
AU,2011,F,Evelyn,99
AU,2011,F,Evie,204
AU,2011,F,Gabriella,104
AU,2011,F,Georgia,227
AU,2011,F,Grace,408
AU,2011,F,Hannah,252
AU,2011,F,Harper,118
AU,2011,F,Hayley,137
AU,2011,F,Holly,161
AU,2011,F,Imogen,148
AU,2011,F,Indiana,91
AU,2011,F,Isabel,79
AU,2011,F,Isabella,560
AU,2011,F,Isabelle,197
AU,2011,F,Isla,229
AU,2011,F,Ivy,186
AU,2011,F,Jade,100
AU,2011,F,Jasmine,196
AU,2011,F,Jessica,245
AU,2011,F,Kayla,79
AU,2011,F,Lara,140
AU,2011,F,Layla,174
AU,2011,F,Leah,86
AU,2011,F,Lillian,108
AU,2011,F,Lilly,164
AU,2011,F,Lily,395
AU,2011,F,Lola,82
AU,2011,F,Lucy,225
AU,2011,F,Mackenzie,91
AU,2011,F,Maddison,178
AU,2011,F,Madeleine,97
AU,2011,F,Madeline,77
AU,2011,F,Madison,168
AU,2011,F,Matilda,259
AU,2011,F,Maya,165
AU,2011,F,Mia,531
AU,2011,F,Mikayla,102
AU,2011,F,Mila,96
AU,2011,F,Milla,85
AU,2011,F,Molly,127
AU,2011,F,Natalie,116
AU,2011,F,Olivia,559
AU,2011,F,Paige,104
AU,2011,F,Phoebe,110
AU,2011,F,Piper,93
AU,2011,F,Poppy,93
AU,2011,F,Rose,102
AU,2011,F,Ruby,589
AU,2011,F,Samantha,97
AU,2011,F,Sarah,190
AU,2011,F,Savannah,157
AU,2011,F,Scarlett,224
AU,2011,F,Sienna,488
AU,2011,F,Sofia,187
AU,2011,F,Sophia,369
AU,2011,F,Sophie,519
AU,2011,F,Stella,124
AU,2011,F,Summer,163
AU,2011,F,Tahlia,85
AU,2011,F,Victoria,95
AU,2011,F,Violet,99
AU,2011,F,Willow,121
AU,2011,F,Zara,224
AU,2011,F,Zoe,332
AU,2011,M,Aaron,200
AU,2011,M,Adam,302
AU,2011,M,Aidan,203
AU,2011,M,Aiden,393
AU,2011,M,Alex,190
AU,2011,M,Alexander,684
AU,2011,M,Ali,144
AU,2011,M,Andrew,217
AU,2011,M,Angus,297
AU,2011,M,Anthony,219
AU,2011,M,Archer,110
AU,2011,M,Archie,347
AU,2011,M,Ashton,263
AU,2011,M,Austin,197
AU,2011,M,Bailey,247
AU,2011,M,Beau,254
AU,2011,M,Benjamin,763
AU,2011,M,Blake,355
AU,2011,M,Braxton,114
AU,2011,M,Caleb,233
AU,2011,M,Callum,207
AU,2011,M,Cameron,139
AU,2011,M,Charles,223
AU,2011,M,Charlie,659
AU,2011,M,Chase,222
AU,2011,M,Christian,276
AU,2011,M,Christopher,127
AU,2011,M,Connor,293
AU,2011,M,Cooper,819
AU,2011,M,Daniel,520
AU,2011,M,Darcy,90
AU,2011,M,David,212
AU,2011,M,Declan,81
AU,2011,M,Dominic,123
AU,2011,M,Dylan,344
AU,2011,M,Edward,274
AU,2011,M,Eli,296
AU,2011,M,Elijah,309
AU,2011,M,Ethan,1013
AU,2011,M,Finn,275
AU,2011,M,Flynn,301
AU,2011,M,Gabriel,190
AU,2011,M,George,258
AU,2011,M,Hamish,279
AU,2011,M,Harrison,477
AU,2011,M,Harry,525
AU,2011,M,Harvey,102
AU,2011,M,Hayden,318
AU,2011,M,Henry,424
AU,2011,M,Hudson,97
AU,2011,M,Hugo,190
AU,2011,M,Hunter,320
AU,2011,M,Isaac,526
AU,2011,M,Jack,1029
AU,2011,M,Jackson,393
AU,2011,M,Jacob,708
AU,2011,M,Jake,464
AU,2011,M,James,861
AU,2011,M,Jasper,219
AU,2011,M,Jaxon,190
AU,2011,M,Jayden,520
AU,2011,M,Jesse,198
AU,2011,M,Jett,190
AU,2011,M,John,126
AU,2011,M,Jonathan,196
AU,2011,M,Jordan,275
AU,2011,M,Joseph,308
AU,2011,M,Joshua,857
AU,2011,M,Kai,222
AU,2011,M,Koby,106
AU,2011,M,Lachlan,931
AU,2011,M,Leo,274
AU,2011,M,Levi,439
AU,2011,M,Lewis,73
AU,2011,M,Liam,780
AU,2011,M,Lincoln,128
AU,2011,M,Logan,401
AU,2011,M,Louis,74
AU,2011,M,Luca,242
AU,2011,M,Lucas,970
AU,2011,M,Luke,425
AU,2011,M,Marcus,250
AU,2011,M,Mason,499
AU,2011,M,Matthew,400
AU,2011,M,Max,685
AU,2011,M,Michael,382
AU,2011,M,Mitchell,246
AU,2011,M,Nate,243
AU,2011,M,Nathan,302
AU,2011,M,Nicholas,415
AU,2011,M,Noah,932
AU,2011,M,Oliver,1009
AU,2011,M,Oscar,507
AU,2011,M,Owen,217
AU,2011,M,Patrick,316
AU,2011,M,Riley,575
AU,2011,M,Ryan,539
AU,2011,M,Ryder,232
AU,2011,M,Sam,75
AU,2011,M,Samuel,739
AU,2011,M,Sebastian,394
AU,2011,M,Seth,76
AU,2011,M,Thomas,904
AU,2011,M,Toby,155
AU,2011,M,Tyler,484
AU,2011,M,William,1111
AU,2011,M,Xavier,642
AU,2011,M,Zac,241
AU,2011,M,Zachary,318
AU,2012,F,Aaliyah,111
AU,2012,F,Abigail,195
AU,2012,F,Addison,125
AU,2012,F,Alexandra,85
AU,2012,F,Alexis,162
AU,2012,F,Alice,141
AU,2012,F,Alyssa,125
AU,2012,F,Amelia,517
AU,2012,F,Amelie,89
AU,2012,F,Amy,81
AU,2012,F,Angelina,77
AU,2012,F,Anna,100
AU,2012,F,Annabel,71
AU,2012,F,Annabelle,160
AU,2012,F,Aria,85
AU,2012,F,Audrey,176
AU,2012,F,Ava,465
AU,2012,F,Bella,140
AU,2012,F,Caitlin,78
AU,2012,F,Charlie,77
AU,2012,F,Charlotte,567
AU,2012,F,Chelsea,181
AU,2012,F,Chloe,536
AU,2012,F,Claire,145
AU,2012,F,Eden,96
AU,2012,F,Elise,76
AU,2012,F,Eliza,98
AU,2012,F,Elizabeth,160
AU,2012,F,Ella,397
AU,2012,F,Ellie,106
AU,2012,F,Eloise,91
AU,2012,F,Emily,547
AU,2012,F,Emma,324
AU,2012,F,Eva,208
AU,2012,F,Eve,88
AU,2012,F,Evelyn,111
AU,2012,F,Evie,211
AU,2012,F,Gabriella,103
AU,2012,F,Georgia,204
AU,2012,F,Grace,421
AU,2012,F,Hannah,269
AU,2012,F,Harper,164
AU,2012,F,Hayley,135
AU,2012,F,Heidi,83
AU,2012,F,Holly,132
AU,2012,F,Imogen,124
AU,2012,F,Indiana,99
AU,2012,F,Isabel,91
AU,2012,F,Isabella,497
AU,2012,F,Isabelle,194
AU,2012,F,Isla,239
AU,2012,F,Ivy,238
AU,2012,F,Jade,83
AU,2012,F,Jasmine,195
AU,2012,F,Jessica,225
AU,2012,F,Kayla,89
AU,2012,F,Lara,115
AU,2012,F,Lauren,75
AU,2012,F,Layla,202
AU,2012,F,Leah,92
AU,2012,F,Lilly,143
AU,2012,F,Lily,368
AU,2012,F,Lola,84
AU,2012,F,Lucy,254
AU,2012,F,Mackenzie,122
AU,2012,F,Maddison,153
AU,2012,F,Madeleine,107
AU,2012,F,Madison,156
AU,2012,F,Mariam,77
AU,2012,F,Matilda,271
AU,2012,F,Maya,137
AU,2012,F,Mia,519
AU,2012,F,Mikayla,96
AU,2012,F,Mila,124
AU,2012,F,Milla,75
AU,2012,F,Molly,120
AU,2012,F,Olivia,544
AU,2012,F,Paige,90
AU,2012,F,Phoebe,123
AU,2012,F,Piper,116
AU,2012,F,Poppy,98
AU,2012,F,Rose,126
AU,2012,F,Ruby,549
AU,2012,F,Samantha,81
AU,2012,F,Sarah,193
AU,2012,F,Savannah,158
AU,2012,F,Scarlett,235
AU,2012,F,Sienna,425
AU,2012,F,Skye,72
AU,2012,F,Sofia,180
AU,2012,F,Sophia,415
AU,2012,F,Sophie,503
AU,2012,F,Stella,132
AU,2012,F,Summer,146
AU,2012,F,Tahlia,94
AU,2012,F,Victoria,104
AU,2012,F,Violet,113
AU,2012,F,Willow,153
AU,2012,F,Zara,208
AU,2012,F,Zoe,339
AU,2012,M,Aaron,75
AU,2012,M,Adam,286
AU,2012,M,Aidan,203
AU,2012,M,Aiden,354
AU,2012,M,Alex,210
AU,2012,M,Alexander,745
AU,2012,M,Ali,137
AU,2012,M,Andrew,129
AU,2012,M,Angus,314
AU,2012,M,Anthony,215
AU,2012,M,Archer,263
AU,2012,M,Archie,396
AU,2012,M,Ashton,219
AU,2012,M,Austin,201
AU,2012,M,Bailey,217
AU,2012,M,Beau,294
AU,2012,M,Benjamin,686
AU,2012,M,Blake,372
AU,2012,M,Braxton,302
AU,2012,M,Caleb,214
AU,2012,M,Callum,111
AU,2012,M,Cameron,128
AU,2012,M,Charles,236
AU,2012,M,Charlie,612
AU,2012,M,Chase,258
AU,2012,M,Christian,273
AU,2012,M,Christopher,127
AU,2012,M,Connor,265
AU,2012,M,Cooper,760
AU,2012,M,Daniel,533
AU,2012,M,Darcy,188
AU,2012,M,David,112
AU,2012,M,Declan,91
AU,2012,M,Dominic,119
AU,2012,M,Dylan,403
AU,2012,M,Edward,301
AU,2012,M,Eli,273
AU,2012,M,Elijah,322
AU,2012,M,Ethan,980
AU,2012,M,Felix,78
AU,2012,M,Finn,257
AU,2012,M,Flynn,370
AU,2012,M,Gabriel,194
AU,2012,M,George,262
AU,2012,M,Hamish,245
AU,2012,M,Harrison,518
AU,2012,M,Harry,535
AU,2012,M,Harvey,92
AU,2012,M,Hayden,303
AU,2012,M,Henry,519
AU,2012,M,Hudson,272
AU,2012,M,Hugo,244
AU,2012,M,Hunter,400
AU,2012,M,Isaac,584
AU,2012,M,Jack,1060
AU,2012,M,Jackson,410
AU,2012,M,Jacob,732
AU,2012,M,Jake,397
AU,2012,M,James,879
AU,2012,M,Jasper,225
AU,2012,M,Jaxon,328
AU,2012,M,Jayden,488
AU,2012,M,Jesse,117
AU,2012,M,Jett,84
AU,2012,M,John,122
AU,2012,M,Jonathan,133
AU,2012,M,Jordan,267
AU,2012,M,Joseph,293
AU,2012,M,Joshua,839
AU,2012,M,Julian,70
AU,2012,M,Kai,260
AU,2012,M,Lachlan,821
AU,2012,M,Leo,325
AU,2012,M,Levi,466
AU,2012,M,Liam,724
AU,2012,M,Lincoln,215
AU,2012,M,Logan,419
AU,2012,M,Louis,80
AU,2012,M,Luca,282
AU,2012,M,Lucas,914
AU,2012,M,Luke,367
AU,2012,M,Marcus,287
AU,2012,M,Mason,590
AU,2012,M,Matthew,372
AU,2012,M,Max,649
AU,2012,M,Michael,359
AU,2012,M,Mitchell,258
AU,2012,M,Muhammad,113
AU,2012,M,Nate,257
AU,2012,M,Nathan,286
AU,2012,M,Nicholas,391
AU,2012,M,Noah,983
AU,2012,M,Oliver,1002
AU,2012,M,Oscar,556
AU,2012,M,Owen,217
AU,2012,M,Patrick,373
AU,2012,M,Riley,495
AU,2012,M,Ryan,606
AU,2012,M,Ryder,125
AU,2012,M,Samuel,641
AU,2012,M,Sebastian,403
AU,2012,M,Seth,80
AU,2012,M,Spencer,80
AU,2012,M,Thomas,942
AU,2012,M,Toby,225
AU,2012,M,Tyler,473
AU,2012,M,Tyson,82
AU,2012,M,William,1128
AU,2012,M,Xavier,611
AU,2012,M,Zac,201
AU,2012,M,Zachary,349
AU,2013,F,Aaliyah,101
AU,2013,F,Abigail,217
AU,2013,F,Addison,118
AU,2013,F,Alexandra,102
AU,2013,F,Alexis,139
AU,2013,F,Alice,132
AU,2013,F,Alyssa,106
AU,2013,F,Amelia,547
AU,2013,F,Amelie,80
AU,2013,F,Anna,108
AU,2013,F,Annabelle,180
AU,2013,F,Aria,102
AU,2013,F,Ariana,74
AU,2013,F,Audrey,158
AU,2013,F,Ava,480
AU,2013,F,Ayla,72
AU,2013,F,Bella,124
AU,2013,F,Caitlin,90
AU,2013,F,Charlotte,615
AU,2013,F,Chelsea,137
AU,2013,F,Chloe,524
AU,2013,F,Claire,112
AU,2013,F,Daisy,70
AU,2013,F,Eden,100
AU,2013,F,Eliza,102
AU,2013,F,Elizabeth,147
AU,2013,F,Ella,372
AU,2013,F,Ellie,132
AU,2013,F,Eloise,101
AU,2013,F,Elsie,88
AU,2013,F,Emilia,74
AU,2013,F,Emily,503
AU,2013,F,Emma,286
AU,2013,F,Eva,226
AU,2013,F,Eve,70
AU,2013,F,Evelyn,144
AU,2013,F,Evie,248
AU,2013,F,Gabriella,72
AU,2013,F,Georgia,194
AU,2013,F,Grace,374
AU,2013,F,Hannah,248
AU,2013,F,Harper,234
AU,2013,F,Harriet,70
AU,2013,F,Hayley,82
AU,2013,F,Holly,101
AU,2013,F,Imogen,181
AU,2013,F,Indiana,103
AU,2013,F,Isabel,88
AU,2013,F,Isabella,485
AU,2013,F,Isabelle,196
AU,2013,F,Isla,295
AU,2013,F,Ivy,307
AU,2013,F,Jade,69
AU,2013,F,Jasmine,171
AU,2013,F,Jessica,165
AU,2013,F,Josephine,69
AU,2013,F,Lara,124
AU,2013,F,Layla,209
AU,2013,F,Leah,70
AU,2013,F,Lexi,70
AU,2013,F,Lillian,78
AU,2013,F,Lilly,115
AU,2013,F,Lily,305
AU,2013,F,Lola,106
AU,2013,F,Lucy,235
AU,2013,F,Mackenzie,136
AU,2013,F,Maddison,172
AU,2013,F,Madeleine,104
AU,2013,F,Madison,150
AU,2013,F,Matilda,297
AU,2013,F,Maya,107
AU,2013,F,Mia,518
AU,2013,F,Mikayla,83
AU,2013,F,Mila,126
AU,2013,F,Molly,95
AU,2013,F,Olive,76
AU,2013,F,Olivia,558
AU,2013,F,Paige,83
AU,2013,F,Penelope,85
AU,2013,F,Phoebe,110
AU,2013,F,Piper,96
AU,2013,F,Poppy,119
AU,2013,F,Rose,94
AU,2013,F,Ruby,410
AU,2013,F,Samantha,83
AU,2013,F,Sarah,178
AU,2013,F,Savannah,177
AU,2013,F,Scarlett,238
AU,2013,F,Sienna,373
AU,2013,F,Skye,74
AU,2013,F,Sofia,194
AU,2013,F,Sophia,404
AU,2013,F,Sophie,454
AU,2013,F,Stella,143
AU,2013,F,Summer,123
AU,2013,F,Victoria,122
AU,2013,F,Violet,117
AU,2013,F,Willow,180
AU,2013,F,Zara,216
AU,2013,F,Zoe,312
AU,2013,M,Aaron,190
AU,2013,M,Adam,310
AU,2013,M,Aidan,67
AU,2013,M,Aiden,351
AU,2013,M,Alex,187
AU,2013,M,Alexander,702
AU,2013,M,Ali,220
AU,2013,M,Angus,272
AU,2013,M,Anthony,137
AU,2013,M,Archer,302
AU,2013,M,Archie,391
AU,2013,M,Ashton,244
AU,2013,M,Austin,223
AU,2013,M,Bailey,199
AU,2013,M,Beau,242
AU,2013,M,Benjamin,603
AU,2013,M,Blake,322
AU,2013,M,Braxton,285
AU,2013,M,Caleb,226
AU,2013,M,Charles,205
AU,2013,M,Charlie,568
AU,2013,M,Chase,257
AU,2013,M,Christian,272
AU,2013,M,Christopher,105
AU,2013,M,Connor,256
AU,2013,M,Cooper,709
AU,2013,M,Daniel,503
AU,2013,M,Darcy,187
AU,2013,M,David,186
AU,2013,M,Dominic,122
AU,2013,M,Dylan,278
AU,2013,M,Edward,348
AU,2013,M,Eli,286
AU,2013,M,Elijah,389
AU,2013,M,Ethan,834
AU,2013,M,Felix,201
AU,2013,M,Finn,269
AU,2013,M,Flynn,398
AU,2013,M,Gabriel,107
AU,2013,M,George,278
AU,2013,M,Hamish,95
AU,2013,M,Harrison,592
AU,2013,M,Harry,508
AU,2013,M,Harvey,112
AU,2013,M,Hayden,239
AU,2013,M,Henry,557
AU,2013,M,Hudson,390
AU,2013,M,Hugo,284
AU,2013,M,Hunter,467
AU,2013,M,Isaac,606
AU,2013,M,Jack,1073
AU,2013,M,Jackson,437
AU,2013,M,Jacob,659
AU,2013,M,Jake,331
AU,2013,M,James,886
AU,2013,M,Jasper,213
AU,2013,M,Jaxon,338
AU,2013,M,Jayden,477
AU,2013,M,Jesse,177
AU,2013,M,Jett,106
AU,2013,M,Joel,71
AU,2013,M,John,181
AU,2013,M,Jonathan,127
AU,2013,M,Jordan,256
AU,2013,M,Joseph,306
AU,2013,M,Joshua,736
AU,2013,M,Jude,66
AU,2013,M,Kai,155
AU,2013,M,Lachlan,749
AU,2013,M,Leo,404
AU,2013,M,Levi,477
AU,2013,M,Lewis,85
AU,2013,M,Liam,735
AU,2013,M,Lincoln,267
AU,2013,M,Logan,451
AU,2013,M,Louis,230
AU,2013,M,Luca,307
AU,2013,M,Lucas,784
AU,2013,M,Luke,311
AU,2013,M,Marcus,231
AU,2013,M,Mason,642
AU,2013,M,Matthew,335
AU,2013,M,Max,608
AU,2013,M,Michael,326
AU,2013,M,Mitchell,240
AU,2013,M,Muhammad,131
AU,2013,M,Nate,235
AU,2013,M,Nathan,288
AU,2013,M,Nathaniel,217
AU,2013,M,Nicholas,329
AU,2013,M,Noah,930
AU,2013,M,Oliver,1106
AU,2013,M,Oscar,538
AU,2013,M,Owen,193
AU,2013,M,Patrick,374
AU,2013,M,Riley,449
AU,2013,M,Ryan,480
AU,2013,M,Ryder,235
AU,2013,M,Samuel,669
AU,2013,M,Sebastian,437
AU,2013,M,Spencer,114
AU,2013,M,Thomas,840
AU,2013,M,Toby,215
AU,2013,M,Tyler,373
AU,2013,M,William,1193
AU,2013,M,Xavier,572
AU,2013,M,Zac,82
AU,2013,M,Zachary,351
AU,2014,F,Aaliyah,104
AU,2014,F,Abigail,208
AU,2014,F,Addison,107
AU,2014,F,Aisha,67
AU,2014,F,Alexandra,87
AU,2014,F,Alexis,152
AU,2014,F,Alice,145
AU,2014,F,Alyssa,103
AU,2014,F,Amelia,498
AU,2014,F,Amelie,74
AU,2014,F,Anna,119
AU,2014,F,Annabelle,211
AU,2014,F,Aria,160
AU,2014,F,Ariana,99
AU,2014,F,Audrey,170
AU,2014,F,Aurora,67
AU,2014,F,Ava,495
AU,2014,F,Ayla,69
AU,2014,F,Bella,121
AU,2014,F,Bonnie,68
AU,2014,F,Charlie,72
AU,2014,F,Charlotte,524
AU,2014,F,Chelsea,125
AU,2014,F,Chloe,431
AU,2014,F,Claire,120
AU,2014,F,Eden,99
AU,2014,F,Eleanor,82
AU,2014,F,Elise,82
AU,2014,F,Eliza,77
AU,2014,F,Elizabeth,135
AU,2014,F,Ella,376
AU,2014,F,Ellie,134
AU,2014,F,Eloise,107
AU,2014,F,Elsie,74
AU,2014,F,Emilia,82
AU,2014,F,Emily,443
AU,2014,F,Emma,285
AU,2014,F,Eva,199
AU,2014,F,Evelyn,203
AU,2014,F,Evie,300
AU,2014,F,Georgia,228
AU,2014,F,Grace,382
AU,2014,F,Hannah,255
AU,2014,F,Harper,251
AU,2014,F,Harriet,72
AU,2014,F,Hayley,86
AU,2014,F,Hazel,75
AU,2014,F,Holly,106
AU,2014,F,Imogen,164
AU,2014,F,Indiana,107
AU,2014,F,Isabel,91
AU,2014,F,Isabella,406
AU,2014,F,Isabelle,195
AU,2014,F,Isla,341
AU,2014,F,Ivy,314
AU,2014,F,Jade,72
AU,2014,F,Jasmine,195
AU,2014,F,Jessica,164
AU,2014,F,Lara,103
AU,2014,F,Layla,216
AU,2014,F,Lexi,78
AU,2014,F,Lillian,88
AU,2014,F,Lilly,105
AU,2014,F,Lily,284
AU,2014,F,Lola,107
AU,2014,F,Lucy,223
AU,2014,F,Mackenzie,123
AU,2014,F,Maddison,171
AU,2014,F,Madeleine,99
AU,2014,F,Madeline,78
AU,2014,F,Madison,120
AU,2014,F,Matilda,267
AU,2014,F,Maya,159
AU,2014,F,Mia,539
AU,2014,F,Mila,162
AU,2014,F,Molly,78
AU,2014,F,Natalie,74
AU,2014,F,Olive,77
AU,2014,F,Olivia,639
AU,2014,F,Paige,94
AU,2014,F,Penelope,78
AU,2014,F,Phoebe,116
AU,2014,F,Piper,108
AU,2014,F,Poppy,134
AU,2014,F,Rose,99
AU,2014,F,Ruby,423
AU,2014,F,Sarah,155
AU,2014,F,Savannah,154
AU,2014,F,Scarlett,290
AU,2014,F,Sienna,322
AU,2014,F,Sofia,170
AU,2014,F,Sophia,340
AU,2014,F,Sophie,397
AU,2014,F,Stella,146
AU,2014,F,Summer,123
AU,2014,F,Victoria,118
AU,2014,F,Violet,143
AU,2014,F,Willow,191
AU,2014,F,Zara,240
AU,2014,F,Zoe,319
AU,2014,M,Aaron,195
AU,2014,M,Adam,287
AU,2014,M,Aiden,375
AU,2014,M,Alex,77
AU,2014,M,Alexander,725
AU,2014,M,Ali,222
AU,2014,M,Angus,268
AU,2014,M,Anthony,183
AU,2014,M,Archer,326
AU,2014,M,Archie,425
AU,2014,M,Ashton,256
AU,2014,M,Austin,237
AU,2014,M,Bailey,185
AU,2014,M,Beau,173
AU,2014,M,Benjamin,556
AU,2014,M,Blake,265
AU,2014,M,Braxton,144
AU,2014,M,Caleb,206
AU,2014,M,Charles,188
AU,2014,M,Charlie,580
AU,2014,M,Chase,213
AU,2014,M,Christian,223
AU,2014,M,Christopher,108
AU,2014,M,Connor,232
AU,2014,M,Cooper,571
AU,2014,M,Daniel,481
AU,2014,M,Darcy,100
AU,2014,M,David,115
AU,2014,M,Dominic,131
AU,2014,M,Dylan,287
AU,2014,M,Edward,376
AU,2014,M,Eli,252
AU,2014,M,Elijah,412
AU,2014,M,Ethan,733
AU,2014,M,Evan,71
AU,2014,M,Felix,200
AU,2014,M,Finn,239
AU,2014,M,Fletcher,67
AU,2014,M,Flynn,366
AU,2014,M,Gabriel,219
AU,2014,M,George,373
AU,2014,M,Hamish,205
AU,2014,M,Harrison,594
AU,2014,M,Harry,498
AU,2014,M,Harvey,140
AU,2014,M,Hayden,198
AU,2014,M,Henry,560
AU,2014,M,Hudson,376
AU,2014,M,Hugo,327
AU,2014,M,Hunter,474
AU,2014,M,Isaac,602
AU,2014,M,Jack,1013
AU,2014,M,Jackson,418
AU,2014,M,Jacob,596
AU,2014,M,Jake,294
AU,2014,M,James,821
AU,2014,M,Jasper,214
AU,2014,M,Jaxon,334
AU,2014,M,Jayden,446
AU,2014,M,Jesse,109
AU,2014,M,John,108
AU,2014,M,Jonathan,100
AU,2014,M,Jordan,290
AU,2014,M,Joseph,282
AU,2014,M,Joshua,613
AU,2014,M,Jude,65
AU,2014,M,Kai,268
AU,2014,M,Lachlan,644
AU,2014,M,Lenny,61
AU,2014,M,Leo,452
AU,2014,M,Levi,450
AU,2014,M,Liam,672
AU,2014,M,Lincoln,240
AU,2014,M,Logan,412
AU,2014,M,Louis,227
AU,2014,M,Luca,285
AU,2014,M,Lucas,801
AU,2014,M,Luke,271
AU,2014,M,Marcus,246
AU,2014,M,Mason,598
AU,2014,M,Matthew,312
AU,2014,M,Max,634
AU,2014,M,Maxwell,177
AU,2014,M,Michael,314
AU,2014,M,Mitchell,83
AU,2014,M,Muhammad,206
AU,2014,M,Nate,307
AU,2014,M,Nathan,233
AU,2014,M,Nathaniel,167
AU,2014,M,Nicholas,307
AU,2014,M,Noah,933
AU,2014,M,Oliver,1171
AU,2014,M,Oscar,544
AU,2014,M,Owen,197
AU,2014,M,Patrick,391
AU,2014,M,Phoenix,105
AU,2014,M,Riley,342
AU,2014,M,Ryan,513
AU,2014,M,Ryder,229
AU,2014,M,Samuel,594
AU,2014,M,Sebastian,423
AU,2014,M,Spencer,95
AU,2014,M,Theodore,72
AU,2014,M,Thomas,813
AU,2014,M,Toby,193
AU,2014,M,Tyler,309
AU,2014,M,William,1096
AU,2014,M,Xavier,518
AU,2014,M,Zac,67
AU,2014,M,Zachary,319
AU,2015,F,Aaliyah,85
AU,2015,F,Abigail,198
AU,2015,F,Addison,102
AU,2015,F,Aisha,91
AU,2015,F,Alexandra,82
AU,2015,F,Alexis,121
AU,2015,F,Alice,130
AU,2015,F,Alyssa,112
AU,2015,F,Amelia,475
AU,2015,F,Anna,105
AU,2015,F,Annabelle,176
AU,2015,F,Aria,195
AU,2015,F,Ariana,129
AU,2015,F,Audrey,199
AU,2015,F,Aurora,91
AU,2015,F,Ava,474
AU,2015,F,Ayla,89
AU,2015,F,Bella,94
AU,2015,F,Billie,76
AU,2015,F,Charlie,76
AU,2015,F,Charlotte,630
AU,2015,F,Chelsea,115
AU,2015,F,Chloe,466
AU,2015,F,Claire,118
AU,2015,F,Daisy,83
AU,2015,F,Eden,107
AU,2015,F,Eleanor,115
AU,2015,F,Eliza,82
AU,2015,F,Elizabeth,130
AU,2015,F,Ella,322
AU,2015,F,Ellie,132
AU,2015,F,Eloise,94
AU,2015,F,Elsie,95
AU,2015,F,Emilia,91
AU,2015,F,Emily,427
AU,2015,F,Emma,244
AU,2015,F,Eva,240
AU,2015,F,Eve,79
AU,2015,F,Evelyn,266
AU,2015,F,Evie,319
AU,2015,F,Frankie,95
AU,2015,F,Gabriella,75
AU,2015,F,Georgia,244
AU,2015,F,Grace,365
AU,2015,F,Hannah,225
AU,2015,F,Harper,282
AU,2015,F,Harriet,86
AU,2015,F,Hazel,103
AU,2015,F,Holly,76
AU,2015,F,Imogen,154
AU,2015,F,Indiana,109
AU,2015,F,Isabel,98
AU,2015,F,Isabella,347
AU,2015,F,Isabelle,216
AU,2015,F,Isla,323
AU,2015,F,Ivy,322
AU,2015,F,Jasmine,124
AU,2015,F,Jessica,130
AU,2015,F,Lara,103
AU,2015,F,Layla,178
AU,2015,F,Leah,86
AU,2015,F,Lillian,80
AU,2015,F,Lilly,94
AU,2015,F,Lily,254
AU,2015,F,Lola,86
AU,2015,F,Lucy,229
AU,2015,F,Mackenzie,127
AU,2015,F,Maddison,131
AU,2015,F,Madeleine,97
AU,2015,F,Madison,118
AU,2015,F,Mariam,75
AU,2015,F,Maryam,80
AU,2015,F,Matilda,281
AU,2015,F,Maya,120
AU,2015,F,Mia,516
AU,2015,F,Mila,161
AU,2015,F,Molly,92
AU,2015,F,Olive,81
AU,2015,F,Olivia,603
AU,2015,F,Paige,77
AU,2015,F,Penelope,96
AU,2015,F,Phoebe,118
AU,2015,F,Piper,151
AU,2015,F,Poppy,95
AU,2015,F,Rose,90
AU,2015,F,Ruby,331
AU,2015,F,Sarah,153
AU,2015,F,Savannah,140
AU,2015,F,Scarlett,277
AU,2015,F,Sienna,297
AU,2015,F,Sofia,180
AU,2015,F,Sophia,363
AU,2015,F,Sophie,339
AU,2015,F,Stella,149
AU,2015,F,Summer,110
AU,2015,F,Victoria,122
AU,2015,F,Violet,166
AU,2015,F,Willow,212
AU,2015,F,Zara,224
AU,2015,F,Zoe,368
AU,2015,M,Aaron,63
AU,2015,M,Adam,301
AU,2015,M,Aiden,316
AU,2015,M,Alex,65
AU,2015,M,Alexander,623
AU,2015,M,Ali,188
AU,2015,M,Andrew,108
AU,2015,M,Angus,240
AU,2015,M,Anthony,115
AU,2015,M,Archer,361
AU,2015,M,Archie,418
AU,2015,M,Arlo,169
AU,2015,M,Ashton,270
AU,2015,M,Austin,240
AU,2015,M,Beau,246
AU,2015,M,Benjamin,543
AU,2015,M,Billy,66
AU,2015,M,Blake,217
AU,2015,M,Braxton,130
AU,2015,M,Caleb,110
AU,2015,M,Carter,116
AU,2015,M,Charles,206
AU,2015,M,Charlie,577
AU,2015,M,Chase,213
AU,2015,M,Christian,246
AU,2015,M,Connor,232
AU,2015,M,Cooper,512
AU,2015,M,Daniel,412
AU,2015,M,Darcy,66
AU,2015,M,David,94
AU,2015,M,Dominic,130
AU,2015,M,Dylan,254
AU,2015,M,Edward,339
AU,2015,M,Eli,253
AU,2015,M,Elijah,361
AU,2015,M,Ethan,695
AU,2015,M,Felix,182
AU,2015,M,Finn,275
AU,2015,M,Fletcher,72
AU,2015,M,Flynn,312
AU,2015,M,Gabriel,217
AU,2015,M,George,375
AU,2015,M,Hamish,203
AU,2015,M,Harley,105
AU,2015,M,Harrison,526
AU,2015,M,Harry,471
AU,2015,M,Harvey,318
AU,2015,M,Hayden,168
AU,2015,M,Henry,575
AU,2015,M,Hudson,426
AU,2015,M,Hugo,315
AU,2015,M,Hunter,414
AU,2015,M,Isaac,617
AU,2015,M,Jack,997
AU,2015,M,Jackson,381
AU,2015,M,Jacob,551
AU,2015,M,Jake,268
AU,2015,M,James,737
AU,2015,M,Jasper,179
AU,2015,M,Jaxon,251
AU,2015,M,Jayden,366
AU,2015,M,Jett,75
AU,2015,M,John,120
AU,2015,M,Jonathan,102
AU,2015,M,Jordan,241
AU,2015,M,Joseph,289
AU,2015,M,Joshua,530
AU,2015,M,Julian,65
AU,2015,M,Kai,223
AU,2015,M,Lachlan,593
AU,2015,M,Leo,493
AU,2015,M,Levi,490
AU,2015,M,Lewis,71
AU,2015,M,Liam,578
AU,2015,M,Lincoln,259
AU,2015,M,Logan,410
AU,2015,M,Louis,256
AU,2015,M,Luca,302
AU,2015,M,Lucas,728
AU,2015,M,Luke,246
AU,2015,M,Marcus,190
AU,2015,M,Mason,579
AU,2015,M,Matthew,259
AU,2015,M,Max,571
AU,2015,M,Maxwell,172
AU,2015,M,Michael,313
AU,2015,M,Mitchell,69
AU,2015,M,Muhammad,216
AU,2015,M,Nate,280
AU,2015,M,Nathan,208
AU,2015,M,Nathaniel,182
AU,2015,M,Nicholas,247
AU,2015,M,Noah,842
AU,2015,M,Oliver,1245
AU,2015,M,Oscar,517
AU,2015,M,Owen,197
AU,2015,M,Patrick,352
AU,2015,M,Riley,329
AU,2015,M,Ryan,483
AU,2015,M,Ryder,214
AU,2015,M,Samuel,565
AU,2015,M,Sebastian,402
AU,2015,M,Spencer,103
AU,2015,M,Theodore,247
AU,2015,M,Thomas,780
AU,2015,M,Toby,173
AU,2015,M,Tyler,298
AU,2015,M,William,1044
AU,2015,M,Xavier,476
AU,2015,M,Zachary,293
AU,2016,F,Aaliyah,96
AU,2016,F,Abigail,210
AU,2016,F,Addison,101
AU,2016,F,Aisha,92
AU,2016,F,Alexis,113
AU,2016,F,Alice,168
AU,2016,F,Alyssa,95
AU,2016,F,Amelia,497
AU,2016,F,Amelie,72
AU,2016,F,Anna,117
AU,2016,F,Annabelle,172
AU,2016,F,Aria,207
AU,2016,F,Ariana,117
AU,2016,F,Audrey,200
AU,2016,F,Aurora,92
AU,2016,F,Ava,482
AU,2016,F,Ayla,81
AU,2016,F,Bella,112
AU,2016,F,Billie,95
AU,2016,F,Bonnie,77
AU,2016,F,Charlotte,589
AU,2016,F,Chelsea,108
AU,2016,F,Chloe,440
AU,2016,F,Claire,114
AU,2016,F,Daisy,88
AU,2016,F,Eden,93
AU,2016,F,Eleanor,135
AU,2016,F,Elizabeth,135
AU,2016,F,Ella,322
AU,2016,F,Ellie,158
AU,2016,F,Eloise,95
AU,2016,F,Elsie,100
AU,2016,F,Emilia,133
AU,2016,F,Emily,397
AU,2016,F,Emma,233
AU,2016,F,Eva,239
AU,2016,F,Eve,73
AU,2016,F,Evelyn,309
AU,2016,F,Evie,332
AU,2016,F,Florence,89
AU,2016,F,Frankie,116
AU,2016,F,Freya,73
AU,2016,F,Georgia,253
AU,2016,F,Grace,361
AU,2016,F,Hannah,230
AU,2016,F,Harper,293
AU,2016,F,Harriet,92
AU,2016,F,Hayley,80
AU,2016,F,Hazel,108
AU,2016,F,Heidi,80
AU,2016,F,Imogen,133
AU,2016,F,Indiana,104
AU,2016,F,Isabel,81
AU,2016,F,Isabella,345
AU,2016,F,Isabelle,200
AU,2016,F,Isla,360
AU,2016,F,Ivy,330
AU,2016,F,Jasmine,149
AU,2016,F,Jessica,98
AU,2016,F,Josephine,75
AU,2016,F,Lara,100
AU,2016,F,Layla,217
AU,2016,F,Lilly,76
AU,2016,F,Lily,257
AU,2016,F,Lola,85
AU,2016,F,Lucy,220
AU,2016,F,Mackenzie,122
AU,2016,F,Maddison,144
AU,2016,F,Madeleine,107
AU,2016,F,Madeline,83
AU,2016,F,Madison,101
AU,2016,F,Matilda,281
AU,2016,F,Maya,131
AU,2016,F,Mia,454
AU,2016,F,Mila,166
AU,2016,F,Molly,76
AU,2016,F,Olive,78
AU,2016,F,Olivia,652
AU,2016,F,Paige,78
AU,2016,F,Penelope,124
AU,2016,F,Phoebe,117
AU,2016,F,Piper,128
AU,2016,F,Poppy,116
AU,2016,F,Rose,118
AU,2016,F,Ruby,353
AU,2016,F,Sarah,118
AU,2016,F,Savannah,148
AU,2016,F,Scarlett,281
AU,2016,F,Sienna,288
AU,2016,F,Sofia,169
AU,2016,F,Sophia,337
AU,2016,F,Sophie,325
AU,2016,F,Stella,156
AU,2016,F,Summer,96
AU,2016,F,Thea,79
AU,2016,F,Victoria,89
AU,2016,F,Violet,146
AU,2016,F,Willow,213
AU,2016,F,Zara,262
AU,2016,F,Zoe,341
AU,2016,M,Aaron,126
AU,2016,M,Adam,276
AU,2016,M,Aiden,325
AU,2016,M,Alexander,648
AU,2016,M,Ali,214
AU,2016,M,Andrew,108
AU,2016,M,Angus,268
AU,2016,M,Anthony,116
AU,2016,M,Archer,358
AU,2016,M,Archie,423
AU,2016,M,Arlo,281
AU,2016,M,Ashton,252
AU,2016,M,Austin,269
AU,2016,M,Beau,237
AU,2016,M,Benjamin,552
AU,2016,M,Billy,67
AU,2016,M,Blake,205
AU,2016,M,Caleb,195
AU,2016,M,Carter,126
AU,2016,M,Charles,234
AU,2016,M,Charlie,533
AU,2016,M,Chase,202
AU,2016,M,Christian,227
AU,2016,M,Connor,248
AU,2016,M,Cooper,480
AU,2016,M,Daniel,423
AU,2016,M,Darcy,171
AU,2016,M,Dominic,134
AU,2016,M,Dylan,235
AU,2016,M,Edward,333
AU,2016,M,Eli,258
AU,2016,M,Elijah,414
AU,2016,M,Ethan,760
AU,2016,M,Felix,232
AU,2016,M,Finn,316
AU,2016,M,Fletcher,99
AU,2016,M,Flynn,320
AU,2016,M,Gabriel,218
AU,2016,M,George,358
AU,2016,M,Hamish,199
AU,2016,M,Harrison,556
AU,2016,M,Harry,497
AU,2016,M,Harvey,381
AU,2016,M,Hayden,97
AU,2016,M,Henry,592
AU,2016,M,Hudson,454
AU,2016,M,Hugo,287
AU,2016,M,Hunter,496
AU,2016,M,Isaac,598
AU,2016,M,Jack,962
AU,2016,M,Jackson,320
AU,2016,M,Jacob,544
AU,2016,M,Jake,190
AU,2016,M,James,788
AU,2016,M,Jasper,225
AU,2016,M,Jaxon,240
AU,2016,M,Jayden,402
AU,2016,M,John,171
AU,2016,M,Jonathan,97
AU,2016,M,Jordan,297
AU,2016,M,Joseph,268
AU,2016,M,Joshua,530
AU,2016,M,Jude,87
AU,2016,M,Kai,282
AU,2016,M,Lachlan,609
AU,2016,M,Lenny,66
AU,2016,M,Leo,613
AU,2016,M,Leon,103
AU,2016,M,Levi,479
AU,2016,M,Lewis,76
AU,2016,M,Liam,594
AU,2016,M,Lincoln,304
AU,2016,M,Logan,347
AU,2016,M,Louis,283
AU,2016,M,Luca,301
AU,2016,M,Lucas,731
AU,2016,M,Luke,227
AU,2016,M,Marcus,187
AU,2016,M,Mason,571
AU,2016,M,Matthew,249
AU,2016,M,Max,595
AU,2016,M,Maxwell,75
AU,2016,M,Michael,268
AU,2016,M,Mitchell,75
AU,2016,M,Muhammad,281
AU,2016,M,Nate,278
AU,2016,M,Nathan,205
AU,2016,M,Nathaniel,193
AU,2016,M,Nicholas,241
AU,2016,M,Noah,910
AU,2016,M,Oliver,1207
AU,2016,M,Oscar,475
AU,2016,M,Owen,245
AU,2016,M,Patrick,361
AU,2016,M,Riley,354
AU,2016,M,Ryan,464
AU,2016,M,Ryder,88
AU,2016,M,Samuel,568
AU,2016,M,Sebastian,419
AU,2016,M,Sonny,181
AU,2016,M,Spencer,178
AU,2016,M,Theodore,271
AU,2016,M,Thomas,744
AU,2016,M,Toby,178
AU,2016,M,Tyler,277
AU,2016,M,William,996
AU,2016,M,Xavier,468
AU,2016,M,Zachary,317
AU,2017,F,Aaliyah,101
AU,2017,F,Abigail,194
AU,2017,F,Addison,91
AU,2017,F,Alexis,101
AU,2017,F,Alice,160
AU,2017,F,Alyssa,78
AU,2017,F,Amelia,442
AU,2017,F,Anna,118
AU,2017,F,Annabelle,150
AU,2017,F,Aria,248
AU,2017,F,Ariana,100
AU,2017,F,Audrey,224
AU,2017,F,Aurora,119
AU,2017,F,Ava,464
AU,2017,F,Ayla,87
AU,2017,F,Bella,96
AU,2017,F,Billie,81
AU,2017,F,Bonnie,90
AU,2017,F,Charlotte,577
AU,2017,F,Chelsea,107
AU,2017,F,Chloe,378
AU,2017,F,Claire,118
AU,2017,F,Daisy,95
AU,2017,F,Eden,87
AU,2017,F,Eleanor,107
AU,2017,F,Elena,89
AU,2017,F,Eliana,71
AU,2017,F,Eliza,77
AU,2017,F,Elizabeth,131
AU,2017,F,Ella,351
AU,2017,F,Ellie,131
AU,2017,F,Eloise,100
AU,2017,F,Elsie,101
AU,2017,F,Emilia,112
AU,2017,F,Emily,293
AU,2017,F,Emma,248
AU,2017,F,Eva,198
AU,2017,F,Evelyn,284
AU,2017,F,Evie,280
AU,2017,F,Florence,108
AU,2017,F,Frankie,105
AU,2017,F,Freya,79
AU,2017,F,Georgia,229
AU,2017,F,Grace,353
AU,2017,F,Hannah,213
AU,2017,F,Harlow,74
AU,2017,F,Harper,308
AU,2017,F,Harriet,104
AU,2017,F,Hazel,117
AU,2017,F,Imogen,105
AU,2017,F,Indiana,93
AU,2017,F,Isabel,77
AU,2017,F,Isabella,334
AU,2017,F,Isabelle,207
AU,2017,F,Isla,392
AU,2017,F,Ivy,282
AU,2017,F,Jasmine,116
AU,2017,F,Jessica,75
AU,2017,F,Lara,98
AU,2017,F,Layla,185
AU,2017,F,Lillian,83
AU,2017,F,Lilly,81
AU,2017,F,Lily,258
AU,2017,F,Lola,92
AU,2017,F,Lucy,198
AU,2017,F,Luna,100
AU,2017,F,Mackenzie,114
AU,2017,F,Maddison,101
AU,2017,F,Madeleine,91
AU,2017,F,Madison,88
AU,2017,F,Mariam,72
AU,2017,F,Maryam,86
AU,2017,F,Matilda,238
AU,2017,F,Maya,142
AU,2017,F,Mia,418
AU,2017,F,Mila,203
AU,2017,F,Millie,73
AU,2017,F,Olive,83
AU,2017,F,Olivia,550
AU,2017,F,Penelope,114
AU,2017,F,Phoebe,132
AU,2017,F,Piper,118
AU,2017,F,Poppy,112
AU,2017,F,Rose,95
AU,2017,F,Ruby,287
AU,2017,F,Sarah,120
AU,2017,F,Savannah,118
AU,2017,F,Scarlett,203
AU,2017,F,Sienna,273
AU,2017,F,Sofia,157
AU,2017,F,Sophia,288
AU,2017,F,Sophie,299
AU,2017,F,Stella,127
AU,2017,F,Summer,106
AU,2017,F,Victoria,76
AU,2017,F,Violet,141
AU,2017,F,Willow,272
AU,2017,F,Zahra,77
AU,2017,F,Zara,207
AU,2017,F,Zoe,339
AU,2017,M,Aaron,174
AU,2017,M,Adam,300
AU,2017,M,Aiden,312
AU,2017,M,Alexander,618
AU,2017,M,Ali,248
AU,2017,M,Angus,208
AU,2017,M,Anthony,99
AU,2017,M,Archer,381
AU,2017,M,Archie,442
AU,2017,M,Ari,67
AU,2017,M,Arlo,319
AU,2017,M,Arthur,174
AU,2017,M,Asher,66
AU,2017,M,Ashton,248
AU,2017,M,Austin,251
AU,2017,M,Beau,123
AU,2017,M,Benjamin,452
AU,2017,M,Billy,76
AU,2017,M,Blake,98
AU,2017,M,Bodhi,98
AU,2017,M,Caleb,195
AU,2017,M,Carter,121
AU,2017,M,Charles,219
AU,2017,M,Charlie,558
AU,2017,M,Christian,137
AU,2017,M,Connor,259
AU,2017,M,Cooper,424
AU,2017,M,Daniel,349
AU,2017,M,Darcy,255
AU,2017,M,Dominic,96
AU,2017,M,Dylan,232
AU,2017,M,Edward,342
AU,2017,M,Eli,289
AU,2017,M,Elijah,458
AU,2017,M,Ethan,643
AU,2017,M,Felix,174
AU,2017,M,Finn,332
AU,2017,M,Fletcher,76
AU,2017,M,Flynn,268
AU,2017,M,Gabriel,257
AU,2017,M,George,413
AU,2017,M,Hamish,235
AU,2017,M,Harley,93
AU,2017,M,Harrison,537
AU,2017,M,Harry,513
AU,2017,M,Harvey,486
AU,2017,M,Henry,681
AU,2017,M,Hudson,413
AU,2017,M,Hugo,339
AU,2017,M,Hunter,483
AU,2017,M,Isaac,547
AU,2017,M,Isaiah,112
AU,2017,M,Jack,924
AU,2017,M,Jackson,326
AU,2017,M,Jacob,472
AU,2017,M,Jake,182
AU,2017,M,James,726
AU,2017,M,Jasper,238
AU,2017,M,Jaxon,303
AU,2017,M,Jayden,333
AU,2017,M,Jesse,68
AU,2017,M,John,108
AU,2017,M,Jordan,275
AU,2017,M,Joseph,277
AU,2017,M,Joshua,453
AU,2017,M,Jude,170
AU,2017,M,Kai,272
AU,2017,M,Lachlan,529
AU,2017,M,Leo,591
AU,2017,M,Leon,162
AU,2017,M,Leonardo,68
AU,2017,M,Levi,486
AU,2017,M,Lewis,72
AU,2017,M,Liam,595
AU,2017,M,Lincoln,297
AU,2017,M,Logan,438
AU,2017,M,Louis,240
AU,2017,M,Luca,315
AU,2017,M,Lucas,696
AU,2017,M,Luke,186
AU,2017,M,Marcus,107
AU,2017,M,Mason,540
AU,2017,M,Matthew,265
AU,2017,M,Max,483
AU,2017,M,Maxwell,71
AU,2017,M,Michael,262
AU,2017,M,Muhammad,275
AU,2017,M,Nate,188
AU,2017,M,Nathan,79
AU,2017,M,Nathaniel,98
AU,2017,M,Nicholas,226
AU,2017,M,Nixon,93
AU,2017,M,Noah,913
AU,2017,M,Oliver,1181
AU,2017,M,Oscar,487
AU,2017,M,Owen,189
AU,2017,M,Parker,70
AU,2017,M,Patrick,333
AU,2017,M,Phoenix,91
AU,2017,M,Riley,289
AU,2017,M,Ryan,444
AU,2017,M,Ryder,80
AU,2017,M,Samuel,524
AU,2017,M,Sebastian,425
AU,2017,M,Sonny,88
AU,2017,M,Spencer,109
AU,2017,M,Theodore,357
AU,2017,M,Thomas,738
AU,2017,M,Toby,209
AU,2017,M,Tyler,251
AU,2017,M,Vincent,97
AU,2017,M,William,1024
AU,2017,M,Xavier,522
AU,2017,M,Zachary,301
AU,2018,F,Aaliyah,91
AU,2018,F,Abigail,187
AU,2018,F,Addison,76
AU,2018,F,Adeline,77
AU,2018,F,Alexis,75
AU,2018,F,Alice,161
AU,2018,F,Alyssa,84
AU,2018,F,Amelia,488
AU,2018,F,Anna,81
AU,2018,F,Annabelle,134
AU,2018,F,Aria,246
AU,2018,F,Ariana,119
AU,2018,F,Audrey,217
AU,2018,F,Aurora,140
AU,2018,F,Ava,430
AU,2018,F,Ayla,113
AU,2018,F,Bella,81
AU,2018,F,Billie,88
AU,2018,F,Bonnie,71
AU,2018,F,Charlie,74
AU,2018,F,Charlotte,530
AU,2018,F,Chelsea,88
AU,2018,F,Chloe,358
AU,2018,F,Claire,101
AU,2018,F,Clara,83
AU,2018,F,Daisy,110
AU,2018,F,Eden,82
AU,2018,F,Eleanor,140
AU,2018,F,Elena,97
AU,2018,F,Eliza,87
AU,2018,F,Elizabeth,124
AU,2018,F,Ella,270
AU,2018,F,Ellie,143
AU,2018,F,Eloise,106
AU,2018,F,Elsie,102
AU,2018,F,Emilia,159
AU,2018,F,Emily,317
AU,2018,F,Emma,202
AU,2018,F,Eva,180
AU,2018,F,Evelyn,263
AU,2018,F,Evie,262
AU,2018,F,Florence,135
AU,2018,F,Frankie,141
AU,2018,F,Freya,116
AU,2018,F,Gabriella,76
AU,2018,F,Georgia,236
AU,2018,F,Grace,361
AU,2018,F,Hannah,212
AU,2018,F,Harlow,71
AU,2018,F,Harper,325
AU,2018,F,Harriet,90
AU,2018,F,Hayley,73
AU,2018,F,Hazel,154
AU,2018,F,Imogen,94
AU,2018,F,Indiana,87
AU,2018,F,Isabella,300
AU,2018,F,Isabelle,175
AU,2018,F,Isla,372
AU,2018,F,Ivy,295
AU,2018,F,Jasmine,104
AU,2018,F,Kiara,71
AU,2018,F,Lara,97
AU,2018,F,Layla,185
AU,2018,F,Lily,237
AU,2018,F,Lola,87
AU,2018,F,Lucy,230
AU,2018,F,Luna,122
AU,2018,F,Mackenzie,94
AU,2018,F,Maddison,93
AU,2018,F,Madeleine,80
AU,2018,F,Madison,79
AU,2018,F,Maryam,77
AU,2018,F,Matilda,251
AU,2018,F,Maya,130
AU,2018,F,Mia,471
AU,2018,F,Mila,226
AU,2018,F,Olive,88
AU,2018,F,Olivia,474
AU,2018,F,Penelope,138
AU,2018,F,Phoebe,115
AU,2018,F,Piper,117
AU,2018,F,Poppy,108
AU,2018,F,Quinn,70
AU,2018,F,Rose,123
AU,2018,F,Ruby,276
AU,2018,F,Sarah,107
AU,2018,F,Savannah,116
AU,2018,F,Scarlett,203
AU,2018,F,Sienna,228
AU,2018,F,Sofia,154
AU,2018,F,Sophia,308
AU,2018,F,Sophie,261
AU,2018,F,Stella,146
AU,2018,F,Summer,84
AU,2018,F,Thea,87
AU,2018,F,Victoria,98
AU,2018,F,Violet,155
AU,2018,F,Willow,299
AU,2018,F,Zara,201
AU,2018,F,Zoe,297
AU,2018,M,Adam,278
AU,2018,M,Aiden,290
AU,2018,M,Alexander,623
AU,2018,M,Ali,219
AU,2018,M,Angus,229
AU,2018,M,Anthony,107
AU,2018,M,Archer,402
AU,2018,M,Archie,417
AU,2018,M,Arlo,290
AU,2018,M,Arthur,222
AU,2018,M,Asher,174
AU,2018,M,Ashton,240
AU,2018,M,Austin,278
AU,2018,M,Beau,215
AU,2018,M,Benjamin,433
AU,2018,M,Billy,76
AU,2018,M,Blake,81
AU,2018,M,Bodhi,94
AU,2018,M,Caleb,171
AU,2018,M,Carter,235
AU,2018,M,Charles,225
AU,2018,M,Charlie,547
AU,2018,M,Christian,195
AU,2018,M,Connor,216
AU,2018,M,Cooper,392
AU,2018,M,Daniel,343
AU,2018,M,Darcy,243
AU,2018,M,David,91
AU,2018,M,Dylan,226
AU,2018,M,Edward,330
AU,2018,M,Eli,272
AU,2018,M,Elijah,512
AU,2018,M,Ethan,640
AU,2018,M,Felix,80
AU,2018,M,Finn,340
AU,2018,M,Flynn,227
AU,2018,M,Gabriel,210
AU,2018,M,George,388
AU,2018,M,Hamish,180
AU,2018,M,Harrison,516
AU,2018,M,Harry,572
AU,2018,M,Harvey,408
AU,2018,M,Henry,736
AU,2018,M,Hudson,489
AU,2018,M,Hugo,358
AU,2018,M,Hunter,476
AU,2018,M,Isaac,507
AU,2018,M,Jack,980
AU,2018,M,Jackson,308
AU,2018,M,Jacob,439
AU,2018,M,Jake,101
AU,2018,M,James,617
AU,2018,M,Jasper,253
AU,2018,M,Jaxon,282
AU,2018,M,Jayden,286
AU,2018,M,Jordan,274
AU,2018,M,Joseph,276
AU,2018,M,Joshua,424
AU,2018,M,Jude,178
AU,2018,M,Kai,278
AU,2018,M,Lachlan,445
AU,2018,M,Leo,689
AU,2018,M,Leon,190
AU,2018,M,Leonardo,174
AU,2018,M,Levi,491
AU,2018,M,Lewis,68
AU,2018,M,Liam,653
AU,2018,M,Lincoln,288
AU,2018,M,Logan,425
AU,2018,M,Louis,272
AU,2018,M,Luca,339
AU,2018,M,Lucas,658
AU,2018,M,Luke,197
AU,2018,M,Marcus,106
AU,2018,M,Mason,548
AU,2018,M,Matthew,212
AU,2018,M,Max,515
AU,2018,M,Maxwell,166
AU,2018,M,Michael,239
AU,2018,M,Muhammad,328
AU,2018,M,Nate,190
AU,2018,M,Nathan,195
AU,2018,M,Nathaniel,92
AU,2018,M,Nicholas,212
AU,2018,M,Noah,894
AU,2018,M,Oliver,1123
AU,2018,M,Oscar,523
AU,2018,M,Owen,206
AU,2018,M,Parker,68
AU,2018,M,Patrick,342
AU,2018,M,Phoenix,111
AU,2018,M,Rafael,71
AU,2018,M,Riley,261
AU,2018,M,River,84
AU,2018,M,Ryan,419
AU,2018,M,Ryder,72
AU,2018,M,Samuel,444
AU,2018,M,Sebastian,396
AU,2018,M,Sonny,190
AU,2018,M,Spencer,216
AU,2018,M,Theodore,450
AU,2018,M,Thomas,749
AU,2018,M,Toby,187
AU,2018,M,Tyler,198
AU,2018,M,Vincent,90
AU,2018,M,William,1003
AU,2018,M,Xavier,443
AU,2018,M,Zachary,264
AU,2019,F,Aaliyah,90
AU,2019,F,Abigail,353
AU,2019,F,Addison,70
AU,2019,F,Alexis,144
AU,2019,F,Alice,299
AU,2019,F,Alyssa,93
AU,2019,F,Amber,81
AU,2019,F,Amelia,863
AU,2019,F,Anna,176
AU,2019,F,Annabelle,197
AU,2019,F,Aria,412
AU,2019,F,Ariana,195
AU,2019,F,Audrey,415
AU,2019,F,Aurora,212
AU,2019,F,Ava,742
AU,2019,F,Ayla,233
AU,2019,F,Bella,101
AU,2019,F,Billie,237
AU,2019,F,Bonnie,173
AU,2019,F,Charlie,174
AU,2019,F,Charlotte,912
AU,2019,F,Chelsea,72
AU,2019,F,Chloe,679
AU,2019,F,Claire,174
AU,2019,F,Clara,154
AU,2019,F,Daisy,221
AU,2019,F,Eden,172
AU,2019,F,Eleanor,269
AU,2019,F,Elena,181
AU,2019,F,Eliza,90
AU,2019,F,Elizabeth,245
AU,2019,F,Ella,577
AU,2019,F,Ellie,312
AU,2019,F,Eloise,167
AU,2019,F,Elsie,247
AU,2019,F,Emilia,274
AU,2019,F,Emily,455
AU,2019,F,Emma,321
AU,2019,F,Eva,313
AU,2019,F,Evelyn,496
AU,2019,F,Evie,520
AU,2019,F,Florence,273
AU,2019,F,Frankie,297
AU,2019,F,Freya,237
AU,2019,F,Gabriella,74
AU,2019,F,Georgia,357
AU,2019,F,Grace,592
AU,2019,F,Hannah,391
AU,2019,F,Harper,584
AU,2019,F,Harriet,221
AU,2019,F,Hazel,382
AU,2019,F,Heidi,161
AU,2019,F,Holly,76
AU,2019,F,Imogen,177
AU,2019,F,Indiana,83
AU,2019,F,Isabel,80
AU,2019,F,Isabella,546
AU,2019,F,Isabelle,315
AU,2019,F,Isla,776
AU,2019,F,Ivy,506
AU,2019,F,Jasmine,216
AU,2019,F,Kiara,71
AU,2019,F,Lara,172
AU,2019,F,Layla,316
AU,2019,F,Leah,86
AU,2019,F,Lily,449
AU,2019,F,Lola,172
AU,2019,F,Lucy,399
AU,2019,F,Luna,287
AU,2019,F,Mackenzie,217
AU,2019,F,Maddison,151
AU,2019,F,Madeline,139
AU,2019,F,Madison,69
AU,2019,F,Maeve,69
AU,2019,F,Matilda,548
AU,2019,F,Maya,251
AU,2019,F,Mia,878
AU,2019,F,Mila,433
AU,2019,F,Millie,144
AU,2019,F,Molly,66
AU,2019,F,Nina,76
AU,2019,F,Olive,170
AU,2019,F,Olivia,902
AU,2019,F,Penelope,243
AU,2019,F,Peyton,72
AU,2019,F,Phoebe,195
AU,2019,F,Piper,211
AU,2019,F,Pippa,70
AU,2019,F,Poppy,267
AU,2019,F,Quinn,144
AU,2019,F,Remi,70
AU,2019,F,Riley,152
AU,2019,F,Rose,166
AU,2019,F,Rosie,79
AU,2019,F,Ruby,552
AU,2019,F,Sadie,209
AU,2019,F,Sarah,207
AU,2019,F,Savannah,172
AU,2019,F,Scarlett,380
AU,2019,F,Sienna,471
AU,2019,F,Sofia,299
AU,2019,F,Sophia,480
AU,2019,F,Sophie,531
AU,2019,F,Stella,240
AU,2019,F,Summer,170
AU,2019,F,Valentina,84
AU,2019,F,Victoria,166
AU,2019,F,Violet,271
AU,2019,F,Willow,572
AU,2019,F,Zara,412
AU,2019,F,Zoe,593
AU,2019,M,Aaron,195
AU,2019,M,Adam,309
AU,2019,M,Aiden,269
AU,2019,M,Alexander,645
AU,2019,M,Ali,212
AU,2019,M,Angus,270
AU,2019,M,Archer,369
AU,2019,M,Archie,476
AU,2019,M,Ari,89
AU,2019,M,Arlo,386
AU,2019,M,Arthur,307
AU,2019,M,Asher,213
AU,2019,M,Ashton,238
AU,2019,M,Austin,275
AU,2019,M,Beau,228
AU,2019,M,Benjamin,402
AU,2019,M,Billy,83
AU,2019,M,Bodhi,111
AU,2019,M,Caleb,90
AU,2019,M,Carter,260
AU,2019,M,Charles,223
AU,2019,M,Charlie,680
AU,2019,M,Christian,211
AU,2019,M,Connor,254
AU,2019,M,Cooper,398
AU,2019,M,Daniel,345
AU,2019,M,Darcy,108
AU,2019,M,Dominic,100
AU,2019,M,Dylan,211
AU,2019,M,Edward,356
AU,2019,M,Eli,274
AU,2019,M,Elias,103
AU,2019,M,Elijah,580
AU,2019,M,Elliot,97
AU,2019,M,Ethan,689
AU,2019,M,Ezra,190
AU,2019,M,Felix,219
AU,2019,M,Finn,332
AU,2019,M,Fletcher,94
AU,2019,M,Flynn,247
AU,2019,M,Gabriel,237
AU,2019,M,George,399
AU,2019,M,Hamish,196
AU,2019,M,Harrison,530
AU,2019,M,Harry,524
AU,2019,M,Harvey,503
AU,2019,M,Henry,716
AU,2019,M,Hudson,514
AU,2019,M,Hugo,357
AU,2019,M,Hunter,480
AU,2019,M,Isaac,522
AU,2019,M,Isaiah,94
AU,2019,M,Jack,970
AU,2019,M,Jackson,329
AU,2019,M,Jacob,433
AU,2019,M,Jake,88
AU,2019,M,James,641
AU,2019,M,Jasper,333
AU,2019,M,Jaxon,269
AU,2019,M,Jayden,352
AU,2019,M,John,95
AU,2019,M,Jordan,299
AU,2019,M,Joseph,289
AU,2019,M,Joshua,376
AU,2019,M,Jude,214
AU,2019,M,Kai,293
AU,2019,M,Lachlan,411
AU,2019,M,Lenny,86
AU,2019,M,Leo,821
AU,2019,M,Leon,239
AU,2019,M,Leonardo,99
AU,2019,M,Levi,524
AU,2019,M,Liam,646
AU,2019,M,Lincoln,263
AU,2019,M,Logan,356
AU,2019,M,Louis,366
AU,2019,M,Luca,444
AU,2019,M,Lucas,775
AU,2019,M,Luka,105
AU,2019,M,Luke,111
AU,2019,M,Marcus,199
AU,2019,M,Mason,503
AU,2019,M,Matthew,223
AU,2019,M,Max,520
AU,2019,M,Michael,291
AU,2019,M,Miles,82
AU,2019,M,Muhammad,328
AU,2019,M,Nate,85
AU,2019,M,Nathan,92
AU,2019,M,Nathaniel,96
AU,2019,M,Nicholas,133
AU,2019,M,Noah,1032
AU,2019,M,Oliver,1178
AU,2019,M,Oscar,567
AU,2019,M,Owen,208
AU,2019,M,Parker,100
AU,2019,M,Patrick,333
AU,2019,M,Reuben,97
AU,2019,M,Riley,280
AU,2019,M,Ryan,410
AU,2019,M,Ryder,90
AU,2019,M,Samuel,438
AU,2019,M,Sebastian,420
AU,2019,M,Sonny,193
AU,2019,M,Spencer,215
AU,2019,M,Theo,94
AU,2019,M,Theodore,521
AU,2019,M,Thomas,755
AU,2019,M,Toby,97
AU,2019,M,Tyler,102
AU,2019,M,Vincent,87
AU,2019,M,William,955
AU,2019,M,Xavier,450
AU,2019,M,Zachary,254
AU,2020,F,Aaliyah,111
AU,2020,F,Abigail,292
AU,2020,F,Ada,63
AU,2020,F,Addison,160
AU,2020,F,Adeline,76
AU,2020,F,Alice,255
AU,2020,F,Amber,81
AU,2020,F,Amelia,916
AU,2020,F,Anna,183
AU,2020,F,Annabelle,156
AU,2020,F,Aria,371
AU,2020,F,Ariana,168
AU,2020,F,Audrey,391
AU,2020,F,Aurora,222
AU,2020,F,Ava,726
AU,2020,F,Ayla,254
AU,2020,F,Bella,150
AU,2020,F,Billie,258
AU,2020,F,Bonnie,207
AU,2020,F,Charlie,152
AU,2020,F,Charlotte,873
AU,2020,F,Chelsea,74
AU,2020,F,Chloe,650
AU,2020,F,Claire,81
AU,2020,F,Clara,82
AU,2020,F,Daisy,254
AU,2020,F,Delilah,79
AU,2020,F,Eden,142
AU,2020,F,Eleanor,280
AU,2020,F,Elena,177
AU,2020,F,Eliana,94
AU,2020,F,Eliza,81
AU,2020,F,Elizabeth,216
AU,2020,F,Ella,554
AU,2020,F,Ellie,304
AU,2020,F,Eloise,190
AU,2020,F,Elsie,252
AU,2020,F,Emilia,280
AU,2020,F,Emily,390
AU,2020,F,Emma,304
AU,2020,F,Eva,277
AU,2020,F,Evelyn,462
AU,2020,F,Evie,481
AU,2020,F,Florence,293
AU,2020,F,Frankie,279
AU,2020,F,Freya,234
AU,2020,F,Gabriella,80
AU,2020,F,Georgia,338
AU,2020,F,Grace,596
AU,2020,F,Hallie,105
AU,2020,F,Hannah,372
AU,2020,F,Harlow,149
AU,2020,F,Harper,537
AU,2020,F,Harriet,229
AU,2020,F,Hazel,399
AU,2020,F,Heidi,74
AU,2020,F,Imogen,171
AU,2020,F,Isabel,144
AU,2020,F,Isabella,508
AU,2020,F,Isabelle,316
AU,2020,F,Isla,771
AU,2020,F,Ivy,519
AU,2020,F,Jasmine,239
AU,2020,F,Kiara,86
AU,2020,F,Lara,167
AU,2020,F,Layla,354
AU,2020,F,Leah,64
AU,2020,F,Lily,438
AU,2020,F,Lola,198
AU,2020,F,Lucy,389
AU,2020,F,Luna,267
AU,2020,F,Mackenzie,223
AU,2020,F,Maddison,146
AU,2020,F,Madeline,73
AU,2020,F,Madison,59
AU,2020,F,Maeve,165
AU,2020,F,Maggie,81
AU,2020,F,Maryam,74
AU,2020,F,Matilda,559
AU,2020,F,Maya,271
AU,2020,F,Mia,776
AU,2020,F,Mila,462
AU,2020,F,Millie,201
AU,2020,F,Molly,155
AU,2020,F,Olive,165
AU,2020,F,Olivia,849
AU,2020,F,Penelope,271
AU,2020,F,Peyton,61
AU,2020,F,Phoebe,170
AU,2020,F,Piper,185
AU,2020,F,Pippa,61
AU,2020,F,Poppy,249
AU,2020,F,Quinn,91
AU,2020,F,Remi,184
AU,2020,F,Rose,199
AU,2020,F,Rosie,95
AU,2020,F,Ruby,481
AU,2020,F,Sadie,226
AU,2020,F,Sarah,172
AU,2020,F,Savannah,185
AU,2020,F,Scarlett,342
AU,2020,F,Sienna,467
AU,2020,F,Sofia,318
AU,2020,F,Sophia,464
AU,2020,F,Sophie,535
AU,2020,F,Stella,227
AU,2020,F,Summer,160
AU,2020,F,Violet,291
AU,2020,F,Willow,528
AU,2020,F,Zara,382
AU,2020,F,Zoe,552
AU,2020,F,Zoey,79
AU,2020,M,Adam,283
AU,2020,M,Aiden,275
AU,2020,M,Alexander,582
AU,2020,M,Ali,226
AU,2020,M,Angus,217
AU,2020,M,Anthony,96
AU,2020,M,Archer,398
AU,2020,M,Archie,585
AU,2020,M,Ari,173
AU,2020,M,Arlo,348
AU,2020,M,Arthur,322
AU,2020,M,Asher,180
AU,2020,M,Ashton,195
AU,2020,M,Austin,274
AU,2020,M,Axel,103
AU,2020,M,Beau,247
AU,2020,M,Benjamin,409
AU,2020,M,Billy,86
AU,2020,M,Bodhi,193
AU,2020,M,Caleb,194
AU,2020,M,Carter,141
AU,2020,M,Charles,221
AU,2020,M,Charlie,677
AU,2020,M,Christian,109
AU,2020,M,Connor,209
AU,2020,M,Cooper,405
AU,2020,M,Daniel,306
AU,2020,M,Darcy,99
AU,2020,M,Dominic,99
AU,2020,M,Dylan,179
AU,2020,M,Edward,321
AU,2020,M,Eli,281
AU,2020,M,Elias,98
AU,2020,M,Elijah,602
AU,2020,M,Ethan,553
AU,2020,M,Ezra,89
AU,2020,M,Felix,214
AU,2020,M,Finn,363
AU,2020,M,Fletcher,86
AU,2020,M,Flynn,231
AU,2020,M,Gabriel,252
AU,2020,M,George,399
AU,2020,M,Hamish,84
AU,2020,M,Harrison,494
AU,2020,M,Harry,442
AU,2020,M,Harvey,431
AU,2020,M,Henry,690
AU,2020,M,Hudson,556
AU,2020,M,Hugo,391
AU,2020,M,Hunter,448
AU,2020,M,Isaac,488
AU,2020,M,Isaiah,113
AU,2020,M,Jack,784
AU,2020,M,Jackson,304
AU,2020,M,Jacob,427
AU,2020,M,Jake,103
AU,2020,M,James,592
AU,2020,M,Jasper,286
AU,2020,M,Jaxon,235
AU,2020,M,Jayden,311
AU,2020,M,John,74
AU,2020,M,Jordan,329
AU,2020,M,Joseph,251
AU,2020,M,Joshua,331
AU,2020,M,Jude,244
AU,2020,M,Kai,287
AU,2020,M,Lachlan,406
AU,2020,M,Lennox,96
AU,2020,M,Lenny,89
AU,2020,M,Leo,755
AU,2020,M,Leon,206
AU,2020,M,Leonardo,213
AU,2020,M,Levi,621
AU,2020,M,Lewis,74
AU,2020,M,Liam,646
AU,2020,M,Lincoln,263
AU,2020,M,Logan,335
AU,2020,M,Louis,308
AU,2020,M,Luca,444
AU,2020,M,Lucas,689
AU,2020,M,Luka,111
AU,2020,M,Luke,199
AU,2020,M,Marcus,182
AU,2020,M,Mason,494
AU,2020,M,Matthew,192
AU,2020,M,Max,435
AU,2020,M,Michael,242
AU,2020,M,Miles,93
AU,2020,M,Muhammad,349
AU,2020,M,Nathan,82
AU,2020,M,Nicholas,111
AU,2020,M,Noah,1084
AU,2020,M,Oliver,1183
AU,2020,M,Oscar,535
AU,2020,M,Owen,205
AU,2020,M,Parker,92
AU,2020,M,Patrick,325
AU,2020,M,Riley,279
AU,2020,M,River,119
AU,2020,M,Ryan,349
AU,2020,M,Ryder,194
AU,2020,M,Samuel,376
AU,2020,M,Sebastian,381
AU,2020,M,Sonny,238
AU,2020,M,Spencer,253
AU,2020,M,Theo,104
AU,2020,M,Theodore,559
AU,2020,M,Thomas,690
AU,2020,M,Toby,81
AU,2020,M,Vincent,96
AU,2020,M,William,887
AU,2020,M,Xavier,394
AU,2020,M,Zachary,227
AU,2021,F,Aaliyah,97
AU,2021,F,Abigail,151
AU,2021,F,Addison,103
AU,2021,F,Adeline,79
AU,2021,F,Alice,128
AU,2021,F,Amelia,489
AU,2021,F,Anna,87
AU,2021,F,Aria,219
AU,2021,F,Ariana,99
AU,2021,F,Audrey,251
AU,2021,F,Aurora,182
AU,2021,F,Ava,414
AU,2021,F,Ayla,163
AU,2021,F,Bella,100
AU,2021,F,Billie,136
AU,2021,F,Bonnie,130
AU,2021,F,Charlie,82
AU,2021,F,Charlotte,486
AU,2021,F,Chloe,335
AU,2021,F,Claire,89
AU,2021,F,Daisy,182
AU,2021,F,Delilah,80
AU,2021,F,Eden,86
AU,2021,F,Eleanor,155
AU,2021,F,Elena,119
AU,2021,F,Eliana,104
AU,2021,F,Eliza,79
AU,2021,F,Elizabeth,87
AU,2021,F,Ella,322
AU,2021,F,Ellie,167
AU,2021,F,Eloise,123
AU,2021,F,Elsie,141
AU,2021,F,Emilia,163
AU,2021,F,Emily,182
AU,2021,F,Emma,147
AU,2021,F,Eva,142
AU,2021,F,Evelyn,245
AU,2021,F,Evie,258
AU,2021,F,Florence,188
AU,2021,F,Frankie,176
AU,2021,F,Freya,134
AU,2021,F,Gabriella,82
AU,2021,F,Georgia,188
AU,2021,F,Grace,367
AU,2021,F,Hallie,80
AU,2021,F,Hannah,179
AU,2021,F,Harper,256
AU,2021,F,Harriet,119
AU,2021,F,Hazel,210
AU,2021,F,Imogen,88
AU,2021,F,Isabella,290
AU,2021,F,Isabelle,165
AU,2021,F,Isla,439
AU,2021,F,Ivy,231
AU,2021,F,Jasmine,87
AU,2021,F,Lara,104
AU,2021,F,Layla,181
AU,2021,F,Leah,87
AU,2021,F,Lily,266
AU,2021,F,Lola,133
AU,2021,F,Lucy,192
AU,2021,F,Luna,184
AU,2021,F,Lyla,79
AU,2021,F,Mackenzie,134
AU,2021,F,Maeve,92
AU,2021,F,Matilda,326
AU,2021,F,Maya,197
AU,2021,F,Mia,375
AU,2021,F,Mila,242
AU,2021,F,Millie,123
AU,2021,F,Molly,78
AU,2021,F,Nora,83
AU,2021,F,Olive,124
AU,2021,F,Olivia,493
AU,2021,F,Penelope,165
AU,2021,F,Phoebe,99
AU,2021,F,Piper,113
AU,2021,F,Pippa,84
AU,2021,F,Poppy,160
AU,2021,F,Quinn,81
AU,2021,F,Remi,126
AU,2021,F,Riley,84
AU,2021,F,Rose,94
AU,2021,F,Ruby,221
AU,2021,F,Sadie,96
AU,2021,F,Sarah,79
AU,2021,F,Savannah,102
AU,2021,F,Scarlett,178
AU,2021,F,Sienna,305
AU,2021,F,Sofia,231
AU,2021,F,Sophia,299
AU,2021,F,Sophie,246
AU,2021,F,Stella,126
AU,2021,F,Summer,98
AU,2021,F,Valentina,82
AU,2021,F,Violet,183
AU,2021,F,Willow,275
AU,2021,F,Zara,193
AU,2021,F,Zoe,264
AU,2021,F,Zoey,87
AU,2021,M,Adam,163
AU,2021,M,Aiden,148
AU,2021,M,Alexander,314
AU,2021,M,Ali,142
AU,2021,M,Angus,115
AU,2021,M,Anthony,97
AU,2021,M,Archer,214
AU,2021,M,Archie,327
AU,2021,M,Ari,105
AU,2021,M,Arlo,231
AU,2021,M,Arthur,241
AU,2021,M,Asher,122
AU,2021,M,Ashton,102
AU,2021,M,Austin,167
AU,2021,M,Beau,199
AU,2021,M,Benjamin,234
AU,2021,M,Billy,124
AU,2021,M,Bodhi,118
AU,2021,M,Carter,147
AU,2021,M,Charles,104
AU,2021,M,Charlie,327
AU,2021,M,Christian,126
AU,2021,M,Cooper,259
AU,2021,M,Daniel,164
AU,2021,M,Edward,173
AU,2021,M,Eli,146
AU,2021,M,Elias,119
AU,2021,M,Elijah,331
AU,2021,M,Ethan,285
AU,2021,M,Ezra,105
AU,2021,M,Felix,128
AU,2021,M,Finn,190
AU,2021,M,Flynn,129
AU,2021,M,Gabriel,157
AU,2021,M,George,245
AU,2021,M,Harrison,270
AU,2021,M,Harry,232
AU,2021,M,Harvey,234
AU,2021,M,Henry,444
AU,2021,M,Hudson,324
AU,2021,M,Hugo,230
AU,2021,M,Hunter,236
AU,2021,M,Isaac,268
AU,2021,M,Isaiah,97
AU,2021,M,Jack,459
AU,2021,M,Jackson,160
AU,2021,M,Jacob,224
AU,2021,M,James,310
AU,2021,M,Jasper,157
AU,2021,M,Jaxon,99
AU,2021,M,Jayden,144
AU,2021,M,Jordan,153
AU,2021,M,Joseph,188
AU,2021,M,Joshua,192
AU,2021,M,Jude,110
AU,2021,M,Kai,238
AU,2021,M,Koa,100
AU,2021,M,Lachlan,274
AU,2021,M,Lennox,118
AU,2021,M,Leo,424
AU,2021,M,Leon,151
AU,2021,M,Leonardo,125
AU,2021,M,Levi,339
AU,2021,M,Liam,336
AU,2021,M,Lincoln,141
AU,2021,M,Logan,165
AU,2021,M,Louis,169
AU,2021,M,Luca,317
AU,2021,M,Lucas,410
AU,2021,M,Luka,142
AU,2021,M,Luke,103
AU,2021,M,Mason,224
AU,2021,M,Matthew,106
AU,2021,M,Max,253
AU,2021,M,Maxwell,98
AU,2021,M,Michael,162
AU,2021,M,Muhammad,172
AU,2021,M,Nicholas,117
AU,2021,M,Noah,633
AU,2021,M,Oliver,695
AU,2021,M,Oscar,272
AU,2021,M,Owen,99
AU,2021,M,Patrick,152
AU,2021,M,Riley,149
AU,2021,M,River,133
AU,2021,M,Roman,108
AU,2021,M,Ryan,182
AU,2021,M,Samuel,210
AU,2021,M,Sebastian,240
AU,2021,M,Sonny,161
AU,2021,M,Spencer,102
AU,2021,M,Theo,134
AU,2021,M,Theodore,378
AU,2021,M,Thomas,330
AU,2021,M,Tyler,96
AU,2021,M,Vincent,106
AU,2021,M,William,458
AU,2021,M,Xavier,195
AU,2021,M,Zachary,122
AU,2021,M,Zayn,100
AU,2022,F,Aaliyah,86
AU,2022,F,Abigail,151
AU,2022,F,Addison,96
AU,2022,F,Adeline,78
AU,2022,F,Alice,140
AU,2022,F,Amelia,425
AU,2022,F,Anastasia,76
AU,2022,F,Aria,218
AU,2022,F,Ariana,81
AU,2022,F,Audrey,198
AU,2022,F,Aurora,185
AU,2022,F,Ava,343
AU,2022,F,Ayla,160
AU,2022,F,Bella,103
AU,2022,F,Billie,163
AU,2022,F,Bonnie,128
AU,2022,F,Charlie,75
AU,2022,F,Charlotte,430
AU,2022,F,Chloe,286
AU,2022,F,Claire,80
AU,2022,F,Daisy,159
AU,2022,F,Delilah,77
AU,2022,F,Eden,79
AU,2022,F,Eleanor,154
AU,2022,F,Elena,104
AU,2022,F,Eliana,87
AU,2022,F,Elizabeth,86
AU,2022,F,Ella,331
AU,2022,F,Ellie,201
AU,2022,F,Elodie,72
AU,2022,F,Eloise,122
AU,2022,F,Elsie,142
AU,2022,F,Emilia,159
AU,2022,F,Emily,172
AU,2022,F,Emma,119
AU,2022,F,Eva,126
AU,2022,F,Evelyn,241
AU,2022,F,Evie,221
AU,2022,F,Florence,169
AU,2022,F,Frankie,130
AU,2022,F,Freya,135
AU,2022,F,Gabriella,87
AU,2022,F,Georgia,183
AU,2022,F,Grace,280
AU,2022,F,Hallie,106
AU,2022,F,Hannah,127
AU,2022,F,Harlow,83
AU,2022,F,Harper,273
AU,2022,F,Harriet,109
AU,2022,F,Hazel,238
AU,2022,F,Imogen,92
AU,2022,F,Isabella,269
AU,2022,F,Isabelle,145
AU,2022,F,Isla,403
AU,2022,F,Ivy,243
AU,2022,F,Jasmine,72
AU,2022,F,Lara,76
AU,2022,F,Layla,159
AU,2022,F,Leah,73
AU,2022,F,Lily,272
AU,2022,F,Lola,126
AU,2022,F,Lucy,156
AU,2022,F,Luna,167
AU,2022,F,Mackenzie,110
AU,2022,F,Maeve,152
AU,2022,F,Maryam,70
AU,2022,F,Matilda,318
AU,2022,F,Maya,153
AU,2022,F,Mia,363
AU,2022,F,Mila,243
AU,2022,F,Millie,155
AU,2022,F,Nora,83
AU,2022,F,Olive,130
AU,2022,F,Olivia,401
AU,2022,F,Penelope,154
AU,2022,F,Phoebe,95
AU,2022,F,Piper,93
AU,2022,F,Pippa,80
AU,2022,F,Poppy,154
AU,2022,F,Quinn,69
AU,2022,F,Remi,161
AU,2022,F,Riley,89
AU,2022,F,Rose,92
AU,2022,F,Rosie,82
AU,2022,F,Ruby,214
AU,2022,F,Sadie,110
AU,2022,F,Savannah,99
AU,2022,F,Scarlett,171
AU,2022,F,Sienna,293
AU,2022,F,Sofia,175
AU,2022,F,Sophia,283
AU,2022,F,Sophie,214
AU,2022,F,Stella,107
AU,2022,F,Summer,92
AU,2022,F,Thea,77
AU,2022,F,Valentina,76
AU,2022,F,Violet,199
AU,2022,F,Willow,288
AU,2022,F,Zara,178
AU,2022,F,Zoe,267
AU,2022,M,Adam,152
AU,2022,M,Aiden,115
AU,2022,M,Alexander,271
AU,2022,M,Alfie,99
AU,2022,M,Ali,119
AU,2022,M,Angus,117
AU,2022,M,Archer,172
AU,2022,M,Archie,312
AU,2022,M,Ari,95
AU,2022,M,Arlo,228
AU,2022,M,Arthur,208
AU,2022,M,Asher,115
AU,2022,M,Ashton,97
AU,2022,M,Austin,146
AU,2022,M,Beau,159
AU,2022,M,Benjamin,180
AU,2022,M,Billy,120
AU,2022,M,Bodhi,102
AU,2022,M,Carter,111
AU,2022,M,Charles,115
AU,2022,M,Charlie,334
AU,2022,M,Christian,108
AU,2022,M,Connor,101
AU,2022,M,Cooper,214
AU,2022,M,Daniel,152
AU,2022,M,Dylan,98
AU,2022,M,Edward,126
AU,2022,M,Eli,139
AU,2022,M,Elias,103
AU,2022,M,Elijah,317
AU,2022,M,Ethan,220
AU,2022,M,Ezra,106
AU,2022,M,Felix,119
AU,2022,M,Finn,154
AU,2022,M,Flynn,99
AU,2022,M,Gabriel,165
AU,2022,M,George,214
AU,2022,M,Hamish,104
AU,2022,M,Harrison,192
AU,2022,M,Harry,207
AU,2022,M,Harvey,197
AU,2022,M,Henry,367
AU,2022,M,Hudson,328
AU,2022,M,Hugo,239
AU,2022,M,Hunter,224
AU,2022,M,Isaac,267
AU,2022,M,Jack,381
AU,2022,M,Jackson,145
AU,2022,M,Jacob,187
AU,2022,M,James,294
AU,2022,M,Jasper,131
AU,2022,M,Jayden,145
AU,2022,M,Jordan,155
AU,2022,M,Joseph,149
AU,2022,M,Joshua,120
AU,2022,M,Jude,121
AU,2022,M,Julian,97
AU,2022,M,Kai,215
AU,2022,M,Koa,95
AU,2022,M,Lachlan,218
AU,2022,M,Lennox,96
AU,2022,M,Leo,447
AU,2022,M,Leon,163
AU,2022,M,Leonardo,121
AU,2022,M,Levi,297
AU,2022,M,Liam,307
AU,2022,M,Lincoln,124
AU,2022,M,Logan,133
AU,2022,M,Louis,146
AU,2022,M,Luca,367
AU,2022,M,Lucas,319
AU,2022,M,Luka,124
AU,2022,M,Luke,94
AU,2022,M,Mason,180
AU,2022,M,Matthew,95
AU,2022,M,Max,215
AU,2022,M,Michael,126
AU,2022,M,Muhammad,175
AU,2022,M,Nicholas,103
AU,2022,M,Noah,630
AU,2022,M,Oliver,628
AU,2022,M,Oscar,214
AU,2022,M,Patrick,114
AU,2022,M,Remy,112
AU,2022,M,Reuben,101
AU,2022,M,Riley,143
AU,2022,M,River,106
AU,2022,M,Roman,145
AU,2022,M,Ryan,151
AU,2022,M,Samuel,146
AU,2022,M,Sebastian,243
AU,2022,M,Sonny,152
AU,2022,M,Theo,173
AU,2022,M,Theodore,404
AU,2022,M,Thomas,348
AU,2022,M,Vincent,98
AU,2022,M,William,427
AU,2022,M,Xavier,202
AU,2022,M,Zachary,121
AU,2022,M,Zayn,96
AU,2023,F,Aaliyah,154
AU,2023,F,Abigail,203
AU,2023,F,Ada,59
AU,2023,F,Addison,142
AU,2023,F,Adeline,138
AU,2023,F,Alice,213
AU,2023,F,Amara,98
AU,2023,F,Amelia,732
AU,2023,F,Annabelle,59
AU,2023,F,Aria,322
AU,2023,F,Ariana,131
AU,2023,F,Audrey,327
AU,2023,F,Aurora,243
AU,2023,F,Ava,538
AU,2023,F,Ayla,265
AU,2023,F,Bella,142
AU,2023,F,Billie,302
AU,2023,F,Bonnie,220
AU,2023,F,Callie,75
AU,2023,F,Charlotte,657
AU,2023,F,Chloe,468
AU,2023,F,Cleo,142
AU,2023,F,Daisy,349
AU,2023,F,Delilah,184
AU,2023,F,Eden,158
AU,2023,F,Eleanor,276
AU,2023,F,Elena,154
AU,2023,F,Eliana,139
AU,2023,F,Eliza,55
AU,2023,F,Elizabeth,142
AU,2023,F,Ella,486
AU,2023,F,Ellie,293
AU,2023,F,Eloise,214
AU,2023,F,Elsie,281
AU,2023,F,Emilia,249
AU,2023,F,Emily,248
AU,2023,F,Emma,225
AU,2023,F,Eva,195
AU,2023,F,Evelyn,466
AU,2023,F,Evie,354
AU,2023,F,Florence,306
AU,2023,F,Frankie,246
AU,2023,F,Freya,254
AU,2023,F,Georgia,263
AU,2023,F,Goldie,53
AU,2023,F,Grace,496
AU,2023,F,Hallie,90
AU,2023,F,Hannah,235
AU,2023,F,Harlow,59
AU,2023,F,Harper,473
AU,2023,F,Harriet,204
AU,2023,F,Hazel,510
AU,2023,F,Heidi,66
AU,2023,F,Imogen,162
AU,2023,F,Isabella,441
AU,2023,F,Isabelle,237
AU,2023,F,Isla,683
AU,2023,F,Ivy,401
AU,2023,F,Jasmine,63
AU,2023,F,Kaia,133
AU,2023,F,Kiara,74
AU,2023,F,Lara,81
AU,2023,F,Layla,271
AU,2023,F,Lily,502
AU,2023,F,Lola,185
AU,2023,F,Lottie,141
AU,2023,F,Lucia,78
AU,2023,F,Lucy,284
AU,2023,F,Luna,258
AU,2023,F,Mackenzie,235
AU,2023,F,Maeve,293
AU,2023,F,Maggie,58
AU,2023,F,Maisie,176
AU,2023,F,Margot,172
AU,2023,F,Maryam,76
AU,2023,F,Matilda,517
AU,2023,F,Maya,250
AU,2023,F,Mia,636
AU,2023,F,Mila,395
AU,2023,F,Millie,283
AU,2023,F,Nina,65
AU,2023,F,Nora,207
AU,2023,F,Olive,197
AU,2023,F,Olivia,687
AU,2023,F,Penelope,274
AU,2023,F,Phoebe,161
AU,2023,F,Piper,80
AU,2023,F,Pippa,165
AU,2023,F,Poppy,266
AU,2023,F,Quinn,59
AU,2023,F,Remi,300
AU,2023,F,Rose,142
AU,2023,F,Rosie,155
AU,2023,F,Ruby,367
AU,2023,F,Sadie,250
AU,2023,F,Savannah,150
AU,2023,F,Scarlett,263
AU,2023,F,Sienna,429
AU,2023,F,Sofia,344
AU,2023,F,Sophia,437
AU,2023,F,Sophie,396
AU,2023,F,Stella,187
AU,2023,F,Stevie,57
AU,2023,F,Summer,179
AU,2023,F,Thea,73
AU,2023,F,Valentina,71
AU,2023,F,Violet,314
AU,2023,F,Willow,419
AU,2023,F,Zahra,71
AU,2023,F,Zara,277
AU,2023,F,Zoe,433
AU,2023,M,Adam,118
AU,2023,M,Aiden,115
AU,2023,M,Alexander,236
AU,2023,M,Alfie,104
AU,2023,M,Ali,87
AU,2023,M,Angus,114
AU,2023,M,Archer,156
AU,2023,M,Archie,237
AU,2023,M,Ari,92
AU,2023,M,Arlo,227
AU,2023,M,Arthur,195
AU,2023,M,Asher,88
AU,2023,M,Austin,169
AU,2023,M,Beau,173
AU,2023,M,Benjamin,167
AU,2023,M,Billy,118
AU,2023,M,Bodhi,91
AU,2023,M,Carter,102
AU,2023,M,Charles,103
AU,2023,M,Charlie,308
AU,2023,M,Cooper,214
AU,2023,M,Daniel,132
AU,2023,M,Darcy,96
AU,2023,M,Edward,138
AU,2023,M,Eli,131
AU,2023,M,Elias,126
AU,2023,M,Elijah,254
AU,2023,M,Ethan,200
AU,2023,M,Ezra,121
AU,2023,M,Felix,127
AU,2023,M,Finn,163
AU,2023,M,Flynn,90
AU,2023,M,Gabriel,150
AU,2023,M,George,205
AU,2023,M,Harrison,200
AU,2023,M,Harry,169
AU,2023,M,Harvey,196
AU,2023,M,Henry,404
AU,2023,M,Hudson,385
AU,2023,M,Hugo,215
AU,2023,M,Hunter,205
AU,2023,M,Isaac,194
AU,2023,M,Isaiah,102
AU,2023,M,Jack,302
AU,2023,M,Jackson,110
AU,2023,M,Jacob,196
AU,2023,M,James,279
AU,2023,M,Jasper,156
AU,2023,M,Jayden,100
AU,2023,M,Jordan,139
AU,2023,M,Joseph,178
AU,2023,M,Joshua,89
AU,2023,M,Jude,119
AU,2023,M,Kai,217
AU,2023,M,Koa,118
AU,2023,M,Lachlan,171
AU,2023,M,Lennox,112
AU,2023,M,Leo,409
AU,2023,M,Leon,157
AU,2023,M,Leonardo,108
AU,2023,M,Levi,274
AU,2023,M,Liam,256
AU,2023,M,Lincoln,105
AU,2023,M,Logan,91
AU,2023,M,Louis,156
AU,2023,M,Luca,398
AU,2023,M,Lucas,322
AU,2023,M,Luka,127
AU,2023,M,Luke,92
AU,2023,M,Marcus,88
AU,2023,M,Mason,187
AU,2023,M,Mateo,89
AU,2023,M,Matthew,93
AU,2023,M,Max,213
AU,2023,M,Michael,98
AU,2023,M,Miles,121
AU,2023,M,Muhammad,174
AU,2023,M,Noah,537
AU,2023,M,Oliver,555
AU,2023,M,Oscar,203
AU,2023,M,Parker,89
AU,2023,M,Patrick,122
AU,2023,M,Remy,91
AU,2023,M,Reuben,109
AU,2023,M,Riley,117
AU,2023,M,River,106
AU,2023,M,Roman,124
AU,2023,M,Ryan,145
AU,2023,M,Samuel,171
AU,2023,M,Sebastian,200
AU,2023,M,Sonny,152
AU,2023,M,Spencer,89
AU,2023,M,Theo,166
AU,2023,M,Theodore,400
AU,2023,M,Thomas,274
AU,2023,M,Tommy,95
AU,2023,M,William,371
AU,2023,M,Xavier,173
AU,2023,M,Zachary,92
AU,2023,M,Zayn,88
AU,2024,F,Aaliyah,140
AU,2024,F,Abigail,222
AU,2024,F,Addison,155
AU,2024,F,Adeline,156
AU,2024,F,Alice,212
AU,2024,F,Amara,87
AU,2024,F,Amelia,775
AU,2024,F,Anastasia,79
AU,2024,F,Aria,356
AU,2024,F,Ariana,151
AU,2024,F,Audrey,366
AU,2024,F,Aurora,283
AU,2024,F,Ava,490
AU,2024,F,Ayla,283
AU,2024,F,Bella,136
AU,2024,F,Billie,305
AU,2024,F,Bonnie,264
AU,2024,F,Charlie,67
AU,2024,F,Charlotte,791
AU,2024,F,Chloe,520
AU,2024,F,Claire,63
AU,2024,F,Clara,63
AU,2024,F,Cleo,67
AU,2024,F,Daisy,369
AU,2024,F,Delilah,199
AU,2024,F,Eden,225
AU,2024,F,Eleanor,309
AU,2024,F,Elena,149
AU,2024,F,Eliana,218
AU,2024,F,Eliza,65
AU,2024,F,Elizabeth,151
AU,2024,F,Ella,501
AU,2024,F,Ellie,308
AU,2024,F,Elodie,98
AU,2024,F,Eloise,246
AU,2024,F,Elsie,327
AU,2024,F,Emilia,254
AU,2024,F,Emily,233
AU,2024,F,Emma,207
AU,2024,F,Eva,184
AU,2024,F,Evelyn,496
AU,2024,F,Evie,331
AU,2024,F,Florence,358
AU,2024,F,Frankie,229
AU,2024,F,Freya,261
AU,2024,F,Georgia,242
AU,2024,F,Grace,502
AU,2024,F,Hallie,134
AU,2024,F,Hannah,214
AU,2024,F,Harper,539
AU,2024,F,Harriet,214
AU,2024,F,Hazel,599
AU,2024,F,Heidi,73
AU,2024,F,Imogen,159
AU,2024,F,Isabella,461
AU,2024,F,Isabelle,244
AU,2024,F,Isla,709
AU,2024,F,Ivy,457
AU,2024,F,Jasmine,143
AU,2024,F,Kaia,156
AU,2024,F,Kiara,62
AU,2024,F,Lainey,73
AU,2024,F,Layla,291
AU,2024,F,Leah,74
AU,2024,F,Lily,514
AU,2024,F,Lola,207
AU,2024,F,Lottie,78
AU,2024,F,Lucia,96
AU,2024,F,Lucy,363
AU,2024,F,Luna,274
AU,2024,F,Lyla,89
AU,2024,F,Mackenzie,242
AU,2024,F,Maeve,311
AU,2024,F,Maggie,94
AU,2024,F,Maisie,169
AU,2024,F,Margot,158
AU,2024,F,Maryam,73
AU,2024,F,Matilda,513
AU,2024,F,Maya,299
AU,2024,F,Mia,653
AU,2024,F,Mila,443
AU,2024,F,Millie,299
AU,2024,F,Nina,69
AU,2024,F,Nora,103
AU,2024,F,Nóra,105
AU,2024,F,Olive,206
AU,2024,F,Olivia,645
AU,2024,F,Penelope,296
AU,2024,F,Phoebe,184
AU,2024,F,Piper,137
AU,2024,F,Pippa,185
AU,2024,F,Poppy,292
AU,2024,F,Remi,249
AU,2024,F,Riley,146
AU,2024,F,Rose,164
AU,2024,F,Rosie,181
AU,2024,F,Ruby,431
AU,2024,F,Sadie,233
AU,2024,F,Savannah,157
AU,2024,F,Scarlett,243
AU,2024,F,Sienna,470
AU,2024,F,Sofia,428
AU,2024,F,Sophia,282
AU,2024,F,Sophie,591
AU,2024,F,Stella,212
AU,2024,F,Summer,192
AU,2024,F,Valentina,79
AU,2024,F,Violet,366
AU,2024,F,Willow,391
AU,2024,F,Zara,252
AU,2024,F,Zoe,398
AU,2024,M,Adam,233
AU,2024,M,Aiden,204
AU,2024,M,Alexander,453
AU,2024,M,Alfie,100
AU,2024,M,Ali,238
AU,2024,M,Angus,265
AU,2024,M,Archer,347
AU,2024,M,Archie,539
AU,2024,M,Ari,86
AU,2024,M,Arlo,320
AU,2024,M,Arthur,451
AU,2024,M,Asher,201
AU,2024,M,August,82
AU,2024,M,Austin,328
AU,2024,M,Beau,356
AU,2024,M,Benjamin,281
AU,2024,M,Billy,244
AU,2024,M,Bodhi,205
AU,2024,M,Caleb,174
AU,2024,M,Carter,188
AU,2024,M,Charlie,671
AU,2024,M,Cooper,328
AU,2024,M,Daniel,198
AU,2024,M,Darcy,226
AU,2024,M,Edward,310
AU,2024,M,Eli,255
AU,2024,M,Elias,183
AU,2024,M,Elijah,568
AU,2024,M,Ethan,369
AU,2024,M,Ezra,237
AU,2024,M,Felix,258
AU,2024,M,Finley,79
AU,2024,M,Finn,306
AU,2024,M,Fletcher,78
AU,2024,M,Flynn,198
AU,2024,M,Frederick,87
AU,2024,M,Gabriel,321
AU,2024,M,George,406
AU,2024,M,Grayson,90
AU,2024,M,Hamish,91
AU,2024,M,Harrison,392
AU,2024,M,Harry,358
AU,2024,M,Harvey,450
AU,2024,M,Henry,734
AU,2024,M,Hudson,636
AU,2024,M,Hugo,366
AU,2024,M,Hunter,280
AU,2024,M,Ibrahim,98
AU,2024,M,Isaac,425
AU,2024,M,Isaiah,190
AU,2024,M,Jack,599
AU,2024,M,Jackson,204
AU,2024,M,Jacob,266
AU,2024,M,James,439
AU,2024,M,Jasper,280
AU,2024,M,Jayden,219
AU,2024,M,Jordan,256
AU,2024,M,Joseph,243
AU,2024,M,Joshua,206
AU,2024,M,Jude,279
AU,2024,M,Julian,184
AU,2024,M,Kai,434
AU,2024,M,Koa,99
AU,2024,M,Lachlan,307
AU,2024,M,Lennox,113
AU,2024,M,Lenny,96
AU,2024,M,Leo,707
AU,2024,M,Leon,253
AU,2024,M,Leonardo,78
AU,2024,M,Levi,576
AU,2024,M,Liam,455
AU,2024,M,Lincoln,205
AU,2024,M,Logan,209
AU,2024,M,Louie,229
AU,2024,M,Louis,307
AU,2024,M,Luca,746
AU,2024,M,Lucas,573
AU,2024,M,Luka,278
AU,2024,M,Luke,88
AU,2024,M,Malakai,85
AU,2024,M,Marcus,90
AU,2024,M,Mason,326
AU,2024,M,Matteo,91
AU,2024,M,Maverick,163
AU,2024,M,Max,379
AU,2024,M,Michael,96
AU,2024,M,Miles,267
AU,2024,M,Muhammad,441
AU,2024,M,Myles,195
AU,2024,M,Nathan,78
AU,2024,M,Nicholas,91
AU,2024,M,Noah,1018
AU,2024,M,Oliver,1063
AU,2024,M,Ollie,80
AU,2024,M,Oscar,466
AU,2024,M,Parker,198
AU,2024,M,Patrick,275
AU,2024,M,Remy,121
AU,2024,M,Riley,229
AU,2024,M,River,107
AU,2024,M,Roman,222
AU,2024,M,Ryan,243
AU,2024,M,Samuel,280
AU,2024,M,Sebastian,415
AU,2024,M,Sonny,289
AU,2024,M,Spencer,234
AU,2024,M,Theo,270
AU,2024,M,Theodore,790
AU,2024,M,Thomas,548
AU,2024,M,Tommy,122
AU,2024,M,Vincent,184
AU,2024,M,William,585
AU,2024,M,Xavier,379
AU,2024,M,Zachary,102
AU,2024,M,Zayn,104
AU,2025,F,Aaliyah,160
AU,2025,F,Abigail,195
AU,2025,F,Addison,67
AU,2025,F,Adeline,160
AU,2025,F,Alice,200
AU,2025,F,Amara,162
AU,2025,F,Amber,70
AU,2025,F,Amelia,701
AU,2025,F,Amira,164
AU,2025,F,Anastasia,76
AU,2025,F,Aria,331
AU,2025,F,Ariana,70
AU,2025,F,Audrey,345
AU,2025,F,Aurora,288
AU,2025,F,Ava,461
AU,2025,F,Ayla,290
AU,2025,F,Billie,348
AU,2025,F,Bonnie,202
AU,2025,F,Charlotte,783
AU,2025,F,Chloe,442
AU,2025,F,Clara,86
AU,2025,F,Cleo,69
AU,2025,F,Daisy,371
AU,2025,F,Delilah,202
AU,2025,F,Eden,224
AU,2025,F,Eleanor,294
AU,2025,F,Elena,197
AU,2025,F,Eliana,248
AU,2025,F,Elizabeth,86
AU,2025,F,Ella,457
AU,2025,F,Ellie,295
AU,2025,F,Elodie,187
AU,2025,F,Eloise,310
AU,2025,F,Elsie,358
AU,2025,F,Emilia,231
AU,2025,F,Emily,212
AU,2025,F,Emma,217
AU,2025,F,Eva,183
AU,2025,F,Evelyn,466
AU,2025,F,Evie,346
AU,2025,F,Florence,353
AU,2025,F,Frankie,208
AU,2025,F,Freya,251
AU,2025,F,Gabriella,81
AU,2025,F,Georgia,228
AU,2025,F,Grace,464
AU,2025,F,Hallie,146
AU,2025,F,Hannah,215
AU,2025,F,Harper,458
AU,2025,F,Harriet,193
AU,2025,F,Hazel,584
AU,2025,F,Imogen,71
AU,2025,F,Isabella,436
AU,2025,F,Isabelle,255
AU,2025,F,Isla,626
AU,2025,F,Ivy,378
AU,2025,F,Jasmine,147
AU,2025,F,Kaia,168
AU,2025,F,Kiara,78
AU,2025,F,Lainey,210
AU,2025,F,Layla,299
AU,2025,F,Leah,79
AU,2025,F,Lily,519
AU,2025,F,Lola,200
AU,2025,F,Lottie,148
AU,2025,F,Lucia,159
AU,2025,F,Lucy,382
AU,2025,F,Luna,231
AU,2025,F,Lyla,76
AU,2025,F,Mabel,146
AU,2025,F,Mackenzie,177
AU,2025,F,Maeve,314
AU,2025,F,Maggie,157
AU,2025,F,Maisie,164
AU,2025,F,Margot,181
AU,2025,F,Maryam,183
AU,2025,F,Matilda,486
AU,2025,F,Maya,266
AU,2025,F,Mia,629
AU,2025,F,Mila,392
AU,2025,F,Millie,291
AU,2025,F,Nina,80
AU,2025,F,Nora,260
AU,2025,F,Olive,105
AU,2025,F,Olivia,623
AU,2025,F,Penelope,289
AU,2025,F,Phoebe,189
AU,2025,F,Piper,139
AU,2025,F,Pippa,168
AU,2025,F,Poppy,302
AU,2025,F,Remi,254
AU,2025,F,Riley,145
AU,2025,F,Rose,169
AU,2025,F,Rosie,178
AU,2025,F,Ruby,378
AU,2025,F,Sadie,288
AU,2025,F,Sarah,65
AU,2025,F,Scarlett,250
AU,2025,F,Sienna,513
AU,2025,F,Sofia,428
AU,2025,F,Sophia,475
AU,2025,F,Sophie,377
AU,2025,F,Stella,221
AU,2025,F,Summer,195
AU,2025,F,Valentina,71
AU,2025,F,Violet,408
AU,2025,F,Willow,323
AU,2025,F,Zara,274
AU,2025,F,Zoe,433
AU,2025,M,Adam,226
AU,2025,M,Aiden,78
AU,2025,M,Alexander,406
AU,2025,M,Alfie,91
AU,2025,M,Ali,265
AU,2025,M,Angus,228
AU,2025,M,Archer,364
AU,2025,M,Archie,463
AU,2025,M,Arlo,300
AU,2025,M,Arthur,430
AU,2025,M,Asher,182
AU,2025,M,August,172
AU,2025,M,Austin,322
AU,2025,M,Beau,364
AU,2025,M,Benjamin,273
AU,2025,M,Billy,310
AU,2025,M,Bobby,88
AU,2025,M,Bodhi,215
AU,2025,M,Carter,190
AU,2025,M,Charles,177
AU,2025,M,Charlie,608
AU,2025,M,Cooper,380
AU,2025,M,Daniel,221
AU,2025,M,Darcy,232
AU,2025,M,Edward,240
AU,2025,M,Eli,185
AU,2025,M,Elias,256
AU,2025,M,Elijah,618
AU,2025,M,Elliot,77
AU,2025,M,Ethan,308
AU,2025,M,Ezra,236
AU,2025,M,Felix,265
AU,2025,M,Finley,98
AU,2025,M,Finn,263
AU,2025,M,Fletcher,213
AU,2025,M,Flynn,181
AU,2025,M,Frederick,192
AU,2025,M,Gabriel,260
AU,2025,M,George,409
AU,2025,M,Grayson,90
AU,2025,M,Harrison,382
AU,2025,M,Harry,361
AU,2025,M,Harvey,443
AU,2025,M,Henry,770
AU,2025,M,Hudson,559
AU,2025,M,Hugo,410
AU,2025,M,Hunter,247
AU,2025,M,Ibrahim,184
AU,2025,M,Isaac,422
AU,2025,M,Isaiah,196
AU,2025,M,Jack,610
AU,2025,M,Jackson,94
AU,2025,M,Jacob,253
AU,2025,M,James,433
AU,2025,M,Jasper,283
AU,2025,M,Jayden,85
AU,2025,M,Jordan,220
AU,2025,M,Joseph,282
AU,2025,M,Joshua,95
AU,2025,M,Jude,267
AU,2025,M,Kai,383
AU,2025,M,Koa,144
AU,2025,M,Lachlan,308
AU,2025,M,Lennox,102
AU,2025,M,Lenny,105
AU,2025,M,Leo,762
AU,2025,M,Leon,258
AU,2025,M,Leonardo,103
AU,2025,M,Levi,616
AU,2025,M,Liam,450
AU,2025,M,Lincoln,93
AU,2025,M,Logan,102
AU,2025,M,Louie,252
AU,2025,M,Louis,272
AU,2025,M,Luca,708
AU,2025,M,Lucas,510
AU,2025,M,Luka,220
AU,2025,M,Marcus,79
AU,2025,M,Mason,279
AU,2025,M,Mateo,124
AU,2025,M,Matteo,117
AU,2025,M,Maverick,90
AU,2025,M,Max,403
AU,2025,M,Micah,90
AU,2025,M,Michael,128
AU,2025,M,Miles,277
AU,2025,M,Muhammad,455
AU,2025,M,Myles,214
AU,2025,M,Noah,1100
AU,2025,M,Oakley,80
AU,2025,M,Oliver,928
AU,2025,M,Ollie,91
AU,2025,M,Oscar,531
AU,2025,M,Parker,103
AU,2025,M,Patrick,296
AU,2025,M,Remy,190
AU,2025,M,Reuben,99
AU,2025,M,Riley,237
AU,2025,M,River,217
AU,2025,M,Roman,249
AU,2025,M,Rory,195
AU,2025,M,Ryan,209
AU,2025,M,Samuel,296
AU,2025,M,Sebastian,362
AU,2025,M,Sonny,301
AU,2025,M,Spencer,281
AU,2025,M,Theo,307
AU,2025,M,Theodore,790
AU,2025,M,Thomas,541
AU,2025,M,Tommy,206
AU,2025,M,Vincent,94
AU,2025,M,William,576
AU,2025,M,Xavier,315
AU,2025,M,Zayn,87
