country,year,sex,name,count
ES,1924,F,Amparo,1743
ES,1924,F,Ana,2886
ES,1924,F,Ana Maria,1284
ES,1924,F,Angela,1846
ES,1924,F,Angeles,2104
ES,1924,F,Antonia,5067
ES,1924,F,Asuncion,1316
ES,1924,F,Aurora,1283
ES,1924,F,Carmen,12420
ES,1924,F,Catalina,1445
ES,1924,F,Concepcion,4126
ES,1924,F,Consuelo,1838
ES,1924,F,Dolores,6259
ES,1924,F,Elena,1167
ES,1924,F,Emilia,1687
ES,1924,F,Encarnacion,2548
ES,1924,F,Esperanza,1146
ES,1924,F,Felisa,1594
ES,1924,F,Francisca,5509
ES,1924,F,Isabel,5194
ES,1924,F,Josefa,8555
ES,1924,F,Josefina,1343
ES,1924,F,Juana,3437
ES,1924,F,Julia,2389
ES,1924,F,Lucia,1043
ES,1924,F,Luisa,1775
ES,1924,F,Manuela,3086
ES,1924,F,Margarita,1766
ES,1924,F,Maria,16509
ES,1924,F,Maria Angeles,1803
ES,1924,F,Maria Carmen,4498
ES,1924,F,Maria Concepcion,1085
ES,1924,F,Maria Dolores,2354
ES,1924,F,Maria Josefa,1376
ES,1924,F,Maria Luisa,2665
ES,1924,F,Maria Pilar,2157
ES,1924,F,Maria Teresa,2226
ES,1924,F,Matilde,1233
ES,1924,F,Mercedes,3130
ES,1924,F,Montserrat,1312
ES,1924,F,Natividad,1112
ES,1924,F,Petra,1061
ES,1924,F,Pilar,4564
ES,1924,F,Purificacion,1176
ES,1924,F,Rosa,3435
ES,1924,F,Rosario,3034
ES,1924,F,Teresa,4151
ES,1924,F,Trinidad,1060
ES,1924,F,Vicenta,1361
ES,1924,F,Victoria,1515
ES,1924,M,Agustin,587
ES,1924,M,Alejandro,376
ES,1924,M,Alfonso,571
ES,1924,M,Andres,735
ES,1924,M,Angel,1668
ES,1924,M,Antonio,5861
ES,1924,M,Benito,334
ES,1924,M,Carlos,497
ES,1924,M,Daniel,314
ES,1924,M,Diego,344
ES,1924,M,Domingo,584
ES,1924,M,Eduardo,458
ES,1924,M,Emilio,750
ES,1924,M,Enrique,844
ES,1924,M,Eugenio,392
ES,1924,M,Felipe,471
ES,1924,M,Felix,725
ES,1924,M,Fernando,762
ES,1924,M,Francisco,4901
ES,1924,M,Gregorio,511
ES,1924,M,Ignacio,321
ES,1924,M,Jaime,502
ES,1924,M,Jesus,1674
ES,1924,M,Joan,384
ES,1924,M,Joaquin,972
ES,1924,M,Jose,8395
ES,1924,M,Jose Antonio,470
ES,1924,M,Jose Luis,659
ES,1924,M,Jose Maria,1252
ES,1924,M,Josep,523
ES,1924,M,Juan,3842
ES,1924,M,Juan Antonio,340
ES,1924,M,Juan Jose,365
ES,1924,M,Julian,725
ES,1924,M,Julio,679
ES,1924,M,Lorenzo,379
ES,1924,M,Luis,1775
ES,1924,M,Manuel,5338
ES,1924,M,Mariano,660
ES,1924,M,Miguel,1641
ES,1924,M,Pablo,431
ES,1924,M,Pedro,2055
ES,1924,M,Rafael,1241
ES,1924,M,Ramon,1398
ES,1924,M,Ricardo,439
ES,1924,M,Salvador,601
ES,1924,M,Santiago,598
ES,1924,M,Sebastian,327
ES,1924,M,Tomas,679
ES,1924,M,Vicente,1403
ES,1930,F,Amparo,828
ES,1930,F,Ana,1520
ES,1930,F,Ana Maria,940
ES,1930,F,Angela,809
ES,1930,F,Angeles,984
ES,1930,F,Antonia,2654
ES,1930,F,Asuncion,504
ES,1930,F,Aurora,592
ES,1930,F,Carmen,5898
ES,1930,F,Catalina,642
ES,1930,F,Concepcion,1911
ES,1930,F,Consuelo,791
ES,1930,F,Dolores,3074
ES,1930,F,Elena,493
ES,1930,F,Emilia,729
ES,1930,F,Encarnacion,1311
ES,1930,F,Esperanza,496
ES,1930,F,Felisa,549
ES,1930,F,Francisca,2734
ES,1930,F,Isabel,2570
ES,1930,F,Josefa,4240
ES,1930,F,Josefina,659
ES,1930,F,Juana,1704
ES,1930,F,Julia,976
ES,1930,F,Luisa,793
ES,1930,F,Manuela,1635
ES,1930,F,Margarita,806
ES,1930,F,Maria,6783
ES,1930,F,Maria Angeles,962
ES,1930,F,Maria Carmen,2973
ES,1930,F,Maria Concepcion,445
ES,1930,F,Maria Dolores,1209
ES,1930,F,Maria Jesus,548
ES,1930,F,Maria Josefa,695
ES,1930,F,Maria Luisa,1337
ES,1930,F,Maria Pilar,1376
ES,1930,F,Maria Rosa,483
ES,1930,F,Maria Teresa,1347
ES,1930,F,Matilde,470
ES,1930,F,Mercedes,1438
ES,1930,F,Milagros,521
ES,1930,F,Montserrat,526
ES,1930,F,Pilar,2102
ES,1930,F,Purificacion,514
ES,1930,F,Rosa,1609
ES,1930,F,Rosario,1445
ES,1930,F,Teresa,1702
ES,1930,F,Trinidad,453
ES,1930,F,Vicenta,627
ES,1930,F,Victoria,618
ES,1930,M,Agustin,418
ES,1930,M,Alberto,239
ES,1930,M,Alejandro,255
ES,1930,M,Alfonso,363
ES,1930,M,Andres,561
ES,1930,M,Angel,1230
ES,1930,M,Antonio,4601
ES,1930,M,Carlos,442
ES,1930,M,Daniel,224
ES,1930,M,Diego,301
ES,1930,M,Domingo,412
ES,1930,M,Eduardo,338
ES,1930,M,Emilio,540
ES,1930,M,Enrique,642
ES,1930,M,Eugenio,258
ES,1930,M,Felipe,302
ES,1930,M,Felix,478
ES,1930,M,Fernando,685
ES,1930,M,Francisco,3724
ES,1930,M,Gregorio,316
ES,1930,M,Ignacio,243
ES,1930,M,Jaime,366
ES,1930,M,Jesus,1198
ES,1930,M,Joaquin,695
ES,1930,M,Jose,6095
ES,1930,M,Jose Antonio,738
ES,1930,M,Jose Luis,820
ES,1930,M,Jose Manuel,276
ES,1930,M,Jose Maria,902
ES,1930,M,Josep,298
ES,1930,M,Juan,2838
ES,1930,M,Juan Antonio,293
ES,1930,M,Juan Jose,340
ES,1930,M,Julian,515
ES,1930,M,Julio,469
ES,1930,M,Lorenzo,235
ES,1930,M,Luis,1340
ES,1930,M,Manuel,4134
ES,1930,M,Mariano,411
ES,1930,M,Miguel,1242
ES,1930,M,Pablo,312
ES,1930,M,Pedro,1474
ES,1930,M,Rafael,1041
ES,1930,M,Ramon,954
ES,1930,M,Ricardo,313
ES,1930,M,Salvador,436
ES,1930,M,Santiago,457
ES,1930,M,Sebastian,237
ES,1930,M,Tomas,436
ES,1930,M,Vicente,978
ES,1931,F,Amparo,828
ES,1931,F,Ana,1520
ES,1931,F,Ana Maria,940
ES,1931,F,Angela,808
ES,1931,F,Angeles,983
ES,1931,F,Antonia,2654
ES,1931,F,Asuncion,503
ES,1931,F,Aurora,592
ES,1931,F,Carmen,5898
ES,1931,F,Catalina,642
ES,1931,F,Concepcion,1911
ES,1931,F,Consuelo,791
ES,1931,F,Dolores,3074
ES,1931,F,Elena,493
ES,1931,F,Emilia,729
ES,1931,F,Encarnacion,1311
ES,1931,F,Esperanza,496
ES,1931,F,Felisa,549
ES,1931,F,Francisca,2734
ES,1931,F,Isabel,2570
ES,1931,F,Josefa,4240
ES,1931,F,Josefina,659
ES,1931,F,Juana,1704
ES,1931,F,Julia,976
ES,1931,F,Luisa,793
ES,1931,F,Manuela,1635
ES,1931,F,Margarita,806
ES,1931,F,Maria,6783
ES,1931,F,Maria Angeles,962
ES,1931,F,Maria Carmen,2973
ES,1931,F,Maria Concepcion,445
ES,1931,F,Maria Dolores,1209
ES,1931,F,Maria Jesus,548
ES,1931,F,Maria Josefa,695
ES,1931,F,Maria Luisa,1337
ES,1931,F,Maria Pilar,1376
ES,1931,F,Maria Rosa,483
ES,1931,F,Maria Teresa,1347
ES,1931,F,Matilde,470
ES,1931,F,Mercedes,1438
ES,1931,F,Milagros,521
ES,1931,F,Montserrat,526
ES,1931,F,Pilar,2102
ES,1931,F,Purificacion,514
ES,1931,F,Rosa,1609
ES,1931,F,Rosario,1445
ES,1931,F,Teresa,1702
ES,1931,F,Trinidad,453
ES,1931,F,Vicenta,627
ES,1931,F,Victoria,618
ES,1931,M,Agustin,418
ES,1931,M,Alberto,238
ES,1931,M,Alejandro,255
ES,1931,M,Alfonso,363
ES,1931,M,Andres,561
ES,1931,M,Angel,1230
ES,1931,M,Antonio,4601
ES,1931,M,Carlos,442
ES,1931,M,Daniel,224
ES,1931,M,Diego,301
ES,1931,M,Domingo,411
ES,1931,M,Eduardo,338
ES,1931,M,Emilio,540
ES,1931,M,Enrique,642
ES,1931,M,Eugenio,258
ES,1931,M,Felipe,302
ES,1931,M,Felix,478
ES,1931,M,Fernando,685
ES,1931,M,Francisco,3724
ES,1931,M,Gregorio,316
ES,1931,M,Ignacio,243
ES,1931,M,Jaime,366
ES,1931,M,Jesus,1198
ES,1931,M,Joaquin,695
ES,1931,M,Jose,6095
ES,1931,M,Jose Antonio,737
ES,1931,M,Jose Luis,820
ES,1931,M,Jose Manuel,276
ES,1931,M,Jose Maria,902
ES,1931,M,Josep,298
ES,1931,M,Juan,2838
ES,1931,M,Juan Antonio,293
ES,1931,M,Juan Jose,340
ES,1931,M,Julian,515
ES,1931,M,Julio,469
ES,1931,M,Lorenzo,235
ES,1931,M,Luis,1340
ES,1931,M,Manuel,4134
ES,1931,M,Mariano,411
ES,1931,M,Miguel,1242
ES,1931,M,Pablo,312
ES,1931,M,Pedro,1474
ES,1931,M,Rafael,1041
ES,1931,M,Ramon,954
ES,1931,M,Ricardo,313
ES,1931,M,Salvador,436
ES,1931,M,Santiago,457
ES,1931,M,Sebastian,237
ES,1931,M,Tomas,436
ES,1931,M,Vicente,978
ES,1932,F,Amparo,828
ES,1932,F,Ana,1520
ES,1932,F,Ana Maria,940
ES,1932,F,Angela,808
ES,1932,F,Angeles,983
ES,1932,F,Antonia,2654
ES,1932,F,Asuncion,503
ES,1932,F,Aurora,592
ES,1932,F,Carmen,5898
ES,1932,F,Catalina,642
ES,1932,F,Concepcion,1911
ES,1932,F,Consuelo,791
ES,1932,F,Dolores,3074
ES,1932,F,Elena,493
ES,1932,F,Emilia,729
ES,1932,F,Encarnacion,1310
ES,1932,F,Esperanza,496
ES,1932,F,Felisa,549
ES,1932,F,Francisca,2734
ES,1932,F,Isabel,2570
ES,1932,F,Josefa,4240
ES,1932,F,Josefina,658
ES,1932,F,Juana,1704
ES,1932,F,Julia,976
ES,1932,F,Luisa,793
ES,1932,F,Manuela,1635
ES,1932,F,Margarita,806
ES,1932,F,Maria,6783
ES,1932,F,Maria Angeles,962
ES,1932,F,Maria Carmen,2973
ES,1932,F,Maria Concepcion,445
ES,1932,F,Maria Dolores,1208
ES,1932,F,Maria Jesus,548
ES,1932,F,Maria Josefa,695
ES,1932,F,Maria Luisa,1337
ES,1932,F,Maria Pilar,1376
ES,1932,F,Maria Rosa,483
ES,1932,F,Maria Teresa,1347
ES,1932,F,Matilde,470
ES,1932,F,Mercedes,1438
ES,1932,F,Milagros,521
ES,1932,F,Montserrat,526
ES,1932,F,Pilar,2102
ES,1932,F,Purificacion,514
ES,1932,F,Rosa,1609
ES,1932,F,Rosario,1445
ES,1932,F,Teresa,1702
ES,1932,F,Trinidad,453
ES,1932,F,Vicenta,626
ES,1932,F,Victoria,618
ES,1932,M,Agustin,418
ES,1932,M,Alberto,238
ES,1932,M,Alejandro,255
ES,1932,M,Alfonso,363
ES,1932,M,Andres,561
ES,1932,M,Angel,1230
ES,1932,M,Antonio,4601
ES,1932,M,Carlos,442
ES,1932,M,Daniel,224
ES,1932,M,Diego,301
ES,1932,M,Domingo,411
ES,1932,M,Eduardo,338
ES,1932,M,Emilio,540
ES,1932,M,Enrique,642
ES,1932,M,Eugenio,258
ES,1932,M,Felipe,302
ES,1932,M,Felix,478
ES,1932,M,Fernando,685
ES,1932,M,Francisco,3724
ES,1932,M,Gregorio,316
ES,1932,M,Ignacio,243
ES,1932,M,Jaime,365
ES,1932,M,Jesus,1198
ES,1932,M,Joaquin,695
ES,1932,M,Jose,6094
ES,1932,M,Jose Antonio,737
ES,1932,M,Jose Luis,820
ES,1932,M,Jose Manuel,276
ES,1932,M,Jose Maria,902
ES,1932,M,Josep,298
ES,1932,M,Juan,2837
ES,1932,M,Juan Antonio,293
ES,1932,M,Juan Jose,340
ES,1932,M,Julian,515
ES,1932,M,Julio,469
ES,1932,M,Lorenzo,235
ES,1932,M,Luis,1340
ES,1932,M,Manuel,4134
ES,1932,M,Mariano,411
ES,1932,M,Miguel,1242
ES,1932,M,Pablo,312
ES,1932,M,Pedro,1473
ES,1932,M,Rafael,1041
ES,1932,M,Ramon,954
ES,1932,M,Ricardo,313
ES,1932,M,Salvador,436
ES,1932,M,Santiago,456
ES,1932,M,Sebastian,237
ES,1932,M,Tomas,436
ES,1932,M,Vicente,978
ES,1933,F,Amparo,828
ES,1933,F,Ana,1520
ES,1933,F,Ana Maria,940
ES,1933,F,Angela,808
ES,1933,F,Angeles,983
ES,1933,F,Antonia,2654
ES,1933,F,Asuncion,503
ES,1933,F,Aurora,592
ES,1933,F,Carmen,5897
ES,1933,F,Catalina,641
ES,1933,F,Concepcion,1911
ES,1933,F,Consuelo,790
ES,1933,F,Dolores,3074
ES,1933,F,Elena,493
ES,1933,F,Emilia,729
ES,1933,F,Encarnacion,1310
ES,1933,F,Esperanza,496
ES,1933,F,Felisa,549
ES,1933,F,Francisca,2734
ES,1933,F,Isabel,2570
ES,1933,F,Josefa,4240
ES,1933,F,Josefina,658
ES,1933,F,Juana,1703
ES,1933,F,Julia,976
ES,1933,F,Luisa,792
ES,1933,F,Manuela,1634
ES,1933,F,Margarita,806
ES,1933,F,Maria,6783
ES,1933,F,Maria Angeles,962
ES,1933,F,Maria Carmen,2973
ES,1933,F,Maria Concepcion,445
ES,1933,F,Maria Dolores,1208
ES,1933,F,Maria Jesus,548
ES,1933,F,Maria Josefa,694
ES,1933,F,Maria Luisa,1337
ES,1933,F,Maria Pilar,1376
ES,1933,F,Maria Rosa,483
ES,1933,F,Maria Teresa,1347
ES,1933,F,Matilde,470
ES,1933,F,Mercedes,1437
ES,1933,F,Milagros,521
ES,1933,F,Montserrat,526
ES,1933,F,Pilar,2102
ES,1933,F,Purificacion,513
ES,1933,F,Rosa,1609
ES,1933,F,Rosario,1445
ES,1933,F,Teresa,1702
ES,1933,F,Trinidad,453
ES,1933,F,Vicenta,626
ES,1933,F,Victoria,618
ES,1933,M,Agustin,418
ES,1933,M,Alberto,238
ES,1933,M,Alejandro,255
ES,1933,M,Alfonso,363
ES,1933,M,Andres,561
ES,1933,M,Angel,1230
ES,1933,M,Antonio,4601
ES,1933,M,Carlos,442
ES,1933,M,Daniel,223
ES,1933,M,Diego,301
ES,1933,M,Domingo,411
ES,1933,M,Eduardo,338
ES,1933,M,Emilio,540
ES,1933,M,Enrique,641
ES,1933,M,Eugenio,258
ES,1933,M,Felipe,302
ES,1933,M,Felix,478
ES,1933,M,Fernando,685
ES,1933,M,Francisco,3724
ES,1933,M,Gregorio,316
ES,1933,M,Ignacio,243
ES,1933,M,Jaime,365
ES,1933,M,Jesus,1198
ES,1933,M,Joaquin,695
ES,1933,M,Jose,6094
ES,1933,M,Jose Antonio,737
ES,1933,M,Jose Luis,820
ES,1933,M,Jose Manuel,276
ES,1933,M,Jose Maria,902
ES,1933,M,Josep,298
ES,1933,M,Juan,2837
ES,1933,M,Juan Antonio,293
ES,1933,M,Juan Jose,340
ES,1933,M,Julian,515
ES,1933,M,Julio,469
ES,1933,M,Lorenzo,235
ES,1933,M,Luis,1340
ES,1933,M,Manuel,4134
ES,1933,M,Mariano,411
ES,1933,M,Miguel,1241
ES,1933,M,Pablo,312
ES,1933,M,Pedro,1473
ES,1933,M,Rafael,1041
ES,1933,M,Ramon,954
ES,1933,M,Ricardo,312
ES,1933,M,Salvador,436
ES,1933,M,Santiago,456
ES,1933,M,Sebastian,237
ES,1933,M,Tomas,436
ES,1933,M,Vicente,978
ES,1934,F,Amparo,828
ES,1934,F,Ana,1520
ES,1934,F,Ana Maria,940
ES,1934,F,Angela,808
ES,1934,F,Angeles,983
ES,1934,F,Antonia,2654
ES,1934,F,Asuncion,503
ES,1934,F,Aurora,592
ES,1934,F,Carmen,5897
ES,1934,F,Catalina,641
ES,1934,F,Concepcion,1911
ES,1934,F,Consuelo,790
ES,1934,F,Dolores,3074
ES,1934,F,Elena,493
ES,1934,F,Emilia,729
ES,1934,F,Encarnacion,1310
ES,1934,F,Esperanza,496
ES,1934,F,Felisa,549
ES,1934,F,Francisca,2733
ES,1934,F,Isabel,2570
ES,1934,F,Josefa,4240
ES,1934,F,Josefina,658
ES,1934,F,Juana,1703
ES,1934,F,Julia,976
ES,1934,F,Luisa,792
ES,1934,F,Manuela,1634
ES,1934,F,Margarita,806
ES,1934,F,Maria,6783
ES,1934,F,Maria Angeles,962
ES,1934,F,Maria Carmen,2973
ES,1934,F,Maria Concepcion,445
ES,1934,F,Maria Dolores,1208
ES,1934,F,Maria Jesus,548
ES,1934,F,Maria Josefa,694
ES,1934,F,Maria Luisa,1337
ES,1934,F,Maria Pilar,1375
ES,1934,F,Maria Rosa,483
ES,1934,F,Maria Teresa,1347
ES,1934,F,Matilde,470
ES,1934,F,Mercedes,1437
ES,1934,F,Milagros,521
ES,1934,F,Montserrat,526
ES,1934,F,Pilar,2102
ES,1934,F,Purificacion,513
ES,1934,F,Rosa,1609
ES,1934,F,Rosario,1445
ES,1934,F,Teresa,1702
ES,1934,F,Trinidad,453
ES,1934,F,Vicenta,626
ES,1934,F,Victoria,618
ES,1934,M,Agustin,417
ES,1934,M,Alberto,238
ES,1934,M,Alejandro,255
ES,1934,M,Alfonso,362
ES,1934,M,Andres,561
ES,1934,M,Angel,1230
ES,1934,M,Antonio,4601
ES,1934,M,Carlos,442
ES,1934,M,Daniel,223
ES,1934,M,Diego,301
ES,1934,M,Domingo,411
ES,1934,M,Eduardo,337
ES,1934,M,Emilio,540
ES,1934,M,Enrique,641
ES,1934,M,Eugenio,257
ES,1934,M,Felipe,301
ES,1934,M,Felix,478
ES,1934,M,Fernando,685
ES,1934,M,Francisco,3724
ES,1934,M,Gregorio,316
ES,1934,M,Ignacio,243
ES,1934,M,Jaime,365
ES,1934,M,Jesus,1198
ES,1934,M,Joaquin,695
ES,1934,M,Jose,6094
ES,1934,M,Jose Antonio,737
ES,1934,M,Jose Luis,820
ES,1934,M,Jose Manuel,276
ES,1934,M,Jose Maria,902
ES,1934,M,Josep,297
ES,1934,M,Juan,2837
ES,1934,M,Juan Antonio,292
ES,1934,M,Juan Jose,340
ES,1934,M,Julian,515
ES,1934,M,Julio,469
ES,1934,M,Lorenzo,235
ES,1934,M,Luis,1340
ES,1934,M,Manuel,4134
ES,1934,M,Mariano,410
ES,1934,M,Miguel,1241
ES,1934,M,Pablo,312
ES,1934,M,Pedro,1473
ES,1934,M,Rafael,1041
ES,1934,M,Ramon,954
ES,1934,M,Ricardo,312
ES,1934,M,Salvador,436
ES,1934,M,Santiago,456
ES,1934,M,Sebastian,237
ES,1934,M,Tomas,436
ES,1934,M,Vicente,978
ES,1935,F,Amparo,827
ES,1935,F,Ana,1520
ES,1935,F,Ana Maria,939
ES,1935,F,Angela,808
ES,1935,F,Angeles,983
ES,1935,F,Antonia,2654
ES,1935,F,Asuncion,503
ES,1935,F,Aurora,592
ES,1935,F,Carmen,5897
ES,1935,F,Catalina,641
ES,1935,F,Concepcion,1911
ES,1935,F,Consuelo,790
ES,1935,F,Dolores,3074
ES,1935,F,Elena,493
ES,1935,F,Emilia,729
ES,1935,F,Encarnacion,1310
ES,1935,F,Esperanza,496
ES,1935,F,Felisa,549
ES,1935,F,Francisca,2733
ES,1935,F,Isabel,2570
ES,1935,F,Josefa,4240
ES,1935,F,Josefina,658
ES,1935,F,Juana,1703
ES,1935,F,Julia,975
ES,1935,F,Luisa,792
ES,1935,F,Manuela,1634
ES,1935,F,Margarita,806
ES,1935,F,Maria,6783
ES,1935,F,Maria Angeles,962
ES,1935,F,Maria Carmen,2973
ES,1935,F,Maria Concepcion,445
ES,1935,F,Maria Dolores,1208
ES,1935,F,Maria Jesus,548
ES,1935,F,Maria Josefa,694
ES,1935,F,Maria Luisa,1337
ES,1935,F,Maria Pilar,1375
ES,1935,F,Maria Rosa,483
ES,1935,F,Maria Teresa,1347
ES,1935,F,Matilde,470
ES,1935,F,Mercedes,1437
ES,1935,F,Milagros,521
ES,1935,F,Montserrat,526
ES,1935,F,Pilar,2102
ES,1935,F,Purificacion,513
ES,1935,F,Rosa,1609
ES,1935,F,Rosario,1445
ES,1935,F,Teresa,1701
ES,1935,F,Trinidad,453
ES,1935,F,Vicenta,626
ES,1935,F,Victoria,618
ES,1935,M,Agustin,417
ES,1935,M,Alberto,238
ES,1935,M,Alejandro,255
ES,1935,M,Alfonso,362
ES,1935,M,Andres,560
ES,1935,M,Angel,1230
ES,1935,M,Antonio,4600
ES,1935,M,Carlos,442
ES,1935,M,Daniel,223
ES,1935,M,Diego,301
ES,1935,M,Domingo,411
ES,1935,M,Eduardo,337
ES,1935,M,Emilio,540
ES,1935,M,Enrique,641
ES,1935,M,Eugenio,257
ES,1935,M,Felipe,301
ES,1935,M,Felix,478
ES,1935,M,Fernando,685
ES,1935,M,Francisco,3723
ES,1935,M,Gregorio,316
ES,1935,M,Ignacio,243
ES,1935,M,Jaime,365
ES,1935,M,Jesus,1198
ES,1935,M,Joaquin,695
ES,1935,M,Jose,6094
ES,1935,M,Jose Antonio,737
ES,1935,M,Jose Luis,820
ES,1935,M,Jose Manuel,276
ES,1935,M,Jose Maria,902
ES,1935,M,Josep,297
ES,1935,M,Juan,2837
ES,1935,M,Juan Antonio,292
ES,1935,M,Juan Jose,339
ES,1935,M,Julian,515
ES,1935,M,Julio,469
ES,1935,M,Lorenzo,235
ES,1935,M,Luis,1340
ES,1935,M,Manuel,4134
ES,1935,M,Mariano,410
ES,1935,M,Miguel,1241
ES,1935,M,Pablo,312
ES,1935,M,Pedro,1473
ES,1935,M,Rafael,1041
ES,1935,M,Ramon,954
ES,1935,M,Ricardo,312
ES,1935,M,Salvador,436
ES,1935,M,Santiago,456
ES,1935,M,Sebastian,236
ES,1935,M,Tomas,436
ES,1935,M,Vicente,978
ES,1936,F,Amparo,827
ES,1936,F,Ana,1520
ES,1936,F,Ana Maria,939
ES,1936,F,Angela,808
ES,1936,F,Angeles,983
ES,1936,F,Antonia,2654
ES,1936,F,Asuncion,503
ES,1936,F,Aurora,592
ES,1936,F,Carmen,5897
ES,1936,F,Catalina,641
ES,1936,F,Concepcion,1911
ES,1936,F,Consuelo,790
ES,1936,F,Dolores,3073
ES,1936,F,Elena,492
ES,1936,F,Emilia,729
ES,1936,F,Encarnacion,1310
ES,1936,F,Esperanza,496
ES,1936,F,Felisa,548
ES,1936,F,Francisca,2733
ES,1936,F,Isabel,2570
ES,1936,F,Josefa,4240
ES,1936,F,Josefina,658
ES,1936,F,Juana,1703
ES,1936,F,Julia,975
ES,1936,F,Luisa,792
ES,1936,F,Manuela,1634
ES,1936,F,Margarita,806
ES,1936,F,Maria,6782
ES,1936,F,Maria Angeles,961
ES,1936,F,Maria Carmen,2973
ES,1936,F,Maria Concepcion,445
ES,1936,F,Maria Dolores,1208
ES,1936,F,Maria Jesus,548
ES,1936,F,Maria Josefa,694
ES,1936,F,Maria Luisa,1337
ES,1936,F,Maria Pilar,1375
ES,1936,F,Maria Rosa,483
ES,1936,F,Maria Teresa,1347
ES,1936,F,Matilde,470
ES,1936,F,Mercedes,1437
ES,1936,F,Milagros,521
ES,1936,F,Montserrat,525
ES,1936,F,Pilar,2102
ES,1936,F,Purificacion,513
ES,1936,F,Rosa,1609
ES,1936,F,Rosario,1444
ES,1936,F,Teresa,1701
ES,1936,F,Trinidad,453
ES,1936,F,Vicenta,626
ES,1936,F,Victoria,617
ES,1936,M,Agustin,417
ES,1936,M,Alberto,238
ES,1936,M,Alejandro,255
ES,1936,M,Alfonso,362
ES,1936,M,Andres,560
ES,1936,M,Angel,1229
ES,1936,M,Antonio,4600
ES,1936,M,Carlos,442
ES,1936,M,Daniel,223
ES,1936,M,Diego,301
ES,1936,M,Domingo,411
ES,1936,M,Eduardo,337
ES,1936,M,Emilio,540
ES,1936,M,Enrique,641
ES,1936,M,Eugenio,257
ES,1936,M,Felipe,301
ES,1936,M,Felix,478
ES,1936,M,Fernando,684
ES,1936,M,Francisco,3723
ES,1936,M,Gregorio,316
ES,1936,M,Ignacio,242
ES,1936,M,Jaime,365
ES,1936,M,Jesus,1198
ES,1936,M,Joaquin,695
ES,1936,M,Jose,6094
ES,1936,M,Jose Antonio,737
ES,1936,M,Jose Luis,820
ES,1936,M,Jose Manuel,276
ES,1936,M,Jose Maria,902
ES,1936,M,Josep,297
ES,1936,M,Juan,2837
ES,1936,M,Juan Antonio,292
ES,1936,M,Juan Jose,339
ES,1936,M,Julian,515
ES,1936,M,Julio,469
ES,1936,M,Lorenzo,235
ES,1936,M,Luis,1340
ES,1936,M,Manuel,4134
ES,1936,M,Mariano,410
ES,1936,M,Miguel,1241
ES,1936,M,Pablo,312
ES,1936,M,Pedro,1473
ES,1936,M,Rafael,1040
ES,1936,M,Ramon,954
ES,1936,M,Ricardo,312
ES,1936,M,Salvador,436
ES,1936,M,Santiago,456
ES,1936,M,Sebastian,236
ES,1936,M,Tomas,435
ES,1936,M,Vicente,978
ES,1937,F,Amparo,827
ES,1937,F,Ana,1520
ES,1937,F,Ana Maria,939
ES,1937,F,Angela,808
ES,1937,F,Angeles,983
ES,1937,F,Antonia,2653
ES,1937,F,Asuncion,503
ES,1937,F,Aurora,592
ES,1937,F,Carmen,5897
ES,1937,F,Catalina,641
ES,1937,F,Concepcion,1910
ES,1937,F,Consuelo,790
ES,1937,F,Dolores,3073
ES,1937,F,Elena,492
ES,1937,F,Emilia,729
ES,1937,F,Encarnacion,1310
ES,1937,F,Esperanza,496
ES,1937,F,Felisa,548
ES,1937,F,Francisca,2733
ES,1937,F,Isabel,2570
ES,1937,F,Josefa,4240
ES,1937,F,Josefina,658
ES,1937,F,Juana,1703
ES,1937,F,Julia,975
ES,1937,F,Luisa,792
ES,1937,F,Manuela,1634
ES,1937,F,Margarita,805
ES,1937,F,Maria,6782
ES,1937,F,Maria Angeles,961
ES,1937,F,Maria Carmen,2973
ES,1937,F,Maria Concepcion,445
ES,1937,F,Maria Dolores,1208
ES,1937,F,Maria Jesus,548
ES,1937,F,Maria Josefa,694
ES,1937,F,Maria Luisa,1337
ES,1937,F,Maria Pilar,1375
ES,1937,F,Maria Rosa,483
ES,1937,F,Maria Teresa,1347
ES,1937,F,Matilde,470
ES,1937,F,Mercedes,1437
ES,1937,F,Milagros,521
ES,1937,F,Montserrat,525
ES,1937,F,Pilar,2102
ES,1937,F,Purificacion,513
ES,1937,F,Rosa,1609
ES,1937,F,Rosario,1444
ES,1937,F,Teresa,1701
ES,1937,F,Trinidad,453
ES,1937,F,Vicenta,626
ES,1937,F,Victoria,617
ES,1937,M,Agustin,417
ES,1937,M,Alberto,238
ES,1937,M,Alejandro,255
ES,1937,M,Alfonso,362
ES,1937,M,Andres,560
ES,1937,M,Angel,1229
ES,1937,M,Antonio,4600
ES,1937,M,Carlos,442
ES,1937,M,Daniel,223
ES,1937,M,Diego,301
ES,1937,M,Domingo,411
ES,1937,M,Eduardo,337
ES,1937,M,Emilio,540
ES,1937,M,Enrique,641
ES,1937,M,Eugenio,257
ES,1937,M,Felipe,301
ES,1937,M,Felix,478
ES,1937,M,Fernando,684
ES,1937,M,Francisco,3723
ES,1937,M,Gregorio,315
ES,1937,M,Ignacio,242
ES,1937,M,Jaime,365
ES,1937,M,Jesus,1198
ES,1937,M,Joaquin,694
ES,1937,M,Jose,6094
ES,1937,M,Jose Antonio,737
ES,1937,M,Jose Luis,820
ES,1937,M,Jose Manuel,275
ES,1937,M,Jose Maria,902
ES,1937,M,Josep,297
ES,1937,M,Juan,2837
ES,1937,M,Juan Antonio,292
ES,1937,M,Juan Jose,339
ES,1937,M,Julian,515
ES,1937,M,Julio,469
ES,1937,M,Lorenzo,235
ES,1937,M,Luis,1340
ES,1937,M,Manuel,4134
ES,1937,M,Mariano,410
ES,1937,M,Miguel,1241
ES,1937,M,Pablo,312
ES,1937,M,Pedro,1473
ES,1937,M,Rafael,1040
ES,1937,M,Ramon,954
ES,1937,M,Ricardo,312
ES,1937,M,Salvador,435
ES,1937,M,Santiago,456
ES,1937,M,Sebastian,236
ES,1937,M,Tomas,435
ES,1937,M,Vicente,977
ES,1938,F,Amparo,827
ES,1938,F,Ana,1519
ES,1938,F,Ana Maria,939
ES,1938,F,Angela,808
ES,1938,F,Angeles,983
ES,1938,F,Antonia,2653
ES,1938,F,Asuncion,503
ES,1938,F,Aurora,592
ES,1938,F,Carmen,5897
ES,1938,F,Catalina,641
ES,1938,F,Concepcion,1910
ES,1938,F,Consuelo,790
ES,1938,F,Dolores,3073
ES,1938,F,Elena,492
ES,1938,F,Emilia,729
ES,1938,F,Encarnacion,1310
ES,1938,F,Esperanza,495
ES,1938,F,Felisa,548
ES,1938,F,Francisca,2733
ES,1938,F,Isabel,2570
ES,1938,F,Josefa,4240
ES,1938,F,Josefina,658
ES,1938,F,Juana,1703
ES,1938,F,Julia,975
ES,1938,F,Luisa,792
ES,1938,F,Manuela,1634
ES,1938,F,Margarita,805
ES,1938,F,Maria,6782
ES,1938,F,Maria Angeles,961
ES,1938,F,Maria Carmen,2973
ES,1938,F,Maria Concepcion,445
ES,1938,F,Maria Dolores,1208
ES,1938,F,Maria Jesus,548
ES,1938,F,Maria Josefa,694
ES,1938,F,Maria Luisa,1336
ES,1938,F,Maria Pilar,1375
ES,1938,F,Maria Rosa,482
ES,1938,F,Maria Teresa,1346
ES,1938,F,Matilde,470
ES,1938,F,Mercedes,1437
ES,1938,F,Milagros,521
ES,1938,F,Montserrat,525
ES,1938,F,Pilar,2102
ES,1938,F,Purificacion,513
ES,1938,F,Rosa,1609
ES,1938,F,Rosario,1444
ES,1938,F,Teresa,1701
ES,1938,F,Trinidad,453
ES,1938,F,Vicenta,626
ES,1938,F,Victoria,617
ES,1938,M,Agustin,417
ES,1938,M,Alberto,238
ES,1938,M,Alejandro,255
ES,1938,M,Alfonso,362
ES,1938,M,Andres,560
ES,1938,M,Angel,1229
ES,1938,M,Antonio,4600
ES,1938,M,Carlos,441
ES,1938,M,Daniel,223
ES,1938,M,Diego,301
ES,1938,M,Domingo,411
ES,1938,M,Eduardo,337
ES,1938,M,Emilio,540
ES,1938,M,Enrique,641
ES,1938,M,Eugenio,257
ES,1938,M,Felipe,301
ES,1938,M,Felix,477
ES,1938,M,Fernando,684
ES,1938,M,Francisco,3723
ES,1938,M,Gregorio,315
ES,1938,M,Ignacio,242
ES,1938,M,Jaime,365
ES,1938,M,Jesus,1198
ES,1938,M,Joaquin,694
ES,1938,M,Jose,6094
ES,1938,M,Jose Antonio,737
ES,1938,M,Jose Luis,820
ES,1938,M,Jose Manuel,275
ES,1938,M,Jose Maria,902
ES,1938,M,Josep,297
ES,1938,M,Juan,2837
ES,1938,M,Juan Antonio,292
ES,1938,M,Juan Jose,339
ES,1938,M,Julian,515
ES,1938,M,Julio,469
ES,1938,M,Lorenzo,234
ES,1938,M,Luis,1340
ES,1938,M,Manuel,4133
ES,1938,M,Mariano,410
ES,1938,M,Miguel,1241
ES,1938,M,Pablo,312
ES,1938,M,Pedro,1473
ES,1938,M,Rafael,1040
ES,1938,M,Ramon,953
ES,1938,M,Ricardo,312
ES,1938,M,Salvador,435
ES,1938,M,Santiago,456
ES,1938,M,Sebastian,236
ES,1938,M,Tomas,435
ES,1938,M,Vicente,977
ES,1939,F,Amparo,827
ES,1939,F,Ana,1519
ES,1939,F,Ana Maria,939
ES,1939,F,Angela,808
ES,1939,F,Angeles,983
ES,1939,F,Antonia,2653
ES,1939,F,Asuncion,503
ES,1939,F,Aurora,591
ES,1939,F,Carmen,5897
ES,1939,F,Catalina,641
ES,1939,F,Concepcion,1910
ES,1939,F,Consuelo,790
ES,1939,F,Dolores,3073
ES,1939,F,Elena,492
ES,1939,F,Emilia,729
ES,1939,F,Encarnacion,1310
ES,1939,F,Esperanza,495
ES,1939,F,Felisa,548
ES,1939,F,Francisca,2733
ES,1939,F,Isabel,2569
ES,1939,F,Josefa,4240
ES,1939,F,Josefina,658
ES,1939,F,Juana,1703
ES,1939,F,Julia,975
ES,1939,F,Luisa,792
ES,1939,F,Manuela,1634
ES,1939,F,Margarita,805
ES,1939,F,Maria,6782
ES,1939,F,Maria Angeles,961
ES,1939,F,Maria Carmen,2973
ES,1939,F,Maria Concepcion,445
ES,1939,F,Maria Dolores,1208
ES,1939,F,Maria Jesus,547
ES,1939,F,Maria Josefa,694
ES,1939,F,Maria Luisa,1336
ES,1939,F,Maria Pilar,1375
ES,1939,F,Maria Rosa,482
ES,1939,F,Maria Teresa,1346
ES,1939,F,Matilde,469
ES,1939,F,Mercedes,1437
ES,1939,F,Milagros,521
ES,1939,F,Montserrat,525
ES,1939,F,Pilar,2102
ES,1939,F,Purificacion,513
ES,1939,F,Rosa,1608
ES,1939,F,Rosario,1444
ES,1939,F,Teresa,1701
ES,1939,F,Trinidad,453
ES,1939,F,Vicenta,626
ES,1939,F,Victoria,617
ES,1939,M,Agustin,417
ES,1939,M,Alberto,238
ES,1939,M,Alejandro,255
ES,1939,M,Alfonso,362
ES,1939,M,Andres,560
ES,1939,M,Angel,1229
ES,1939,M,Antonio,4600
ES,1939,M,Carlos,441
ES,1939,M,Daniel,223
ES,1939,M,Diego,300
ES,1939,M,Domingo,411
ES,1939,M,Eduardo,337
ES,1939,M,Emilio,540
ES,1939,M,Enrique,641
ES,1939,M,Eugenio,257
ES,1939,M,Felipe,301
ES,1939,M,Felix,477
ES,1939,M,Fernando,684
ES,1939,M,Francisco,3723
ES,1939,M,Gregorio,315
ES,1939,M,Ignacio,242
ES,1939,M,Jaime,365
ES,1939,M,Jesus,1198
ES,1939,M,Joaquin,694
ES,1939,M,Jose,6094
ES,1939,M,Jose Antonio,737
ES,1939,M,Jose Luis,820
ES,1939,M,Jose Manuel,275
ES,1939,M,Jose Maria,901
ES,1939,M,Josep,297
ES,1939,M,Juan,2837
ES,1939,M,Juan Antonio,292
ES,1939,M,Juan Jose,339
ES,1939,M,Julian,514
ES,1939,M,Julio,469
ES,1939,M,Lorenzo,234
ES,1939,M,Luis,1339
ES,1939,M,Manuel,4133
ES,1939,M,Mariano,410
ES,1939,M,Miguel,1241
ES,1939,M,Pablo,311
ES,1939,M,Pedro,1473
ES,1939,M,Rafael,1040
ES,1939,M,Ramon,953
ES,1939,M,Ricardo,312
ES,1939,M,Salvador,435
ES,1939,M,Santiago,456
ES,1939,M,Sebastian,236
ES,1939,M,Tomas,435
ES,1939,M,Vicente,977
ES,1940,F,Amparo,1239
ES,1940,F,Ana,2329
ES,1940,F,Ana Maria,2533
ES,1940,F,Angela,1177
ES,1940,F,Angeles,1449
ES,1940,F,Antonia,4146
ES,1940,F,Aurora,763
ES,1940,F,Carmen,7599
ES,1940,F,Catalina,949
ES,1940,F,Concepcion,3041
ES,1940,F,Consuelo,1122
ES,1940,F,Dolores,4323
ES,1940,F,Elena,773
ES,1940,F,Emilia,995
ES,1940,F,Encarnacion,2154
ES,1940,F,Esperanza,750
ES,1940,F,Francisca,4259
ES,1940,F,Isabel,4258
ES,1940,F,Josefa,6387
ES,1940,F,Josefina,1050
ES,1940,F,Juana,2511
ES,1940,F,Julia,1329
ES,1940,F,Luisa,960
ES,1940,F,Manuela,2605
ES,1940,F,Margarita,1420
ES,1940,F,Maria,7491
ES,1940,F,Maria Angeles,2864
ES,1940,F,Maria Antonia,933
ES,1940,F,Maria Carmen,10612
ES,1940,F,Maria Concepcion,1099
ES,1940,F,Maria Dolores,3491
ES,1940,F,Maria Isabel,2205
ES,1940,F,Maria Jesus,1648
ES,1940,F,Maria Josefa,1686
ES,1940,F,Maria Luisa,3002
ES,1940,F,Maria Mercedes,819
ES,1940,F,Maria Pilar,4079
ES,1940,F,Maria Rosa,1267
ES,1940,F,Maria Rosario,1204
ES,1940,F,Maria Teresa,3960
ES,1940,F,Mercedes,2359
ES,1940,F,Milagros,844
ES,1940,F,Montserrat,971
ES,1940,F,Pilar,2985
ES,1940,F,Purificacion,801
ES,1940,F,Rosa,2144
ES,1940,F,Rosa Maria,1316
ES,1940,F,Rosario,2356
ES,1940,F,Teresa,2202
ES,1940,F,Vicenta,789
ES,1940,M,Agustin,902
ES,1940,M,Alberto,588
ES,1940,M,Alejandro,520
ES,1940,M,Alfonso,924
ES,1940,M,Andres,1210
ES,1940,M,Angel,2936
ES,1940,M,Antonio,10476
ES,1940,M,Carlos,1406
ES,1940,M,Diego,688
ES,1940,M,Domingo,787
ES,1940,M,Eduardo,793
ES,1940,M,Emilio,1132
ES,1940,M,Enrique,1446
ES,1940,M,Felipe,571
ES,1940,M,Felix,935
ES,1940,M,Fernando,1968
ES,1940,M,Francisco,8170
ES,1940,M,Francisco Javier,846
ES,1940,M,Gregorio,605
ES,1940,M,Jaime,806
ES,1940,M,Jesus,2934
ES,1940,M,Joan,510
ES,1940,M,Joaquin,1502
ES,1940,M,Jose,11702
ES,1940,M,Jose Antonio,2482
ES,1940,M,Jose Luis,3626
ES,1940,M,Jose Manuel,1523
ES,1940,M,Jose Maria,2804
ES,1940,M,Jose Ramon,583
ES,1940,M,Josep,647
ES,1940,M,Juan,5722
ES,1940,M,Juan Antonio,1075
ES,1940,M,Juan Jose,1307
ES,1940,M,Juan Manuel,707
ES,1940,M,Julian,1051
ES,1940,M,Julio,945
ES,1940,M,Luis,2696
ES,1940,M,Manuel,9024
ES,1940,M,Mariano,788
ES,1940,M,Miguel,2795
ES,1940,M,Miguel Angel,777
ES,1940,M,Pablo,645
ES,1940,M,Pedro,3171
ES,1940,M,Rafael,2604
ES,1940,M,Ramon,1945
ES,1940,M,Ricardo,760
ES,1940,M,Salvador,1043
ES,1940,M,Santiago,1068
ES,1940,M,Tomas,923
ES,1940,M,Vicente,2010
ES,1941,F,Amparo,1239
ES,1941,F,Ana,2329
ES,1941,F,Ana Maria,2533
ES,1941,F,Angela,1177
ES,1941,F,Angeles,1449
ES,1941,F,Antonia,4146
ES,1941,F,Aurora,762
ES,1941,F,Carmen,7599
ES,1941,F,Catalina,948
ES,1941,F,Concepcion,3041
ES,1941,F,Consuelo,1122
ES,1941,F,Dolores,4323
ES,1941,F,Elena,773
ES,1941,F,Emilia,994
ES,1941,F,Encarnacion,2154
ES,1941,F,Esperanza,750
ES,1941,F,Francisca,4259
ES,1941,F,Isabel,4258
ES,1941,F,Josefa,6387
ES,1941,F,Josefina,1050
ES,1941,F,Juana,2511
ES,1941,F,Julia,1329
ES,1941,F,Luisa,960
ES,1941,F,Manuela,2605
ES,1941,F,Margarita,1420
ES,1941,F,Maria,7491
ES,1941,F,Maria Angeles,2864
ES,1941,F,Maria Antonia,933
ES,1941,F,Maria Carmen,10612
ES,1941,F,Maria Concepcion,1099
ES,1941,F,Maria Dolores,3491
ES,1941,F,Maria Isabel,2205
ES,1941,F,Maria Jesus,1648
ES,1941,F,Maria Josefa,1686
ES,1941,F,Maria Luisa,3002
ES,1941,F,Maria Mercedes,819
ES,1941,F,Maria Pilar,4079
ES,1941,F,Maria Rosa,1267
ES,1941,F,Maria Rosario,1204
ES,1941,F,Maria Teresa,3960
ES,1941,F,Mercedes,2359
ES,1941,F,Milagros,844
ES,1941,F,Montserrat,971
ES,1941,F,Pilar,2985
ES,1941,F,Purificacion,801
ES,1941,F,Rosa,2144
ES,1941,F,Rosa Maria,1315
ES,1941,F,Rosario,2356
ES,1941,F,Teresa,2202
ES,1941,F,Vicenta,789
ES,1941,M,Agustin,902
ES,1941,M,Alberto,588
ES,1941,M,Alejandro,520
ES,1941,M,Alfonso,924
ES,1941,M,Andres,1210
ES,1941,M,Angel,2936
ES,1941,M,Antonio,10476
ES,1941,M,Carlos,1406
ES,1941,M,Diego,688
ES,1941,M,Domingo,787
ES,1941,M,Eduardo,793
ES,1941,M,Emilio,1131
ES,1941,M,Enrique,1446
ES,1941,M,Felipe,571
ES,1941,M,Felix,935
ES,1941,M,Fernando,1968
ES,1941,M,Francisco,8170
ES,1941,M,Francisco Javier,846
ES,1941,M,Gregorio,605
ES,1941,M,Jaime,806
ES,1941,M,Jesus,2934
ES,1941,M,Joan,510
ES,1941,M,Joaquin,1502
ES,1941,M,Jose,11702
ES,1941,M,Jose Antonio,2482
ES,1941,M,Jose Luis,3625
ES,1941,M,Jose Manuel,1522
ES,1941,M,Jose Maria,2804
ES,1941,M,Jose Ramon,583
ES,1941,M,Josep,646
ES,1941,M,Juan,5722
ES,1941,M,Juan Antonio,1075
ES,1941,M,Juan Jose,1307
ES,1941,M,Juan Manuel,707
ES,1941,M,Julian,1051
ES,1941,M,Julio,945
ES,1941,M,Luis,2696
ES,1941,M,Manuel,9024
ES,1941,M,Mariano,788
ES,1941,M,Miguel,2795
ES,1941,M,Miguel Angel,777
ES,1941,M,Pablo,645
ES,1941,M,Pedro,3171
ES,1941,M,Rafael,2604
ES,1941,M,Ramon,1945
ES,1941,M,Ricardo,760
ES,1941,M,Salvador,1043
ES,1941,M,Santiago,1067
ES,1941,M,Tomas,923
ES,1941,M,Vicente,2010
ES,1942,F,Amparo,1238
ES,1942,F,Ana,2329
ES,1942,F,Ana Maria,2533
ES,1942,F,Angela,1177
ES,1942,F,Angeles,1449
ES,1942,F,Antonia,4146
ES,1942,F,Aurora,762
ES,1942,F,Carmen,7599
ES,1942,F,Catalina,948
ES,1942,F,Concepcion,3041
ES,1942,F,Consuelo,1122
ES,1942,F,Dolores,4323
ES,1942,F,Elena,773
ES,1942,F,Emilia,994
ES,1942,F,Encarnacion,2154
ES,1942,F,Esperanza,749
ES,1942,F,Francisca,4259
ES,1942,F,Isabel,4258
ES,1942,F,Josefa,6387
ES,1942,F,Josefina,1050
ES,1942,F,Juana,2511
ES,1942,F,Julia,1329
ES,1942,F,Luisa,960
ES,1942,F,Manuela,2605
ES,1942,F,Margarita,1420
ES,1942,F,Maria,7491
ES,1942,F,Maria Angeles,2864
ES,1942,F,Maria Antonia,933
ES,1942,F,Maria Carmen,10612
ES,1942,F,Maria Concepcion,1099
ES,1942,F,Maria Dolores,3491
ES,1942,F,Maria Isabel,2205
ES,1942,F,Maria Jesus,1648
ES,1942,F,Maria Josefa,1686
ES,1942,F,Maria Luisa,3002
ES,1942,F,Maria Mercedes,819
ES,1942,F,Maria Pilar,4079
ES,1942,F,Maria Rosa,1267
ES,1942,F,Maria Rosario,1204
ES,1942,F,Maria Teresa,3960
ES,1942,F,Mercedes,2359
ES,1942,F,Milagros,844
ES,1942,F,Montserrat,971
ES,1942,F,Pilar,2985
ES,1942,F,Purificacion,801
ES,1942,F,Rosa,2144
ES,1942,F,Rosa Maria,1315
ES,1942,F,Rosario,2355
ES,1942,F,Teresa,2202
ES,1942,F,Vicenta,788
ES,1942,M,Agustin,902
ES,1942,M,Alberto,588
ES,1942,M,Alejandro,520
ES,1942,M,Alfonso,924
ES,1942,M,Andres,1210
ES,1942,M,Angel,2936
ES,1942,M,Antonio,10476
ES,1942,M,Carlos,1405
ES,1942,M,Diego,687
ES,1942,M,Domingo,787
ES,1942,M,Eduardo,793
ES,1942,M,Emilio,1131
ES,1942,M,Enrique,1446
ES,1942,M,Felipe,570
ES,1942,M,Felix,935
ES,1942,M,Fernando,1968
ES,1942,M,Francisco,8170
ES,1942,M,Francisco Javier,846
ES,1942,M,Gregorio,605
ES,1942,M,Jaime,806
ES,1942,M,Jesus,2934
ES,1942,M,Joan,509
ES,1942,M,Joaquin,1502
ES,1942,M,Jose,11702
ES,1942,M,Jose Antonio,2482
ES,1942,M,Jose Luis,3625
ES,1942,M,Jose Manuel,1522
ES,1942,M,Jose Maria,2803
ES,1942,M,Jose Ramon,583
ES,1942,M,Josep,646
ES,1942,M,Juan,5722
ES,1942,M,Juan Antonio,1075
ES,1942,M,Juan Jose,1307
ES,1942,M,Juan Manuel,707
ES,1942,M,Julian,1050
ES,1942,M,Julio,945
ES,1942,M,Luis,2696
ES,1942,M,Manuel,9024
ES,1942,M,Mariano,788
ES,1942,M,Miguel,2795
ES,1942,M,Miguel Angel,776
ES,1942,M,Pablo,645
ES,1942,M,Pedro,3171
ES,1942,M,Rafael,2603
ES,1942,M,Ramon,1945
ES,1942,M,Ricardo,760
ES,1942,M,Salvador,1043
ES,1942,M,Santiago,1067
ES,1942,M,Tomas,923
ES,1942,M,Vicente,2010
ES,1943,F,Amparo,1238
ES,1943,F,Ana,2328
ES,1943,F,Ana Maria,2532
ES,1943,F,Angela,1177
ES,1943,F,Angeles,1449
ES,1943,F,Antonia,4146
ES,1943,F,Aurora,762
ES,1943,F,Carmen,7599
ES,1943,F,Catalina,948
ES,1943,F,Concepcion,3041
ES,1943,F,Consuelo,1122
ES,1943,F,Dolores,4323
ES,1943,F,Elena,773
ES,1943,F,Emilia,994
ES,1943,F,Encarnacion,2154
ES,1943,F,Esperanza,749
ES,1943,F,Francisca,4259
ES,1943,F,Isabel,4258
ES,1943,F,Josefa,6387
ES,1943,F,Josefina,1050
ES,1943,F,Juana,2511
ES,1943,F,Julia,1329
ES,1943,F,Luisa,959
ES,1943,F,Manuela,2605
ES,1943,F,Margarita,1420
ES,1943,F,Maria,7491
ES,1943,F,Maria Angeles,2864
ES,1943,F,Maria Antonia,933
ES,1943,F,Maria Carmen,10612
ES,1943,F,Maria Concepcion,1099
ES,1943,F,Maria Dolores,3491
ES,1943,F,Maria Isabel,2205
ES,1943,F,Maria Jesus,1647
ES,1943,F,Maria Josefa,1686
ES,1943,F,Maria Luisa,3001
ES,1943,F,Maria Mercedes,819
ES,1943,F,Maria Pilar,4079
ES,1943,F,Maria Rosa,1266
ES,1943,F,Maria Rosario,1204
ES,1943,F,Maria Teresa,3959
ES,1943,F,Mercedes,2359
ES,1943,F,Milagros,844
ES,1943,F,Montserrat,971
ES,1943,F,Pilar,2985
ES,1943,F,Purificacion,801
ES,1943,F,Rosa,2144
ES,1943,F,Rosa Maria,1315
ES,1943,F,Rosario,2355
ES,1943,F,Teresa,2202
ES,1943,F,Vicenta,788
ES,1943,M,Agustin,902
ES,1943,M,Alberto,588
ES,1943,M,Alejandro,520
ES,1943,M,Alfonso,924
ES,1943,M,Andres,1210
ES,1943,M,Angel,2936
ES,1943,M,Antonio,10476
ES,1943,M,Carlos,1405
ES,1943,M,Diego,687
ES,1943,M,Domingo,787
ES,1943,M,Eduardo,793
ES,1943,M,Emilio,1131
ES,1943,M,Enrique,1446
ES,1943,M,Felipe,570
ES,1943,M,Felix,935
ES,1943,M,Fernando,1968
ES,1943,M,Francisco,8170
ES,1943,M,Francisco Javier,845
ES,1943,M,Gregorio,605
ES,1943,M,Jaime,806
ES,1943,M,Jesus,2934
ES,1943,M,Joan,509
ES,1943,M,Joaquin,1502
ES,1943,M,Jose,11702
ES,1943,M,Jose Antonio,2482
ES,1943,M,Jose Luis,3625
ES,1943,M,Jose Manuel,1522
ES,1943,M,Jose Maria,2803
ES,1943,M,Jose Ramon,583
ES,1943,M,Josep,646
ES,1943,M,Juan,5722
ES,1943,M,Juan Antonio,1075
ES,1943,M,Juan Jose,1307
ES,1943,M,Juan Manuel,707
ES,1943,M,Julian,1050
ES,1943,M,Julio,945
ES,1943,M,Luis,2696
ES,1943,M,Manuel,9023
ES,1943,M,Mariano,788
ES,1943,M,Miguel,2795
ES,1943,M,Miguel Angel,776
ES,1943,M,Pablo,645
ES,1943,M,Pedro,3171
ES,1943,M,Rafael,2603
ES,1943,M,Ramon,1945
ES,1943,M,Ricardo,760
ES,1943,M,Salvador,1043
ES,1943,M,Santiago,1067
ES,1943,M,Tomas,923
ES,1943,M,Vicente,2010
ES,1944,F,Amparo,1238
ES,1944,F,Ana,2328
ES,1944,F,Ana Maria,2532
ES,1944,F,Angela,1177
ES,1944,F,Angeles,1449
ES,1944,F,Antonia,4145
ES,1944,F,Aurora,762
ES,1944,F,Carmen,7599
ES,1944,F,Catalina,948
ES,1944,F,Concepcion,3041
ES,1944,F,Consuelo,1122
ES,1944,F,Dolores,4323
ES,1944,F,Elena,773
ES,1944,F,Emilia,994
ES,1944,F,Encarnacion,2154
ES,1944,F,Esperanza,749
ES,1944,F,Francisca,4259
ES,1944,F,Isabel,4258
ES,1944,F,Josefa,6387
ES,1944,F,Josefina,1050
ES,1944,F,Juana,2511
ES,1944,F,Julia,1329
ES,1944,F,Luisa,959
ES,1944,F,Manuela,2605
ES,1944,F,Margarita,1420
ES,1944,F,Maria,7490
ES,1944,F,Maria Angeles,2863
ES,1944,F,Maria Antonia,933
ES,1944,F,Maria Carmen,10611
ES,1944,F,Maria Concepcion,1099
ES,1944,F,Maria Dolores,3491
ES,1944,F,Maria Isabel,2205
ES,1944,F,Maria Jesus,1647
ES,1944,F,Maria Josefa,1686
ES,1944,F,Maria Luisa,3001
ES,1944,F,Maria Mercedes,818
ES,1944,F,Maria Pilar,4079
ES,1944,F,Maria Rosa,1266
ES,1944,F,Maria Rosario,1203
ES,1944,F,Maria Teresa,3959
ES,1944,F,Mercedes,2359
ES,1944,F,Milagros,844
ES,1944,F,Montserrat,971
ES,1944,F,Pilar,2985
ES,1944,F,Purificacion,801
ES,1944,F,Rosa,2144
ES,1944,F,Rosa Maria,1315
ES,1944,F,Rosario,2355
ES,1944,F,Teresa,2202
ES,1944,F,Vicenta,788
ES,1944,M,Agustin,902
ES,1944,M,Alberto,588
ES,1944,M,Alejandro,520
ES,1944,M,Alfonso,924
ES,1944,M,Andres,1210
ES,1944,M,Angel,2936
ES,1944,M,Antonio,10475
ES,1944,M,Carlos,1405
ES,1944,M,Diego,687
ES,1944,M,Domingo,787
ES,1944,M,Eduardo,792
ES,1944,M,Emilio,1131
ES,1944,M,Enrique,1446
ES,1944,M,Felipe,570
ES,1944,M,Felix,935
ES,1944,M,Fernando,1968
ES,1944,M,Francisco,8170
ES,1944,M,Francisco Javier,845
ES,1944,M,Gregorio,605
ES,1944,M,Jaime,806
ES,1944,M,Jesus,2934
ES,1944,M,Joan,509
ES,1944,M,Joaquin,1502
ES,1944,M,Jose,11702
ES,1944,M,Jose Antonio,2482
ES,1944,M,Jose Luis,3625
ES,1944,M,Jose Manuel,1522
ES,1944,M,Jose Maria,2803
ES,1944,M,Jose Ramon,583
ES,1944,M,Josep,646
ES,1944,M,Juan,5722
ES,1944,M,Juan Antonio,1074
ES,1944,M,Juan Jose,1307
ES,1944,M,Juan Manuel,707
ES,1944,M,Julian,1050
ES,1944,M,Julio,945
ES,1944,M,Luis,2695
ES,1944,M,Manuel,9023
ES,1944,M,Mariano,788
ES,1944,M,Miguel,2795
ES,1944,M,Miguel Angel,776
ES,1944,M,Pablo,645
ES,1944,M,Pedro,3171
ES,1944,M,Rafael,2603
ES,1944,M,Ramon,1945
ES,1944,M,Ricardo,760
ES,1944,M,Salvador,1043
ES,1944,M,Santiago,1067
ES,1944,M,Tomas,923
ES,1944,M,Vicente,2010
ES,1945,F,Amparo,1238
ES,1945,F,Ana,2328
ES,1945,F,Ana Maria,2532
ES,1945,F,Angela,1177
ES,1945,F,Angeles,1449
ES,1945,F,Antonia,4145
ES,1945,F,Aurora,762
ES,1945,F,Carmen,7599
ES,1945,F,Catalina,948
ES,1945,F,Concepcion,3041
ES,1945,F,Consuelo,1121
ES,1945,F,Dolores,4323
ES,1945,F,Elena,773
ES,1945,F,Emilia,994
ES,1945,F,Encarnacion,2154
ES,1945,F,Esperanza,749
ES,1945,F,Francisca,4259
ES,1945,F,Isabel,4258
ES,1945,F,Josefa,6387
ES,1945,F,Josefina,1050
ES,1945,F,Juana,2511
ES,1945,F,Julia,1329
ES,1945,F,Luisa,959
ES,1945,F,Manuela,2605
ES,1945,F,Margarita,1420
ES,1945,F,Maria,7490
ES,1945,F,Maria Angeles,2863
ES,1945,F,Maria Antonia,932
ES,1945,F,Maria Carmen,10611
ES,1945,F,Maria Concepcion,1099
ES,1945,F,Maria Dolores,3491
ES,1945,F,Maria Isabel,2205
ES,1945,F,Maria Jesus,1647
ES,1945,F,Maria Josefa,1686
ES,1945,F,Maria Luisa,3001
ES,1945,F,Maria Mercedes,818
ES,1945,F,Maria Pilar,4079
ES,1945,F,Maria Rosa,1266
ES,1945,F,Maria Rosario,1203
ES,1945,F,Maria Teresa,3959
ES,1945,F,Mercedes,2359
ES,1945,F,Milagros,844
ES,1945,F,Montserrat,970
ES,1945,F,Pilar,2985
ES,1945,F,Purificacion,800
ES,1945,F,Rosa,2144
ES,1945,F,Rosa Maria,1315
ES,1945,F,Rosario,2355
ES,1945,F,Teresa,2202
ES,1945,F,Vicenta,788
ES,1945,M,Agustin,902
ES,1945,M,Alberto,588
ES,1945,M,Alejandro,519
ES,1945,M,Alfonso,924
ES,1945,M,Andres,1210
ES,1945,M,Angel,2936
ES,1945,M,Antonio,10475
ES,1945,M,Carlos,1405
ES,1945,M,Diego,687
ES,1945,M,Domingo,787
ES,1945,M,Eduardo,792
ES,1945,M,Emilio,1131
ES,1945,M,Enrique,1446
ES,1945,M,Felipe,570
ES,1945,M,Felix,935
ES,1945,M,Fernando,1967
ES,1945,M,Francisco,8170
ES,1945,M,Francisco Javier,845
ES,1945,M,Gregorio,605
ES,1945,M,Jaime,806
ES,1945,M,Jesus,2934
ES,1945,M,Joan,509
ES,1945,M,Joaquin,1502
ES,1945,M,Jose,11702
ES,1945,M,Jose Antonio,2482
ES,1945,M,Jose Luis,3625
ES,1945,M,Jose Manuel,1522
ES,1945,M,Jose Maria,2803
ES,1945,M,Jose Ramon,582
ES,1945,M,Josep,646
ES,1945,M,Juan,5722
ES,1945,M,Juan Antonio,1074
ES,1945,M,Juan Jose,1307
ES,1945,M,Juan Manuel,706
ES,1945,M,Julian,1050
ES,1945,M,Julio,945
ES,1945,M,Luis,2695
ES,1945,M,Manuel,9023
ES,1945,M,Mariano,787
ES,1945,M,Miguel,2795
ES,1945,M,Miguel Angel,776
ES,1945,M,Pablo,645
ES,1945,M,Pedro,3171
ES,1945,M,Rafael,2603
ES,1945,M,Ramon,1944
ES,1945,M,Ricardo,759
ES,1945,M,Salvador,1043
ES,1945,M,Santiago,1067
ES,1945,M,Tomas,923
ES,1945,M,Vicente,2010
ES,1946,F,Amparo,1238
ES,1946,F,Ana,2328
ES,1946,F,Ana Maria,2532
ES,1946,F,Angela,1177
ES,1946,F,Angeles,1449
ES,1946,F,Antonia,4145
ES,1946,F,Aurora,762
ES,1946,F,Carmen,7599
ES,1946,F,Catalina,948
ES,1946,F,Concepcion,3040
ES,1946,F,Consuelo,1121
ES,1946,F,Dolores,4323
ES,1946,F,Elena,772
ES,1946,F,Emilia,994
ES,1946,F,Encarnacion,2154
ES,1946,F,Esperanza,749
ES,1946,F,Francisca,4258
ES,1946,F,Isabel,4258
ES,1946,F,Josefa,6387
ES,1946,F,Josefina,1050
ES,1946,F,Juana,2511
ES,1946,F,Julia,1329
ES,1946,F,Luisa,959
ES,1946,F,Manuela,2605
ES,1946,F,Margarita,1420
ES,1946,F,Maria,7490
ES,1946,F,Maria Angeles,2863
ES,1946,F,Maria Antonia,932
ES,1946,F,Maria Carmen,10611
ES,1946,F,Maria Concepcion,1099
ES,1946,F,Maria Dolores,3491
ES,1946,F,Maria Isabel,2204
ES,1946,F,Maria Jesus,1647
ES,1946,F,Maria Josefa,1686
ES,1946,F,Maria Luisa,3001
ES,1946,F,Maria Mercedes,818
ES,1946,F,Maria Pilar,4079
ES,1946,F,Maria Rosa,1266
ES,1946,F,Maria Rosario,1203
ES,1946,F,Maria Teresa,3959
ES,1946,F,Mercedes,2359
ES,1946,F,Milagros,844
ES,1946,F,Montserrat,970
ES,1946,F,Pilar,2985
ES,1946,F,Purificacion,800
ES,1946,F,Rosa,2144
ES,1946,F,Rosa Maria,1315
ES,1946,F,Rosario,2355
ES,1946,F,Teresa,2202
ES,1946,F,Vicenta,788
ES,1946,M,Agustin,902
ES,1946,M,Alberto,588
ES,1946,M,Alejandro,519
ES,1946,M,Alfonso,923
ES,1946,M,Andres,1210
ES,1946,M,Angel,2936
ES,1946,M,Antonio,10475
ES,1946,M,Carlos,1405
ES,1946,M,Diego,687
ES,1946,M,Domingo,787
ES,1946,M,Eduardo,792
ES,1946,M,Emilio,1131
ES,1946,M,Enrique,1445
ES,1946,M,Felipe,570
ES,1946,M,Felix,935
ES,1946,M,Fernando,1967
ES,1946,M,Francisco,8170
ES,1946,M,Francisco Javier,845
ES,1946,M,Gregorio,605
ES,1946,M,Jaime,806
ES,1946,M,Jesus,2934
ES,1946,M,Joan,509
ES,1946,M,Joaquin,1502
ES,1946,M,Jose,11701
ES,1946,M,Jose Antonio,2482
ES,1946,M,Jose Luis,3625
ES,1946,M,Jose Manuel,1522
ES,1946,M,Jose Maria,2803
ES,1946,M,Jose Ramon,582
ES,1946,M,Josep,646
ES,1946,M,Juan,5722
ES,1946,M,Juan Antonio,1074
ES,1946,M,Juan Jose,1306
ES,1946,M,Juan Manuel,706
ES,1946,M,Julian,1050
ES,1946,M,Julio,945
ES,1946,M,Luis,2695
ES,1946,M,Manuel,9023
ES,1946,M,Mariano,787
ES,1946,M,Miguel,2795
ES,1946,M,Miguel Angel,776
ES,1946,M,Pablo,644
ES,1946,M,Pedro,3171
ES,1946,M,Rafael,2603
ES,1946,M,Ramon,1944
ES,1946,M,Ricardo,759
ES,1946,M,Salvador,1043
ES,1946,M,Santiago,1067
ES,1946,M,Tomas,922
ES,1946,M,Vicente,2010
ES,1947,F,Amparo,1238
ES,1947,F,Ana,2328
ES,1947,F,Ana Maria,2532
ES,1947,F,Angela,1177
ES,1947,F,Angeles,1449
ES,1947,F,Antonia,4145
ES,1947,F,Aurora,762
ES,1947,F,Carmen,7599
ES,1947,F,Catalina,948
ES,1947,F,Concepcion,3040
ES,1947,F,Consuelo,1121
ES,1947,F,Dolores,4323
ES,1947,F,Elena,772
ES,1947,F,Emilia,994
ES,1947,F,Encarnacion,2153
ES,1947,F,Esperanza,749
ES,1947,F,Francisca,4258
ES,1947,F,Isabel,4258
ES,1947,F,Josefa,6387
ES,1947,F,Josefina,1049
ES,1947,F,Juana,2511
ES,1947,F,Julia,1329
ES,1947,F,Luisa,959
ES,1947,F,Manuela,2604
ES,1947,F,Margarita,1419
ES,1947,F,Maria,7490
ES,1947,F,Maria Angeles,2863
ES,1947,F,Maria Antonia,932
ES,1947,F,Maria Carmen,10611
ES,1947,F,Maria Concepcion,1099
ES,1947,F,Maria Dolores,3490
ES,1947,F,Maria Isabel,2204
ES,1947,F,Maria Jesus,1647
ES,1947,F,Maria Josefa,1686
ES,1947,F,Maria Luisa,3001
ES,1947,F,Maria Mercedes,818
ES,1947,F,Maria Pilar,4079
ES,1947,F,Maria Rosa,1266
ES,1947,F,Maria Rosario,1203
ES,1947,F,Maria Teresa,3959
ES,1947,F,Mercedes,2359
ES,1947,F,Milagros,844
ES,1947,F,Montserrat,970
ES,1947,F,Pilar,2985
ES,1947,F,Purificacion,800
ES,1947,F,Rosa,2143
ES,1947,F,Rosa Maria,1315
ES,1947,F,Rosario,2355
ES,1947,F,Teresa,2201
ES,1947,F,Vicenta,788
ES,1947,M,Agustin,901
ES,1947,M,Alberto,588
ES,1947,M,Alejandro,519
ES,1947,M,Alfonso,923
ES,1947,M,Andres,1210
ES,1947,M,Angel,2936
ES,1947,M,Antonio,10475
ES,1947,M,Carlos,1405
ES,1947,M,Diego,687
ES,1947,M,Domingo,787
ES,1947,M,Eduardo,792
ES,1947,M,Emilio,1131
ES,1947,M,Enrique,1445
ES,1947,M,Felipe,570
ES,1947,M,Felix,934
ES,1947,M,Fernando,1967
ES,1947,M,Francisco,8170
ES,1947,M,Francisco Javier,845
ES,1947,M,Gregorio,605
ES,1947,M,Jaime,806
ES,1947,M,Jesus,2934
ES,1947,M,Joan,509
ES,1947,M,Joaquin,1502
ES,1947,M,Jose,11701
ES,1947,M,Jose Antonio,2481
ES,1947,M,Jose Luis,3625
ES,1947,M,Jose Manuel,1522
ES,1947,M,Jose Maria,2803
ES,1947,M,Jose Ramon,582
ES,1947,M,Josep,646
ES,1947,M,Juan,5722
ES,1947,M,Juan Antonio,1074
ES,1947,M,Juan Jose,1306
ES,1947,M,Juan Manuel,706
ES,1947,M,Julian,1050
ES,1947,M,Julio,944
ES,1947,M,Luis,2695
ES,1947,M,Manuel,9023
ES,1947,M,Mariano,787
ES,1947,M,Miguel,2795
ES,1947,M,Miguel Angel,776
ES,1947,M,Pablo,644
ES,1947,M,Pedro,3170
ES,1947,M,Rafael,2603
ES,1947,M,Ramon,1944
ES,1947,M,Ricardo,759
ES,1947,M,Salvador,1042
ES,1947,M,Santiago,1067
ES,1947,M,Tomas,922
ES,1947,M,Vicente,2010
ES,1948,F,Amparo,1238
ES,1948,F,Ana,2328
ES,1948,F,Ana Maria,2532
ES,1948,F,Angela,1176
ES,1948,F,Angeles,1449
ES,1948,F,Antonia,4145
ES,1948,F,Aurora,762
ES,1948,F,Carmen,7598
ES,1948,F,Catalina,948
ES,1948,F,Concepcion,3040
ES,1948,F,Consuelo,1121
ES,1948,F,Dolores,4323
ES,1948,F,Elena,772
ES,1948,F,Emilia,994
ES,1948,F,Encarnacion,2153
ES,1948,F,Esperanza,749
ES,1948,F,Francisca,4258
ES,1948,F,Isabel,4258
ES,1948,F,Josefa,6387
ES,1948,F,Josefina,1049
ES,1948,F,Juana,2511
ES,1948,F,Julia,1328
ES,1948,F,Luisa,959
ES,1948,F,Manuela,2604
ES,1948,F,Margarita,1419
ES,1948,F,Maria,7490
ES,1948,F,Maria Angeles,2863
ES,1948,F,Maria Antonia,932
ES,1948,F,Maria Carmen,10611
ES,1948,F,Maria Concepcion,1099
ES,1948,F,Maria Dolores,3490
ES,1948,F,Maria Isabel,2204
ES,1948,F,Maria Jesus,1647
ES,1948,F,Maria Josefa,1685
ES,1948,F,Maria Luisa,3001
ES,1948,F,Maria Mercedes,818
ES,1948,F,Maria Pilar,4078
ES,1948,F,Maria Rosa,1266
ES,1948,F,Maria Rosario,1203
ES,1948,F,Maria Teresa,3959
ES,1948,F,Mercedes,2358
ES,1948,F,Milagros,844
ES,1948,F,Montserrat,970
ES,1948,F,Pilar,2984
ES,1948,F,Purificacion,800
ES,1948,F,Rosa,2143
ES,1948,F,Rosa Maria,1315
ES,1948,F,Rosario,2355
ES,1948,F,Teresa,2201
ES,1948,F,Vicenta,788
ES,1948,M,Agustin,901
ES,1948,M,Alberto,588
ES,1948,M,Alejandro,519
ES,1948,M,Alfonso,923
ES,1948,M,Andres,1210
ES,1948,M,Angel,2936
ES,1948,M,Antonio,10475
ES,1948,M,Carlos,1405
ES,1948,M,Diego,687
ES,1948,M,Domingo,787
ES,1948,M,Eduardo,792
ES,1948,M,Emilio,1131
ES,1948,M,Enrique,1445
ES,1948,M,Felipe,570
ES,1948,M,Felix,934
ES,1948,M,Fernando,1967
ES,1948,M,Francisco,8169
ES,1948,M,Francisco Javier,845
ES,1948,M,Gregorio,604
ES,1948,M,Jaime,805
ES,1948,M,Jesus,2934
ES,1948,M,Joan,509
ES,1948,M,Joaquin,1502
ES,1948,M,Jose,11701
ES,1948,M,Jose Antonio,2481
ES,1948,M,Jose Luis,3625
ES,1948,M,Jose Manuel,1522
ES,1948,M,Jose Maria,2803
ES,1948,M,Jose Ramon,582
ES,1948,M,Josep,646
ES,1948,M,Juan,5722
ES,1948,M,Juan Antonio,1074
ES,1948,M,Juan Jose,1306
ES,1948,M,Juan Manuel,706
ES,1948,M,Julian,1050
ES,1948,M,Julio,944
ES,1948,M,Luis,2695
ES,1948,M,Manuel,9023
ES,1948,M,Mariano,787
ES,1948,M,Miguel,2795
ES,1948,M,Miguel Angel,776
ES,1948,M,Pablo,644
ES,1948,M,Pedro,3170
ES,1948,M,Rafael,2603
ES,1948,M,Ramon,1944
ES,1948,M,Ricardo,759
ES,1948,M,Salvador,1042
ES,1948,M,Santiago,1067
ES,1948,M,Tomas,922
ES,1948,M,Vicente,2010
ES,1949,F,Amparo,1238
ES,1949,F,Ana,2328
ES,1949,F,Ana Maria,2532
ES,1949,F,Angela,1176
ES,1949,F,Angeles,1448
ES,1949,F,Antonia,4145
ES,1949,F,Aurora,762
ES,1949,F,Carmen,7598
ES,1949,F,Catalina,948
ES,1949,F,Concepcion,3040
ES,1949,F,Consuelo,1121
ES,1949,F,Dolores,4323
ES,1949,F,Elena,772
ES,1949,F,Emilia,994
ES,1949,F,Encarnacion,2153
ES,1949,F,Esperanza,749
ES,1949,F,Francisca,4258
ES,1949,F,Isabel,4258
ES,1949,F,Josefa,6387
ES,1949,F,Josefina,1049
ES,1949,F,Juana,2510
ES,1949,F,Julia,1328
ES,1949,F,Luisa,959
ES,1949,F,Manuela,2604
ES,1949,F,Margarita,1419
ES,1949,F,Maria,7490
ES,1949,F,Maria Angeles,2863
ES,1949,F,Maria Antonia,932
ES,1949,F,Maria Carmen,10611
ES,1949,F,Maria Concepcion,1099
ES,1949,F,Maria Dolores,3490
ES,1949,F,Maria Isabel,2204
ES,1949,F,Maria Jesus,1647
ES,1949,F,Maria Josefa,1685
ES,1949,F,Maria Luisa,3001
ES,1949,F,Maria Mercedes,818
ES,1949,F,Maria Pilar,4078
ES,1949,F,Maria Rosa,1266
ES,1949,F,Maria Rosario,1203
ES,1949,F,Maria Teresa,3959
ES,1949,F,Mercedes,2358
ES,1949,F,Milagros,844
ES,1949,F,Montserrat,970
ES,1949,F,Pilar,2984
ES,1949,F,Purificacion,800
ES,1949,F,Rosa,2143
ES,1949,F,Rosa Maria,1315
ES,1949,F,Rosario,2355
ES,1949,F,Teresa,2201
ES,1949,F,Vicenta,788
ES,1949,M,Agustin,901
ES,1949,M,Alberto,588
ES,1949,M,Alejandro,519
ES,1949,M,Alfonso,923
ES,1949,M,Andres,1209
ES,1949,M,Angel,2935
ES,1949,M,Antonio,10475
ES,1949,M,Carlos,1405
ES,1949,M,Diego,687
ES,1949,M,Domingo,786
ES,1949,M,Eduardo,792
ES,1949,M,Emilio,1131
ES,1949,M,Enrique,1445
ES,1949,M,Felipe,570
ES,1949,M,Felix,934
ES,1949,M,Fernando,1967
ES,1949,M,Francisco,8169
ES,1949,M,Francisco Javier,845
ES,1949,M,Gregorio,604
ES,1949,M,Jaime,805
ES,1949,M,Jesus,2933
ES,1949,M,Joan,509
ES,1949,M,Joaquin,1501
ES,1949,M,Jose,11701
ES,1949,M,Jose Antonio,2481
ES,1949,M,Jose Luis,3625
ES,1949,M,Jose Manuel,1522
ES,1949,M,Jose Maria,2803
ES,1949,M,Jose Ramon,582
ES,1949,M,Josep,646
ES,1949,M,Juan,5721
ES,1949,M,Juan Antonio,1074
ES,1949,M,Juan Jose,1306
ES,1949,M,Juan Manuel,706
ES,1949,M,Julian,1050
ES,1949,M,Julio,944
ES,1949,M,Luis,2695
ES,1949,M,Manuel,9023
ES,1949,M,Mariano,787
ES,1949,M,Miguel,2795
ES,1949,M,Miguel Angel,776
ES,1949,M,Pablo,644
ES,1949,M,Pedro,3170
ES,1949,M,Rafael,2603
ES,1949,M,Ramon,1944
ES,1949,M,Ricardo,759
ES,1949,M,Salvador,1042
ES,1949,M,Santiago,1067
ES,1949,M,Tomas,922
ES,1949,M,Vicente,2009
ES,1950,F,Amparo,1227
ES,1950,F,Ana,2590
ES,1950,F,Ana Maria,4473
ES,1950,F,Angela,1110
ES,1950,F,Angeles,1421
ES,1950,F,Antonia,4482
ES,1950,F,Carmen,6411
ES,1950,F,Catalina,996
ES,1950,F,Concepcion,3363
ES,1950,F,Consuelo,1120
ES,1950,F,Dolores,4026
ES,1950,F,Elena,1071
ES,1950,F,Emilia,997
ES,1950,F,Encarnacion,2541
ES,1950,F,Francisca,4671
ES,1950,F,Isabel,5047
ES,1950,F,Josefa,6316
ES,1950,F,Josefina,1005
ES,1950,F,Juana,2637
ES,1950,F,Julia,1350
ES,1950,F,Manuela,3025
ES,1950,F,Margarita,1886
ES,1950,F,Maria,5832
ES,1950,F,Maria Angeles,4984
ES,1950,F,Maria Antonia,1456
ES,1950,F,Maria Asuncion,977
ES,1950,F,Maria Carmen,15462
ES,1950,F,Maria Concepcion,1652
ES,1950,F,Maria Dolores,6004
ES,1950,F,Maria Isabel,4425
ES,1950,F,Maria Jesus,3116
ES,1950,F,Maria Jose,2096
ES,1950,F,Maria Josefa,2348
ES,1950,F,Maria Luisa,3730
ES,1950,F,Maria Mercedes,1627
ES,1950,F,Maria Nieves,1093
ES,1950,F,Maria Pilar,5717
ES,1950,F,Maria Rosa,1588
ES,1950,F,Maria Rosario,2046
ES,1950,F,Maria Soledad,1012
ES,1950,F,Maria Teresa,5472
ES,1950,F,Maria Victoria,1268
ES,1950,F,Mercedes,2791
ES,1950,F,Milagros,980
ES,1950,F,Montserrat,1826
ES,1950,F,Pilar,2737
ES,1950,F,Rosa,1999
ES,1950,F,Rosa Maria,3070
ES,1950,F,Rosario,2633
ES,1950,F,Teresa,2107
ES,1950,M,Agustin,1200
ES,1950,M,Alberto,980
ES,1950,M,Alfonso,1340
ES,1950,M,Andres,1632
ES,1950,M,Angel,3648
ES,1950,M,Antonio,12983
ES,1950,M,Carlos,2434
ES,1950,M,Diego,1014
ES,1950,M,Domingo,956
ES,1950,M,Eduardo,1196
ES,1950,M,Emilio,1425
ES,1950,M,Enrique,1924
ES,1950,M,Felix,1070
ES,1950,M,Fernando,3065
ES,1950,M,Francisco,10278
ES,1950,M,Francisco Javier,3005
ES,1950,M,Jaime,976
ES,1950,M,Javier,1132
ES,1950,M,Jesus,4169
ES,1950,M,Joaquin,1975
ES,1950,M,Jorge,975
ES,1950,M,Jose,12251
ES,1950,M,Jose Antonio,5123
ES,1950,M,Jose Luis,5999
ES,1950,M,Jose Manuel,3704
ES,1950,M,Jose Maria,4036
ES,1950,M,Jose Miguel,876
ES,1950,M,Jose Ramon,1165
ES,1950,M,Josep,850
ES,1950,M,Juan,6339
ES,1950,M,Juan Antonio,2148
ES,1950,M,Juan Carlos,1370
ES,1950,M,Juan Jose,2502
ES,1950,M,Juan Manuel,1550
ES,1950,M,Julian,1282
ES,1950,M,Julio,1210
ES,1950,M,Luis,3036
ES,1950,M,Manuel,11126
ES,1950,M,Mariano,937
ES,1950,M,Miguel,3391
ES,1950,M,Miguel Angel,2491
ES,1950,M,Pablo,840
ES,1950,M,Pedro,3992
ES,1950,M,Rafael,3798
ES,1950,M,Ramon,2390
ES,1950,M,Ricardo,1091
ES,1950,M,Salvador,1409
ES,1950,M,Santiago,1571
ES,1950,M,Tomas,1160
ES,1950,M,Vicente,2342
ES,1951,F,Amparo,1227
ES,1951,F,Ana,2589
ES,1951,F,Ana Maria,4473
ES,1951,F,Angela,1110
ES,1951,F,Angeles,1420
ES,1951,F,Antonia,4482
ES,1951,F,Carmen,6411
ES,1951,F,Catalina,996
ES,1951,F,Concepcion,3363
ES,1951,F,Consuelo,1120
ES,1951,F,Dolores,4025
ES,1951,F,Elena,1071
ES,1951,F,Emilia,997
ES,1951,F,Encarnacion,2541
ES,1951,F,Francisca,4670
ES,1951,F,Isabel,5047
ES,1951,F,Josefa,6315
ES,1951,F,Josefina,1005
ES,1951,F,Juana,2637
ES,1951,F,Julia,1350
ES,1951,F,Manuela,3024
ES,1951,F,Margarita,1886
ES,1951,F,Maria,5832
ES,1951,F,Maria Angeles,4984
ES,1951,F,Maria Antonia,1456
ES,1951,F,Maria Asuncion,977
ES,1951,F,Maria Carmen,15462
ES,1951,F,Maria Concepcion,1652
ES,1951,F,Maria Dolores,6004
ES,1951,F,Maria Isabel,4425
ES,1951,F,Maria Jesus,3116
ES,1951,F,Maria Jose,2096
ES,1951,F,Maria Josefa,2348
ES,1951,F,Maria Luisa,3729
ES,1951,F,Maria Mercedes,1627
ES,1951,F,Maria Nieves,1093
ES,1951,F,Maria Pilar,5716
ES,1951,F,Maria Rosa,1588
ES,1951,F,Maria Rosario,2046
ES,1951,F,Maria Soledad,1012
ES,1951,F,Maria Teresa,5472
ES,1951,F,Maria Victoria,1268
ES,1951,F,Mercedes,2791
ES,1951,F,Milagros,980
ES,1951,F,Montserrat,1826
ES,1951,F,Pilar,2737
ES,1951,F,Rosa,1999
ES,1951,F,Rosa Maria,3070
ES,1951,F,Rosario,2633
ES,1951,F,Teresa,2107
ES,1951,M,Agustin,1200
ES,1951,M,Alberto,980
ES,1951,M,Alfonso,1340
ES,1951,M,Andres,1632
ES,1951,M,Angel,3648
ES,1951,M,Antonio,12983
ES,1951,M,Carlos,2434
ES,1951,M,Diego,1014
ES,1951,M,Domingo,956
ES,1951,M,Eduardo,1196
ES,1951,M,Emilio,1425
ES,1951,M,Enrique,1924
ES,1951,M,Felix,1070
ES,1951,M,Fernando,3065
ES,1951,M,Francisco,10278
ES,1951,M,Francisco Javier,3005
ES,1951,M,Jaime,976
ES,1951,M,Javier,1132
ES,1951,M,Jesus,4169
ES,1951,M,Joaquin,1975
ES,1951,M,Jorge,974
ES,1951,M,Jose,12251
ES,1951,M,Jose Antonio,5123
ES,1951,M,Jose Luis,5999
ES,1951,M,Jose Manuel,3703
ES,1951,M,Jose Maria,4035
ES,1951,M,Jose Miguel,876
ES,1951,M,Jose Ramon,1165
ES,1951,M,Josep,850
ES,1951,M,Juan,6339
ES,1951,M,Juan Antonio,2148
ES,1951,M,Juan Carlos,1370
ES,1951,M,Juan Jose,2502
ES,1951,M,Juan Manuel,1550
ES,1951,M,Julian,1282
ES,1951,M,Julio,1210
ES,1951,M,Luis,3036
ES,1951,M,Manuel,11125
ES,1951,M,Mariano,937
ES,1951,M,Miguel,3391
ES,1951,M,Miguel Angel,2491
ES,1951,M,Pablo,839
ES,1951,M,Pedro,3992
ES,1951,M,Rafael,3798
ES,1951,M,Ramon,2389
ES,1951,M,Ricardo,1091
ES,1951,M,Salvador,1409
ES,1951,M,Santiago,1570
ES,1951,M,Tomas,1160
ES,1951,M,Vicente,2342
ES,1952,F,Amparo,1227
ES,1952,F,Ana,2589
ES,1952,F,Ana Maria,4473
ES,1952,F,Angela,1110
ES,1952,F,Angeles,1420
ES,1952,F,Antonia,4482
ES,1952,F,Carmen,6411
ES,1952,F,Catalina,996
ES,1952,F,Concepcion,3363
ES,1952,F,Consuelo,1119
ES,1952,F,Dolores,4025
ES,1952,F,Elena,1071
ES,1952,F,Emilia,997
ES,1952,F,Encarnacion,2541
ES,1952,F,Francisca,4670
ES,1952,F,Isabel,5047
ES,1952,F,Josefa,6315
ES,1952,F,Josefina,1005
ES,1952,F,Juana,2637
ES,1952,F,Julia,1350
ES,1952,F,Manuela,3024
ES,1952,F,Margarita,1886
ES,1952,F,Maria,5832
ES,1952,F,Maria Angeles,4983
ES,1952,F,Maria Antonia,1456
ES,1952,F,Maria Asuncion,977
ES,1952,F,Maria Carmen,15462
ES,1952,F,Maria Concepcion,1652
ES,1952,F,Maria Dolores,6004
ES,1952,F,Maria Isabel,4425
ES,1952,F,Maria Jesus,3116
ES,1952,F,Maria Jose,2096
ES,1952,F,Maria Josefa,2348
ES,1952,F,Maria Luisa,3729
ES,1952,F,Maria Mercedes,1627
ES,1952,F,Maria Nieves,1093
ES,1952,F,Maria Pilar,5716
ES,1952,F,Maria Rosa,1588
ES,1952,F,Maria Rosario,2046
ES,1952,F,Maria Soledad,1012
ES,1952,F,Maria Teresa,5472
ES,1952,F,Maria Victoria,1268
ES,1952,F,Mercedes,2790
ES,1952,F,Milagros,980
ES,1952,F,Montserrat,1826
ES,1952,F,Pilar,2737
ES,1952,F,Rosa,1999
ES,1952,F,Rosa Maria,3070
ES,1952,F,Rosario,2633
ES,1952,F,Teresa,2107
ES,1952,M,Agustin,1200
ES,1952,M,Alberto,980
ES,1952,M,Alfonso,1339
ES,1952,M,Andres,1632
ES,1952,M,Angel,3648
ES,1952,M,Antonio,12983
ES,1952,M,Carlos,2434
ES,1952,M,Diego,1014
ES,1952,M,Domingo,956
ES,1952,M,Eduardo,1196
ES,1952,M,Emilio,1425
ES,1952,M,Enrique,1924
ES,1952,M,Felix,1070
ES,1952,M,Fernando,3065
ES,1952,M,Francisco,10278
ES,1952,M,Francisco Javier,3005
ES,1952,M,Jaime,976
ES,1952,M,Javier,1132
ES,1952,M,Jesus,4169
ES,1952,M,Joaquin,1975
ES,1952,M,Jorge,974
ES,1952,M,Jose,12250
ES,1952,M,Jose Antonio,5123
ES,1952,M,Jose Luis,5999
ES,1952,M,Jose Manuel,3703
ES,1952,M,Jose Maria,4035
ES,1952,M,Jose Miguel,876
ES,1952,M,Jose Ramon,1165
ES,1952,M,Josep,850
ES,1952,M,Juan,6339
ES,1952,M,Juan Antonio,2148
ES,1952,M,Juan Carlos,1370
ES,1952,M,Juan Jose,2502
ES,1952,M,Juan Manuel,1549
ES,1952,M,Julian,1282
ES,1952,M,Julio,1210
ES,1952,M,Luis,3036
ES,1952,M,Manuel,11125
ES,1952,M,Mariano,937
ES,1952,M,Miguel,3391
ES,1952,M,Miguel Angel,2491
ES,1952,M,Pablo,839
ES,1952,M,Pedro,3992
ES,1952,M,Rafael,3798
ES,1952,M,Ramon,2389
ES,1952,M,Ricardo,1091
ES,1952,M,Salvador,1409
ES,1952,M,Santiago,1570
ES,1952,M,Tomas,1160
ES,1952,M,Vicente,2342
ES,1953,F,Amparo,1227
ES,1953,F,Ana,2589
ES,1953,F,Ana Maria,4473
ES,1953,F,Angela,1110
ES,1953,F,Angeles,1420
ES,1953,F,Antonia,4482
ES,1953,F,Carmen,6411
ES,1953,F,Catalina,996
ES,1953,F,Concepcion,3363
ES,1953,F,Consuelo,1119
ES,1953,F,Dolores,4025
ES,1953,F,Elena,1071
ES,1953,F,Emilia,996
ES,1953,F,Encarnacion,2541
ES,1953,F,Francisca,4670
ES,1953,F,Isabel,5047
ES,1953,F,Josefa,6315
ES,1953,F,Josefina,1005
ES,1953,F,Juana,2637
ES,1953,F,Julia,1350
ES,1953,F,Manuela,3024
ES,1953,F,Margarita,1886
ES,1953,F,Maria,5832
ES,1953,F,Maria Angeles,4983
ES,1953,F,Maria Antonia,1456
ES,1953,F,Maria Asuncion,977
ES,1953,F,Maria Carmen,15462
ES,1953,F,Maria Concepcion,1652
ES,1953,F,Maria Dolores,6004
ES,1953,F,Maria Isabel,4425
ES,1953,F,Maria Jesus,3116
ES,1953,F,Maria Jose,2096
ES,1953,F,Maria Josefa,2348
ES,1953,F,Maria Luisa,3729
ES,1953,F,Maria Mercedes,1627
ES,1953,F,Maria Nieves,1093
ES,1953,F,Maria Pilar,5716
ES,1953,F,Maria Rosa,1588
ES,1953,F,Maria Rosario,2046
ES,1953,F,Maria Soledad,1012
ES,1953,F,Maria Teresa,5472
ES,1953,F,Maria Victoria,1268
ES,1953,F,Mercedes,2790
ES,1953,F,Milagros,980
ES,1953,F,Montserrat,1826
ES,1953,F,Pilar,2737
ES,1953,F,Rosa,1999
ES,1953,F,Rosa Maria,3070
ES,1953,F,Rosario,2633
ES,1953,F,Teresa,2107
ES,1953,M,Agustin,1200
ES,1953,M,Alberto,980
ES,1953,M,Alfonso,1339
ES,1953,M,Andres,1632
ES,1953,M,Angel,3648
ES,1953,M,Antonio,12983
ES,1953,M,Carlos,2433
ES,1953,M,Diego,1013
ES,1953,M,Domingo,956
ES,1953,M,Eduardo,1196
ES,1953,M,Emilio,1425
ES,1953,M,Enrique,1924
ES,1953,M,Felix,1070
ES,1953,M,Fernando,3065
ES,1953,M,Francisco,10278
ES,1953,M,Francisco Javier,3005
ES,1953,M,Jaime,976
ES,1953,M,Javier,1132
ES,1953,M,Jesus,4169
ES,1953,M,Joaquin,1975
ES,1953,M,Jorge,974
ES,1953,M,Jose,12250
ES,1953,M,Jose Antonio,5123
ES,1953,M,Jose Luis,5999
ES,1953,M,Jose Manuel,3703
ES,1953,M,Jose Maria,4035
ES,1953,M,Jose Miguel,876
ES,1953,M,Jose Ramon,1164
ES,1953,M,Josep,849
ES,1953,M,Juan,6339
ES,1953,M,Juan Antonio,2148
ES,1953,M,Juan Carlos,1370
ES,1953,M,Juan Jose,2502
ES,1953,M,Juan Manuel,1549
ES,1953,M,Julian,1282
ES,1953,M,Julio,1210
ES,1953,M,Luis,3036
ES,1953,M,Manuel,11125
ES,1953,M,Mariano,937
ES,1953,M,Miguel,3391
ES,1953,M,Miguel Angel,2490
ES,1953,M,Pablo,839
ES,1953,M,Pedro,3992
ES,1953,M,Rafael,3798
ES,1953,M,Ramon,2389
ES,1953,M,Ricardo,1091
ES,1953,M,Salvador,1408
ES,1953,M,Santiago,1570
ES,1953,M,Tomas,1160
ES,1953,M,Vicente,2342
ES,1954,F,Amparo,1226
ES,1954,F,Ana,2589
ES,1954,F,Ana Maria,4473
ES,1954,F,Angela,1110
ES,1954,F,Angeles,1420
ES,1954,F,Antonia,4482
ES,1954,F,Carmen,6411
ES,1954,F,Catalina,996
ES,1954,F,Concepcion,3362
ES,1954,F,Consuelo,1119
ES,1954,F,Dolores,4025
ES,1954,F,Elena,1071
ES,1954,F,Emilia,996
ES,1954,F,Encarnacion,2541
ES,1954,F,Francisca,4670
ES,1954,F,Isabel,5047
ES,1954,F,Josefa,6315
ES,1954,F,Josefina,1005
ES,1954,F,Juana,2636
ES,1954,F,Julia,1350
ES,1954,F,Manuela,3024
ES,1954,F,Margarita,1886
ES,1954,F,Maria,5832
ES,1954,F,Maria Angeles,4983
ES,1954,F,Maria Antonia,1456
ES,1954,F,Maria Asuncion,977
ES,1954,F,Maria Carmen,15462
ES,1954,F,Maria Concepcion,1652
ES,1954,F,Maria Dolores,6004
ES,1954,F,Maria Isabel,4425
ES,1954,F,Maria Jesus,3116
ES,1954,F,Maria Jose,2096
ES,1954,F,Maria Josefa,2348
ES,1954,F,Maria Luisa,3729
ES,1954,F,Maria Mercedes,1627
ES,1954,F,Maria Nieves,1093
ES,1954,F,Maria Pilar,5716
ES,1954,F,Maria Rosa,1588
ES,1954,F,Maria Rosario,2046
ES,1954,F,Maria Soledad,1012
ES,1954,F,Maria Teresa,5472
ES,1954,F,Maria Victoria,1267
ES,1954,F,Mercedes,2790
ES,1954,F,Milagros,980
ES,1954,F,Montserrat,1826
ES,1954,F,Pilar,2737
ES,1954,F,Rosa,1999
ES,1954,F,Rosa Maria,3070
ES,1954,F,Rosario,2633
ES,1954,F,Teresa,2107
ES,1954,M,Agustin,1200
ES,1954,M,Alberto,980
ES,1954,M,Alfonso,1339
ES,1954,M,Andres,1631
ES,1954,M,Angel,3648
ES,1954,M,Antonio,12983
ES,1954,M,Carlos,2433
ES,1954,M,Diego,1013
ES,1954,M,Domingo,956
ES,1954,M,Eduardo,1195
ES,1954,M,Emilio,1425
ES,1954,M,Enrique,1924
ES,1954,M,Felix,1070
ES,1954,M,Fernando,3064
ES,1954,M,Francisco,10278
ES,1954,M,Francisco Javier,3005
ES,1954,M,Jaime,976
ES,1954,M,Javier,1132
ES,1954,M,Jesus,4168
ES,1954,M,Joaquin,1975
ES,1954,M,Jorge,974
ES,1954,M,Jose,12250
ES,1954,M,Jose Antonio,5122
ES,1954,M,Jose Luis,5999
ES,1954,M,Jose Manuel,3703
ES,1954,M,Jose Maria,4035
ES,1954,M,Jose Miguel,876
ES,1954,M,Jose Ramon,1164
ES,1954,M,Josep,849
ES,1954,M,Juan,6339
ES,1954,M,Juan Antonio,2148
ES,1954,M,Juan Carlos,1370
ES,1954,M,Juan Jose,2502
ES,1954,M,Juan Manuel,1549
ES,1954,M,Julian,1282
ES,1954,M,Julio,1210
ES,1954,M,Luis,3036
ES,1954,M,Manuel,11125
ES,1954,M,Mariano,937
ES,1954,M,Miguel,3391
ES,1954,M,Miguel Angel,2490
ES,1954,M,Pablo,839
ES,1954,M,Pedro,3992
ES,1954,M,Rafael,3798
ES,1954,M,Ramon,2389
ES,1954,M,Ricardo,1091
ES,1954,M,Salvador,1408
ES,1954,M,Santiago,1570
ES,1954,M,Tomas,1160
ES,1954,M,Vicente,2342
ES,1955,F,Amparo,1226
ES,1955,F,Ana,2589
ES,1955,F,Ana Maria,4473
ES,1955,F,Angela,1110
ES,1955,F,Angeles,1420
ES,1955,F,Antonia,4481
ES,1955,F,Carmen,6411
ES,1955,F,Catalina,996
ES,1955,F,Concepcion,3362
ES,1955,F,Consuelo,1119
ES,1955,F,Dolores,4025
ES,1955,F,Elena,1071
ES,1955,F,Emilia,996
ES,1955,F,Encarnacion,2541
ES,1955,F,Francisca,4670
ES,1955,F,Isabel,5047
ES,1955,F,Josefa,6315
ES,1955,F,Josefina,1005
ES,1955,F,Juana,2636
ES,1955,F,Julia,1350
ES,1955,F,Manuela,3024
ES,1955,F,Margarita,1886
ES,1955,F,Maria,5832
ES,1955,F,Maria Angeles,4983
ES,1955,F,Maria Antonia,1456
ES,1955,F,Maria Asuncion,977
ES,1955,F,Maria Carmen,15461
ES,1955,F,Maria Concepcion,1652
ES,1955,F,Maria Dolores,6003
ES,1955,F,Maria Isabel,4424
ES,1955,F,Maria Jesus,3116
ES,1955,F,Maria Jose,2096
ES,1955,F,Maria Josefa,2348
ES,1955,F,Maria Luisa,3729
ES,1955,F,Maria Mercedes,1626
ES,1955,F,Maria Nieves,1093
ES,1955,F,Maria Pilar,5716
ES,1955,F,Maria Rosa,1588
ES,1955,F,Maria Rosario,2045
ES,1955,F,Maria Soledad,1012
ES,1955,F,Maria Teresa,5472
ES,1955,F,Maria Victoria,1267
ES,1955,F,Mercedes,2790
ES,1955,F,Milagros,980
ES,1955,F,Montserrat,1826
ES,1955,F,Pilar,2737
ES,1955,F,Rosa,1999
ES,1955,F,Rosa Maria,3069
ES,1955,F,Rosario,2633
ES,1955,F,Teresa,2107
ES,1955,M,Agustin,1200
ES,1955,M,Alberto,980
ES,1955,M,Alfonso,1339
ES,1955,M,Andres,1631
ES,1955,M,Angel,3648
ES,1955,M,Antonio,12983
ES,1955,M,Carlos,2433
ES,1955,M,Diego,1013
ES,1955,M,Domingo,956
ES,1955,M,Eduardo,1195
ES,1955,M,Emilio,1425
ES,1955,M,Enrique,1924
ES,1955,M,Felix,1070
ES,1955,M,Fernando,3064
ES,1955,M,Francisco,10278
ES,1955,M,Francisco Javier,3005
ES,1955,M,Jaime,976
ES,1955,M,Javier,1132
ES,1955,M,Jesus,4168
ES,1955,M,Joaquin,1975
ES,1955,M,Jorge,974
ES,1955,M,Jose,12250
ES,1955,M,Jose Antonio,5122
ES,1955,M,Jose Luis,5999
ES,1955,M,Jose Manuel,3703
ES,1955,M,Jose Maria,4035
ES,1955,M,Jose Miguel,876
ES,1955,M,Jose Ramon,1164
ES,1955,M,Josep,849
ES,1955,M,Juan,6339
ES,1955,M,Juan Antonio,2147
ES,1955,M,Juan Carlos,1369
ES,1955,M,Juan Jose,2502
ES,1955,M,Juan Manuel,1549
ES,1955,M,Julian,1282
ES,1955,M,Julio,1210
ES,1955,M,Luis,3036
ES,1955,M,Manuel,11125
ES,1955,M,Mariano,937
ES,1955,M,Miguel,3391
ES,1955,M,Miguel Angel,2490
ES,1955,M,Pablo,839
ES,1955,M,Pedro,3992
ES,1955,M,Rafael,3798
ES,1955,M,Ramon,2389
ES,1955,M,Ricardo,1090
ES,1955,M,Salvador,1408
ES,1955,M,Santiago,1570
ES,1955,M,Tomas,1160
ES,1955,M,Vicente,2342
ES,1956,F,Amparo,1226
ES,1956,F,Ana,2589
ES,1956,F,Ana Maria,4473
ES,1956,F,Angela,1110
ES,1956,F,Angeles,1420
ES,1956,F,Antonia,4481
ES,1956,F,Carmen,6411
ES,1956,F,Catalina,996
ES,1956,F,Concepcion,3362
ES,1956,F,Consuelo,1119
ES,1956,F,Dolores,4025
ES,1956,F,Elena,1070
ES,1956,F,Emilia,996
ES,1956,F,Encarnacion,2541
ES,1956,F,Francisca,4670
ES,1956,F,Isabel,5047
ES,1956,F,Josefa,6315
ES,1956,F,Josefina,1004
ES,1956,F,Juana,2636
ES,1956,F,Julia,1350
ES,1956,F,Manuela,3024
ES,1956,F,Margarita,1885
ES,1956,F,Maria,5831
ES,1956,F,Maria Angeles,4983
ES,1956,F,Maria Antonia,1456
ES,1956,F,Maria Asuncion,977
ES,1956,F,Maria Carmen,15461
ES,1956,F,Maria Concepcion,1652
ES,1956,F,Maria Dolores,6003
ES,1956,F,Maria Isabel,4424
ES,1956,F,Maria Jesus,3116
ES,1956,F,Maria Jose,2096
ES,1956,F,Maria Josefa,2347
ES,1956,F,Maria Luisa,3729
ES,1956,F,Maria Mercedes,1626
ES,1956,F,Maria Nieves,1093
ES,1956,F,Maria Pilar,5716
ES,1956,F,Maria Rosa,1588
ES,1956,F,Maria Rosario,2045
ES,1956,F,Maria Soledad,1012
ES,1956,F,Maria Teresa,5472
ES,1956,F,Maria Victoria,1267
ES,1956,F,Mercedes,2790
ES,1956,F,Milagros,980
ES,1956,F,Montserrat,1826
ES,1956,F,Pilar,2736
ES,1956,F,Rosa,1999
ES,1956,F,Rosa Maria,3069
ES,1956,F,Rosario,2633
ES,1956,F,Teresa,2107
ES,1956,M,Agustin,1200
ES,1956,M,Alberto,979
ES,1956,M,Alfonso,1339
ES,1956,M,Andres,1631
ES,1956,M,Angel,3648
ES,1956,M,Antonio,12983
ES,1956,M,Carlos,2433
ES,1956,M,Diego,1013
ES,1956,M,Domingo,956
ES,1956,M,Eduardo,1195
ES,1956,M,Emilio,1425
ES,1956,M,Enrique,1924
ES,1956,M,Felix,1070
ES,1956,M,Fernando,3064
ES,1956,M,Francisco,10278
ES,1956,M,Francisco Javier,3005
ES,1956,M,Jaime,975
ES,1956,M,Javier,1131
ES,1956,M,Jesus,4168
ES,1956,M,Joaquin,1975
ES,1956,M,Jorge,974
ES,1956,M,Jose,12250
ES,1956,M,Jose Antonio,5122
ES,1956,M,Jose Luis,5999
ES,1956,M,Jose Manuel,3703
ES,1956,M,Jose Maria,4035
ES,1956,M,Jose Miguel,876
ES,1956,M,Jose Ramon,1164
ES,1956,M,Josep,849
ES,1956,M,Juan,6338
ES,1956,M,Juan Antonio,2147
ES,1956,M,Juan Carlos,1369
ES,1956,M,Juan Jose,2502
ES,1956,M,Juan Manuel,1549
ES,1956,M,Julian,1282
ES,1956,M,Julio,1209
ES,1956,M,Luis,3036
ES,1956,M,Manuel,11125
ES,1956,M,Mariano,937
ES,1956,M,Miguel,3391
ES,1956,M,Miguel Angel,2490
ES,1956,M,Pablo,839
ES,1956,M,Pedro,3992
ES,1956,M,Rafael,3797
ES,1956,M,Ramon,2389
ES,1956,M,Ricardo,1090
ES,1956,M,Salvador,1408
ES,1956,M,Santiago,1570
ES,1956,M,Tomas,1160
ES,1956,M,Vicente,2342
ES,1957,F,Amparo,1226
ES,1957,F,Ana,2589
ES,1957,F,Ana Maria,4473
ES,1957,F,Angela,1110
ES,1957,F,Angeles,1420
ES,1957,F,Antonia,4481
ES,1957,F,Carmen,6410
ES,1957,F,Catalina,996
ES,1957,F,Concepcion,3362
ES,1957,F,Consuelo,1119
ES,1957,F,Dolores,4025
ES,1957,F,Elena,1070
ES,1957,F,Emilia,996
ES,1957,F,Encarnacion,2541
ES,1957,F,Francisca,4670
ES,1957,F,Isabel,5046
ES,1957,F,Josefa,6315
ES,1957,F,Josefina,1004
ES,1957,F,Juana,2636
ES,1957,F,Julia,1350
ES,1957,F,Manuela,3024
ES,1957,F,Margarita,1885
ES,1957,F,Maria,5831
ES,1957,F,Maria Angeles,4983
ES,1957,F,Maria Antonia,1456
ES,1957,F,Maria Asuncion,977
ES,1957,F,Maria Carmen,15461
ES,1957,F,Maria Concepcion,1652
ES,1957,F,Maria Dolores,6003
ES,1957,F,Maria Isabel,4424
ES,1957,F,Maria Jesus,3115
ES,1957,F,Maria Jose,2095
ES,1957,F,Maria Josefa,2347
ES,1957,F,Maria Luisa,3729
ES,1957,F,Maria Mercedes,1626
ES,1957,F,Maria Nieves,1093
ES,1957,F,Maria Pilar,5716
ES,1957,F,Maria Rosa,1588
ES,1957,F,Maria Rosario,2045
ES,1957,F,Maria Soledad,1012
ES,1957,F,Maria Teresa,5472
ES,1957,F,Maria Victoria,1267
ES,1957,F,Mercedes,2790
ES,1957,F,Milagros,980
ES,1957,F,Montserrat,1825
ES,1957,F,Pilar,2736
ES,1957,F,Rosa,1998
ES,1957,F,Rosa Maria,3069
ES,1957,F,Rosario,2632
ES,1957,F,Teresa,2107
ES,1957,M,Agustin,1199
ES,1957,M,Alberto,979
ES,1957,M,Alfonso,1339
ES,1957,M,Andres,1631
ES,1957,M,Angel,3647
ES,1957,M,Antonio,12983
ES,1957,M,Carlos,2433
ES,1957,M,Diego,1013
ES,1957,M,Domingo,956
ES,1957,M,Eduardo,1195
ES,1957,M,Emilio,1425
ES,1957,M,Enrique,1924
ES,1957,M,Felix,1070
ES,1957,M,Fernando,3064
ES,1957,M,Francisco,10278
ES,1957,M,Francisco Javier,3005
ES,1957,M,Jaime,975
ES,1957,M,Javier,1131
ES,1957,M,Jesus,4168
ES,1957,M,Joaquin,1975
ES,1957,M,Jorge,974
ES,1957,M,Jose,12250
ES,1957,M,Jose Antonio,5122
ES,1957,M,Jose Luis,5999
ES,1957,M,Jose Manuel,3703
ES,1957,M,Jose Maria,4035
ES,1957,M,Jose Miguel,876
ES,1957,M,Jose Ramon,1164
ES,1957,M,Josep,849
ES,1957,M,Juan,6338
ES,1957,M,Juan Antonio,2147
ES,1957,M,Juan Carlos,1369
ES,1957,M,Juan Jose,2502
ES,1957,M,Juan Manuel,1549
ES,1957,M,Julian,1281
ES,1957,M,Julio,1209
ES,1957,M,Luis,3035
ES,1957,M,Manuel,11125
ES,1957,M,Mariano,937
ES,1957,M,Miguel,3391
ES,1957,M,Miguel Angel,2490
ES,1957,M,Pablo,839
ES,1957,M,Pedro,3992
ES,1957,M,Rafael,3797
ES,1957,M,Ramon,2389
ES,1957,M,Ricardo,1090
ES,1957,M,Salvador,1408
ES,1957,M,Santiago,1570
ES,1957,M,Tomas,1159
ES,1957,M,Vicente,2342
ES,1958,F,Amparo,1226
ES,1958,F,Ana,2589
ES,1958,F,Ana Maria,4473
ES,1958,F,Angela,1109
ES,1958,F,Angeles,1420
ES,1958,F,Antonia,4481
ES,1958,F,Carmen,6410
ES,1958,F,Catalina,995
ES,1958,F,Concepcion,3362
ES,1958,F,Consuelo,1119
ES,1958,F,Dolores,4025
ES,1958,F,Elena,1070
ES,1958,F,Emilia,996
ES,1958,F,Encarnacion,2541
ES,1958,F,Francisca,4670
ES,1958,F,Isabel,5046
ES,1958,F,Josefa,6315
ES,1958,F,Josefina,1004
ES,1958,F,Juana,2636
ES,1958,F,Julia,1350
ES,1958,F,Manuela,3024
ES,1958,F,Margarita,1885
ES,1958,F,Maria,5831
ES,1958,F,Maria Angeles,4983
ES,1958,F,Maria Antonia,1455
ES,1958,F,Maria Asuncion,976
ES,1958,F,Maria Carmen,15461
ES,1958,F,Maria Concepcion,1652
ES,1958,F,Maria Dolores,6003
ES,1958,F,Maria Isabel,4424
ES,1958,F,Maria Jesus,3115
ES,1958,F,Maria Jose,2095
ES,1958,F,Maria Josefa,2347
ES,1958,F,Maria Luisa,3729
ES,1958,F,Maria Mercedes,1626
ES,1958,F,Maria Nieves,1093
ES,1958,F,Maria Pilar,5716
ES,1958,F,Maria Rosa,1587
ES,1958,F,Maria Rosario,2045
ES,1958,F,Maria Soledad,1012
ES,1958,F,Maria Teresa,5471
ES,1958,F,Maria Victoria,1267
ES,1958,F,Mercedes,2790
ES,1958,F,Milagros,980
ES,1958,F,Montserrat,1825
ES,1958,F,Pilar,2736
ES,1958,F,Rosa,1998
ES,1958,F,Rosa Maria,3069
ES,1958,F,Rosario,2632
ES,1958,F,Teresa,2107
ES,1958,M,Agustin,1199
ES,1958,M,Alberto,979
ES,1958,M,Alfonso,1339
ES,1958,M,Andres,1631
ES,1958,M,Angel,3647
ES,1958,M,Antonio,12982
ES,1958,M,Carlos,2433
ES,1958,M,Diego,1013
ES,1958,M,Domingo,956
ES,1958,M,Eduardo,1195
ES,1958,M,Emilio,1424
ES,1958,M,Enrique,1924
ES,1958,M,Felix,1069
ES,1958,M,Fernando,3064
ES,1958,M,Francisco,10278
ES,1958,M,Francisco Javier,3005
ES,1958,M,Jaime,975
ES,1958,M,Javier,1131
ES,1958,M,Jesus,4168
ES,1958,M,Joaquin,1975
ES,1958,M,Jorge,974
ES,1958,M,Jose,12250
ES,1958,M,Jose Antonio,5122
ES,1958,M,Jose Luis,5999
ES,1958,M,Jose Manuel,3703
ES,1958,M,Jose Maria,4035
ES,1958,M,Jose Miguel,876
ES,1958,M,Jose Ramon,1164
ES,1958,M,Josep,849
ES,1958,M,Juan,6338
ES,1958,M,Juan Antonio,2147
ES,1958,M,Juan Carlos,1369
ES,1958,M,Juan Jose,2502
ES,1958,M,Juan Manuel,1549
ES,1958,M,Julian,1281
ES,1958,M,Julio,1209
ES,1958,M,Luis,3035
ES,1958,M,Manuel,11125
ES,1958,M,Mariano,937
ES,1958,M,Miguel,3390
ES,1958,M,Miguel Angel,2490
ES,1958,M,Pablo,839
ES,1958,M,Pedro,3992
ES,1958,M,Rafael,3797
ES,1958,M,Ramon,2389
ES,1958,M,Ricardo,1090
ES,1958,M,Salvador,1408
ES,1958,M,Santiago,1570
ES,1958,M,Tomas,1159
ES,1958,M,Vicente,2342
ES,1959,F,Amparo,1226
ES,1959,F,Ana,2589
ES,1959,F,Ana Maria,4472
ES,1959,F,Angela,1109
ES,1959,F,Angeles,1420
ES,1959,F,Antonia,4481
ES,1959,F,Carmen,6410
ES,1959,F,Catalina,995
ES,1959,F,Concepcion,3362
ES,1959,F,Consuelo,1119
ES,1959,F,Dolores,4025
ES,1959,F,Elena,1070
ES,1959,F,Emilia,996
ES,1959,F,Encarnacion,2541
ES,1959,F,Francisca,4670
ES,1959,F,Isabel,5046
ES,1959,F,Josefa,6315
ES,1959,F,Josefina,1004
ES,1959,F,Juana,2636
ES,1959,F,Julia,1350
ES,1959,F,Manuela,3024
ES,1959,F,Margarita,1885
ES,1959,F,Maria,5831
ES,1959,F,Maria Angeles,4983
ES,1959,F,Maria Antonia,1455
ES,1959,F,Maria Asuncion,976
ES,1959,F,Maria Carmen,15461
ES,1959,F,Maria Concepcion,1652
ES,1959,F,Maria Dolores,6003
ES,1959,F,Maria Isabel,4424
ES,1959,F,Maria Jesus,3115
ES,1959,F,Maria Jose,2095
ES,1959,F,Maria Josefa,2347
ES,1959,F,Maria Luisa,3729
ES,1959,F,Maria Mercedes,1626
ES,1959,F,Maria Nieves,1092
ES,1959,F,Maria Pilar,5716
ES,1959,F,Maria Rosa,1587
ES,1959,F,Maria Rosario,2045
ES,1959,F,Maria Soledad,1012
ES,1959,F,Maria Teresa,5471
ES,1959,F,Maria Victoria,1267
ES,1959,F,Mercedes,2790
ES,1959,F,Milagros,979
ES,1959,F,Montserrat,1825
ES,1959,F,Pilar,2736
ES,1959,F,Rosa,1998
ES,1959,F,Rosa Maria,3069
ES,1959,F,Rosario,2632
ES,1959,F,Teresa,2106
ES,1959,M,Agustin,1199
ES,1959,M,Alberto,979
ES,1959,M,Alfonso,1339
ES,1959,M,Andres,1631
ES,1959,M,Angel,3647
ES,1959,M,Antonio,12982
ES,1959,M,Carlos,2433
ES,1959,M,Diego,1013
ES,1959,M,Domingo,956
ES,1959,M,Eduardo,1195
ES,1959,M,Emilio,1424
ES,1959,M,Enrique,1924
ES,1959,M,Felix,1069
ES,1959,M,Fernando,3064
ES,1959,M,Francisco,10277
ES,1959,M,Francisco Javier,3004
ES,1959,M,Jaime,975
ES,1959,M,Javier,1131
ES,1959,M,Jesus,4168
ES,1959,M,Joaquin,1974
ES,1959,M,Jorge,974
ES,1959,M,Jose,12250
ES,1959,M,Jose Antonio,5122
ES,1959,M,Jose Luis,5999
ES,1959,M,Jose Manuel,3703
ES,1959,M,Jose Maria,4035
ES,1959,M,Jose Miguel,875
ES,1959,M,Jose Ramon,1164
ES,1959,M,Josep,849
ES,1959,M,Juan,6338
ES,1959,M,Juan Antonio,2147
ES,1959,M,Juan Carlos,1369
ES,1959,M,Juan Jose,2501
ES,1959,M,Juan Manuel,1549
ES,1959,M,Julian,1281
ES,1959,M,Julio,1209
ES,1959,M,Luis,3035
ES,1959,M,Manuel,11125
ES,1959,M,Mariano,937
ES,1959,M,Miguel,3390
ES,1959,M,Miguel Angel,2490
ES,1959,M,Pablo,839
ES,1959,M,Pedro,3991
ES,1959,M,Rafael,3797
ES,1959,M,Ramon,2389
ES,1959,M,Ricardo,1090
ES,1959,M,Salvador,1408
ES,1959,M,Santiago,1570
ES,1959,M,Tomas,1159
ES,1959,M,Vicente,2342
ES,1960,F,Ana,2929
ES,1960,F,Ana Isabel,2313
ES,1960,F,Ana Maria,7624
ES,1960,F,Antonia,4303
ES,1960,F,Carmen,4769
ES,1960,F,Concepcion,2870
ES,1960,F,Cristina,1861
ES,1960,F,Dolores,3277
ES,1960,F,Elena,1617
ES,1960,F,Encarnacion,2540
ES,1960,F,Francisca,4374
ES,1960,F,Inmaculada,2030
ES,1960,F,Isabel,4857
ES,1960,F,Josefa,4799
ES,1960,F,Juana,2260
ES,1960,F,Manuela,2919
ES,1960,F,Margarita,2057
ES,1960,F,Maria,4239
ES,1960,F,Maria Angeles,6223
ES,1960,F,Maria Antonia,1499
ES,1960,F,Maria Begoña,1392
ES,1960,F,Maria Carmen,17479
ES,1960,F,Maria Concepcion,1601
ES,1960,F,Maria Dolores,7157
ES,1960,F,Maria Elena,1947
ES,1960,F,Maria Isabel,5915
ES,1960,F,Maria Jesus,4081
ES,1960,F,Maria Jose,6478
ES,1960,F,Maria Josefa,2144
ES,1960,F,Maria Luisa,3738
ES,1960,F,Maria Mar,3245
ES,1960,F,Maria Mercedes,2600
ES,1960,F,Maria Nieves,1499
ES,1960,F,Maria Pilar,7251
ES,1960,F,Maria Rosa,1479
ES,1960,F,Maria Rosario,2192
ES,1960,F,Maria Soledad,1442
ES,1960,F,Maria Teresa,6468
ES,1960,F,Maria Victoria,1733
ES,1960,F,Marta,1643
ES,1960,F,Mercedes,3014
ES,1960,F,Montserrat,3248
ES,1960,F,Nuria,1670
ES,1960,F,Pilar,2371
ES,1960,F,Rosa,1508
ES,1960,F,Rosa Maria,4930
ES,1960,F,Rosario,2453
ES,1960,F,Susana,1729
ES,1960,F,Teresa,1689
ES,1960,F,Yolanda,1976
ES,1960,M,Agustin,1312
ES,1960,M,Alberto,2047
ES,1960,M,Alfonso,1744
ES,1960,M,Andres,1911
ES,1960,M,Angel,3617
ES,1960,M,Antonio,13100
ES,1960,M,Carlos,4048
ES,1960,M,David,1271
ES,1960,M,Diego,1241
ES,1960,M,Eduardo,1705
ES,1960,M,Emilio,1460
ES,1960,M,Enrique,2351
ES,1960,M,Fernando,4337
ES,1960,M,Francisco,9542
ES,1960,M,Francisco Javier,7940
ES,1960,M,Francisco Jose,2548
ES,1960,M,Ignacio,1238
ES,1960,M,Jaime,1215
ES,1960,M,Javier,3415
ES,1960,M,Jesus,5016
ES,1960,M,Joaquin,2229
ES,1960,M,Jordi,1339
ES,1960,M,Jorge,2244
ES,1960,M,Jose,9882
ES,1960,M,Jose Antonio,8222
ES,1960,M,Jose Luis,7508
ES,1960,M,Jose Manuel,6161
ES,1960,M,Jose Maria,4534
ES,1960,M,Jose Miguel,1500
ES,1960,M,Jose Ramon,1608
ES,1960,M,Juan,5594
ES,1960,M,Juan Antonio,3268
ES,1960,M,Juan Carlos,6041
ES,1960,M,Juan Jose,3559
ES,1960,M,Juan Manuel,2625
ES,1960,M,Julian,1251
ES,1960,M,Julio,1283
ES,1960,M,Luis,3193
ES,1960,M,Manuel,10944
ES,1960,M,Miguel,3565
ES,1960,M,Miguel Angel,5584
ES,1960,M,Pablo,1282
ES,1960,M,Pedro,4175
ES,1960,M,Rafael,4946
ES,1960,M,Ramon,2392
ES,1960,M,Ricardo,1553
ES,1960,M,Roberto,1450
ES,1960,M,Salvador,1659
ES,1960,M,Santiago,2058
ES,1960,M,Vicente,2256
ES,1961,F,Ana,2929
ES,1961,F,Ana Isabel,2313
ES,1961,F,Ana Maria,7624
ES,1961,F,Antonia,4303
ES,1961,F,Carmen,4769
ES,1961,F,Concepcion,2870
ES,1961,F,Cristina,1861
ES,1961,F,Dolores,3276
ES,1961,F,Elena,1617
ES,1961,F,Encarnacion,2540
ES,1961,F,Francisca,4374
ES,1961,F,Inmaculada,2029
ES,1961,F,Isabel,4857
ES,1961,F,Josefa,4799
ES,1961,F,Juana,2260
ES,1961,F,Manuela,2919
ES,1961,F,Margarita,2056
ES,1961,F,Maria,4239
ES,1961,F,Maria Angeles,6223
ES,1961,F,Maria Antonia,1498
ES,1961,F,Maria Begoña,1392
ES,1961,F,Maria Carmen,17479
ES,1961,F,Maria Concepcion,1601
ES,1961,F,Maria Dolores,7157
ES,1961,F,Maria Elena,1947
ES,1961,F,Maria Isabel,5915
ES,1961,F,Maria Jesus,4081
ES,1961,F,Maria Jose,6478
ES,1961,F,Maria Josefa,2144
ES,1961,F,Maria Luisa,3738
ES,1961,F,Maria Mar,3245
ES,1961,F,Maria Mercedes,2600
ES,1961,F,Maria Nieves,1499
ES,1961,F,Maria Pilar,7251
ES,1961,F,Maria Rosa,1479
ES,1961,F,Maria Rosario,2192
ES,1961,F,Maria Soledad,1442
ES,1961,F,Maria Teresa,6468
ES,1961,F,Maria Victoria,1733
ES,1961,F,Marta,1643
ES,1961,F,Mercedes,3014
ES,1961,F,Montserrat,3248
ES,1961,F,Nuria,1670
ES,1961,F,Pilar,2371
ES,1961,F,Rosa,1508
ES,1961,F,Rosa Maria,4930
ES,1961,F,Rosario,2453
ES,1961,F,Susana,1729
ES,1961,F,Teresa,1688
ES,1961,F,Yolanda,1976
ES,1961,M,Agustin,1312
ES,1961,M,Alberto,2047
ES,1961,M,Alfonso,1744
ES,1961,M,Andres,1911
ES,1961,M,Angel,3617
ES,1961,M,Antonio,13100
ES,1961,M,Carlos,4048
ES,1961,M,David,1271
ES,1961,M,Diego,1241
ES,1961,M,Eduardo,1705
ES,1961,M,Emilio,1459
ES,1961,M,Enrique,2350
ES,1961,M,Fernando,4337
ES,1961,M,Francisco,9542
ES,1961,M,Francisco Javier,7940
ES,1961,M,Francisco Jose,2547
ES,1961,M,Ignacio,1237
ES,1961,M,Jaime,1215
ES,1961,M,Javier,3414
ES,1961,M,Jesus,5016
ES,1961,M,Joaquin,2228
ES,1961,M,Jordi,1339
ES,1961,M,Jorge,2244
ES,1961,M,Jose,9882
ES,1961,M,Jose Antonio,8222
ES,1961,M,Jose Luis,7508
ES,1961,M,Jose Manuel,6161
ES,1961,M,Jose Maria,4534
ES,1961,M,Jose Miguel,1500
ES,1961,M,Jose Ramon,1608
ES,1961,M,Juan,5594
ES,1961,M,Juan Antonio,3268
ES,1961,M,Juan Carlos,6041
ES,1961,M,Juan Jose,3559
ES,1961,M,Juan Manuel,2625
ES,1961,M,Julian,1251
ES,1961,M,Julio,1283
ES,1961,M,Luis,3193
ES,1961,M,Manuel,10944
ES,1961,M,Miguel,3565
ES,1961,M,Miguel Angel,5584
ES,1961,M,Pablo,1282
ES,1961,M,Pedro,4175
ES,1961,M,Rafael,4945
ES,1961,M,Ramon,2392
ES,1961,M,Ricardo,1553
ES,1961,M,Roberto,1450
ES,1961,M,Salvador,1659
ES,1961,M,Santiago,2058
ES,1961,M,Vicente,2256
ES,1962,F,Ana,2928
ES,1962,F,Ana Isabel,2313
ES,1962,F,Ana Maria,7624
ES,1962,F,Antonia,4303
ES,1962,F,Carmen,4769
ES,1962,F,Concepcion,2870
ES,1962,F,Cristina,1861
ES,1962,F,Dolores,3276
ES,1962,F,Elena,1617
ES,1962,F,Encarnacion,2540
ES,1962,F,Francisca,4374
ES,1962,F,Inmaculada,2029
ES,1962,F,Isabel,4857
ES,1962,F,Josefa,4799
ES,1962,F,Juana,2260
ES,1962,F,Manuela,2919
ES,1962,F,Margarita,2056
ES,1962,F,Maria,4239
ES,1962,F,Maria Angeles,6222
ES,1962,F,Maria Antonia,1498
ES,1962,F,Maria Begoña,1391
ES,1962,F,Maria Carmen,17479
ES,1962,F,Maria Concepcion,1601
ES,1962,F,Maria Dolores,7157
ES,1962,F,Maria Elena,1946
ES,1962,F,Maria Isabel,5915
ES,1962,F,Maria Jesus,4081
ES,1962,F,Maria Jose,6478
ES,1962,F,Maria Josefa,2143
ES,1962,F,Maria Luisa,3738
ES,1962,F,Maria Mar,3245
ES,1962,F,Maria Mercedes,2600
ES,1962,F,Maria Nieves,1498
ES,1962,F,Maria Pilar,7250
ES,1962,F,Maria Rosa,1479
ES,1962,F,Maria Rosario,2192
ES,1962,F,Maria Soledad,1441
ES,1962,F,Maria Teresa,6468
ES,1962,F,Maria Victoria,1733
ES,1962,F,Marta,1643
ES,1962,F,Mercedes,3014
ES,1962,F,Montserrat,3248
ES,1962,F,Nuria,1670
ES,1962,F,Pilar,2371
ES,1962,F,Rosa,1508
ES,1962,F,Rosa Maria,4930
ES,1962,F,Rosario,2453
ES,1962,F,Susana,1729
ES,1962,F,Teresa,1688
ES,1962,F,Yolanda,1976
ES,1962,M,Agustin,1311
ES,1962,M,Alberto,2047
ES,1962,M,Alfonso,1744
ES,1962,M,Andres,1911
ES,1962,M,Angel,3617
ES,1962,M,Antonio,13100
ES,1962,M,Carlos,4047
ES,1962,M,David,1271
ES,1962,M,Diego,1241
ES,1962,M,Eduardo,1705
ES,1962,M,Emilio,1459
ES,1962,M,Enrique,2350
ES,1962,M,Fernando,4337
ES,1962,M,Francisco,9542
ES,1962,M,Francisco Javier,7940
ES,1962,M,Francisco Jose,2547
ES,1962,M,Ignacio,1237
ES,1962,M,Jaime,1215
ES,1962,M,Javier,3414
ES,1962,M,Jesus,5016
ES,1962,M,Joaquin,2228
ES,1962,M,Jordi,1339
ES,1962,M,Jorge,2244
ES,1962,M,Jose,9882
ES,1962,M,Jose Antonio,8222
ES,1962,M,Jose Luis,7508
ES,1962,M,Jose Manuel,6161
ES,1962,M,Jose Maria,4534
ES,1962,M,Jose Miguel,1500
ES,1962,M,Jose Ramon,1608
ES,1962,M,Juan,5594
ES,1962,M,Juan Antonio,3268
ES,1962,M,Juan Carlos,6041
ES,1962,M,Juan Jose,3558
ES,1962,M,Juan Manuel,2625
ES,1962,M,Julian,1251
ES,1962,M,Julio,1283
ES,1962,M,Luis,3193
ES,1962,M,Manuel,10943
ES,1962,M,Miguel,3565
ES,1962,M,Miguel Angel,5584
ES,1962,M,Pablo,1281
ES,1962,M,Pedro,4175
ES,1962,M,Rafael,4945
ES,1962,M,Ramon,2391
ES,1962,M,Ricardo,1552
ES,1962,M,Roberto,1450
ES,1962,M,Salvador,1659
ES,1962,M,Santiago,2058
ES,1962,M,Vicente,2255
ES,1963,F,Ana,2928
ES,1963,F,Ana Isabel,2313
ES,1963,F,Ana Maria,7623
ES,1963,F,Antonia,4302
ES,1963,F,Carmen,4769
ES,1963,F,Concepcion,2869
ES,1963,F,Cristina,1861
ES,1963,F,Dolores,3276
ES,1963,F,Elena,1616
ES,1963,F,Encarnacion,2540
ES,1963,F,Francisca,4374
ES,1963,F,Inmaculada,2029
ES,1963,F,Isabel,4857
ES,1963,F,Josefa,4798
ES,1963,F,Juana,2260
ES,1963,F,Manuela,2919
ES,1963,F,Margarita,2056
ES,1963,F,Maria,4239
ES,1963,F,Maria Angeles,6222
ES,1963,F,Maria Antonia,1498
ES,1963,F,Maria Begoña,1391
ES,1963,F,Maria Carmen,17479
ES,1963,F,Maria Concepcion,1601
ES,1963,F,Maria Dolores,7157
ES,1963,F,Maria Elena,1946
ES,1963,F,Maria Isabel,5915
ES,1963,F,Maria Jesus,4081
ES,1963,F,Maria Jose,6478
ES,1963,F,Maria Josefa,2143
ES,1963,F,Maria Luisa,3738
ES,1963,F,Maria Mar,3245
ES,1963,F,Maria Mercedes,2600
ES,1963,F,Maria Nieves,1498
ES,1963,F,Maria Pilar,7250
ES,1963,F,Maria Rosa,1479
ES,1963,F,Maria Rosario,2192
ES,1963,F,Maria Soledad,1441
ES,1963,F,Maria Teresa,6468
ES,1963,F,Maria Victoria,1733
ES,1963,F,Marta,1643
ES,1963,F,Mercedes,3014
ES,1963,F,Montserrat,3248
ES,1963,F,Nuria,1670
ES,1963,F,Pilar,2371
ES,1963,F,Rosa,1508
ES,1963,F,Rosa Maria,4930
ES,1963,F,Rosario,2453
ES,1963,F,Susana,1729
ES,1963,F,Teresa,1688
ES,1963,F,Yolanda,1976
ES,1963,M,Agustin,1311
ES,1963,M,Alberto,2046
ES,1963,M,Alfonso,1744
ES,1963,M,Andres,1911
ES,1963,M,Angel,3617
ES,1963,M,Antonio,13100
ES,1963,M,Carlos,4047
ES,1963,M,David,1271
ES,1963,M,Diego,1241
ES,1963,M,Eduardo,1704
ES,1963,M,Emilio,1459
ES,1963,M,Enrique,2350
ES,1963,M,Fernando,4337
ES,1963,M,Francisco,9541
ES,1963,M,Francisco Javier,7940
ES,1963,M,Francisco Jose,2547
ES,1963,M,Ignacio,1237
ES,1963,M,Jaime,1214
ES,1963,M,Javier,3414
ES,1963,M,Jesus,5016
ES,1963,M,Joaquin,2228
ES,1963,M,Jordi,1339
ES,1963,M,Jorge,2244
ES,1963,M,Jose,9881
ES,1963,M,Jose Antonio,8222
ES,1963,M,Jose Luis,7508
ES,1963,M,Jose Manuel,6161
ES,1963,M,Jose Maria,4534
ES,1963,M,Jose Miguel,1500
ES,1963,M,Jose Ramon,1608
ES,1963,M,Juan,5594
ES,1963,M,Juan Antonio,3267
ES,1963,M,Juan Carlos,6041
ES,1963,M,Juan Jose,3558
ES,1963,M,Juan Manuel,2625
ES,1963,M,Julian,1251
ES,1963,M,Julio,1283
ES,1963,M,Luis,3193
ES,1963,M,Manuel,10943
ES,1963,M,Miguel,3565
ES,1963,M,Miguel Angel,5584
ES,1963,M,Pablo,1281
ES,1963,M,Pedro,4175
ES,1963,M,Rafael,4945
ES,1963,M,Ramon,2391
ES,1963,M,Ricardo,1552
ES,1963,M,Roberto,1449
ES,1963,M,Salvador,1659
ES,1963,M,Santiago,2058
ES,1963,M,Vicente,2255
ES,1964,F,Ana,2928
ES,1964,F,Ana Isabel,2313
ES,1964,F,Ana Maria,7623
ES,1964,F,Antonia,4302
ES,1964,F,Carmen,4769
ES,1964,F,Concepcion,2869
ES,1964,F,Cristina,1861
ES,1964,F,Dolores,3276
ES,1964,F,Elena,1616
ES,1964,F,Encarnacion,2540
ES,1964,F,Francisca,4373
ES,1964,F,Inmaculada,2029
ES,1964,F,Isabel,4857
ES,1964,F,Josefa,4798
ES,1964,F,Juana,2260
ES,1964,F,Manuela,2919
ES,1964,F,Margarita,2056
ES,1964,F,Maria,4239
ES,1964,F,Maria Angeles,6222
ES,1964,F,Maria Antonia,1498
ES,1964,F,Maria Begoña,1391
ES,1964,F,Maria Carmen,17479
ES,1964,F,Maria Concepcion,1601
ES,1964,F,Maria Dolores,7157
ES,1964,F,Maria Elena,1946
ES,1964,F,Maria Isabel,5915
ES,1964,F,Maria Jesus,4081
ES,1964,F,Maria Jose,6478
ES,1964,F,Maria Josefa,2143
ES,1964,F,Maria Luisa,3738
ES,1964,F,Maria Mar,3245
ES,1964,F,Maria Mercedes,2599
ES,1964,F,Maria Nieves,1498
ES,1964,F,Maria Pilar,7250
ES,1964,F,Maria Rosa,1479
ES,1964,F,Maria Rosario,2192
ES,1964,F,Maria Soledad,1441
ES,1964,F,Maria Teresa,6468
ES,1964,F,Maria Victoria,1732
ES,1964,F,Marta,1643
ES,1964,F,Mercedes,3014
ES,1964,F,Montserrat,3248
ES,1964,F,Nuria,1669
ES,1964,F,Pilar,2371
ES,1964,F,Rosa,1508
ES,1964,F,Rosa Maria,4930
ES,1964,F,Rosario,2453
ES,1964,F,Susana,1729
ES,1964,F,Teresa,1688
ES,1964,F,Yolanda,1976
ES,1964,M,Agustin,1311
ES,1964,M,Alberto,2046
ES,1964,M,Alfonso,1744
ES,1964,M,Andres,1911
ES,1964,M,Angel,3617
ES,1964,M,Antonio,13099
ES,1964,M,Carlos,4047
ES,1964,M,David,1271
ES,1964,M,Diego,1241
ES,1964,M,Eduardo,1704
ES,1964,M,Emilio,1459
ES,1964,M,Enrique,2350
ES,1964,M,Fernando,4337
ES,1964,M,Francisco,9541
ES,1964,M,Francisco Javier,7940
ES,1964,M,Francisco Jose,2547
ES,1964,M,Ignacio,1237
ES,1964,M,Jaime,1214
ES,1964,M,Javier,3414
ES,1964,M,Jesus,5016
ES,1964,M,Joaquin,2228
ES,1964,M,Jordi,1339
ES,1964,M,Jorge,2244
ES,1964,M,Jose,9881
ES,1964,M,Jose Antonio,8222
ES,1964,M,Jose Luis,7508
ES,1964,M,Jose Manuel,6161
ES,1964,M,Jose Maria,4534
ES,1964,M,Jose Miguel,1500
ES,1964,M,Jose Ramon,1608
ES,1964,M,Juan,5594
ES,1964,M,Juan Antonio,3267
ES,1964,M,Juan Carlos,6041
ES,1964,M,Juan Jose,3558
ES,1964,M,Juan Manuel,2625
ES,1964,M,Julian,1251
ES,1964,M,Julio,1283
ES,1964,M,Luis,3193
ES,1964,M,Manuel,10943
ES,1964,M,Miguel,3565
ES,1964,M,Miguel Angel,5584
ES,1964,M,Pablo,1281
ES,1964,M,Pedro,4175
ES,1964,M,Rafael,4945
ES,1964,M,Ramon,2391
ES,1964,M,Ricardo,1552
ES,1964,M,Roberto,1449
ES,1964,M,Salvador,1659
ES,1964,M,Santiago,2058
ES,1964,M,Vicente,2255
ES,1965,F,Ana,2928
ES,1965,F,Ana Isabel,2313
ES,1965,F,Ana Maria,7623
ES,1965,F,Antonia,4302
ES,1965,F,Carmen,4769
ES,1965,F,Concepcion,2869
ES,1965,F,Cristina,1861
ES,1965,F,Dolores,3276
ES,1965,F,Elena,1616
ES,1965,F,Encarnacion,2539
ES,1965,F,Francisca,4373
ES,1965,F,Inmaculada,2029
ES,1965,F,Isabel,4857
ES,1965,F,Josefa,4798
ES,1965,F,Juana,2260
ES,1965,F,Manuela,2918
ES,1965,F,Margarita,2056
ES,1965,F,Maria,4238
ES,1965,F,Maria Angeles,6222
ES,1965,F,Maria Antonia,1498
ES,1965,F,Maria Begoña,1391
ES,1965,F,Maria Carmen,17479
ES,1965,F,Maria Concepcion,1601
ES,1965,F,Maria Dolores,7157
ES,1965,F,Maria Elena,1946
ES,1965,F,Maria Isabel,5915
ES,1965,F,Maria Jesus,4081
ES,1965,F,Maria Jose,6478
ES,1965,F,Maria Josefa,2143
ES,1965,F,Maria Luisa,3737
ES,1965,F,Maria Mar,3245
ES,1965,F,Maria Mercedes,2599
ES,1965,F,Maria Nieves,1498
ES,1965,F,Maria Pilar,7250
ES,1965,F,Maria Rosa,1479
ES,1965,F,Maria Rosario,2192
ES,1965,F,Maria Soledad,1441
ES,1965,F,Maria Teresa,6468
ES,1965,F,Maria Victoria,1732
ES,1965,F,Marta,1643
ES,1965,F,Mercedes,3014
ES,1965,F,Montserrat,3248
ES,1965,F,Nuria,1669
ES,1965,F,Pilar,2371
ES,1965,F,Rosa,1508
ES,1965,F,Rosa Maria,4930
ES,1965,F,Rosario,2453
ES,1965,F,Susana,1729
ES,1965,F,Teresa,1688
ES,1965,F,Yolanda,1976
ES,1965,M,Agustin,1311
ES,1965,M,Alberto,2046
ES,1965,M,Alfonso,1744
ES,1965,M,Andres,1911
ES,1965,M,Angel,3617
ES,1965,M,Antonio,13099
ES,1965,M,Carlos,4047
ES,1965,M,David,1271
ES,1965,M,Diego,1241
ES,1965,M,Eduardo,1704
ES,1965,M,Emilio,1459
ES,1965,M,Enrique,2350
ES,1965,M,Fernando,4337
ES,1965,M,Francisco,9541
ES,1965,M,Francisco Javier,7940
ES,1965,M,Francisco Jose,2547
ES,1965,M,Ignacio,1237
ES,1965,M,Jaime,1214
ES,1965,M,Javier,3414
ES,1965,M,Jesus,5016
ES,1965,M,Joaquin,2228
ES,1965,M,Jordi,1339
ES,1965,M,Jorge,2244
ES,1965,M,Jose,9881
ES,1965,M,Jose Antonio,8221
ES,1965,M,Jose Luis,7508
ES,1965,M,Jose Manuel,6161
ES,1965,M,Jose Maria,4534
ES,1965,M,Jose Miguel,1500
ES,1965,M,Jose Ramon,1608
ES,1965,M,Juan,5594
ES,1965,M,Juan Antonio,3267
ES,1965,M,Juan Carlos,6041
ES,1965,M,Juan Jose,3558
ES,1965,M,Juan Manuel,2625
ES,1965,M,Julian,1251
ES,1965,M,Julio,1282
ES,1965,M,Luis,3193
ES,1965,M,Manuel,10943
ES,1965,M,Miguel,3565
ES,1965,M,Miguel Angel,5584
ES,1965,M,Pablo,1281
ES,1965,M,Pedro,4175
ES,1965,M,Rafael,4945
ES,1965,M,Ramon,2391
ES,1965,M,Ricardo,1552
ES,1965,M,Roberto,1449
ES,1965,M,Salvador,1659
ES,1965,M,Santiago,2058
ES,1965,M,Vicente,2255
ES,1966,F,Ana,2928
ES,1966,F,Ana Isabel,2312
ES,1966,F,Ana Maria,7623
ES,1966,F,Antonia,4302
ES,1966,F,Carmen,4769
ES,1966,F,Concepcion,2869
ES,1966,F,Cristina,1861
ES,1966,F,Dolores,3276
ES,1966,F,Elena,1616
ES,1966,F,Encarnacion,2539
ES,1966,F,Francisca,4373
ES,1966,F,Inmaculada,2029
ES,1966,F,Isabel,4857
ES,1966,F,Josefa,4798
ES,1966,F,Juana,2260
ES,1966,F,Manuela,2918
ES,1966,F,Margarita,2056
ES,1966,F,Maria,4238
ES,1966,F,Maria Angeles,6222
ES,1966,F,Maria Antonia,1498
ES,1966,F,Maria Begoña,1391
ES,1966,F,Maria Carmen,17478
ES,1966,F,Maria Concepcion,1601
ES,1966,F,Maria Dolores,7157
ES,1966,F,Maria Elena,1946
ES,1966,F,Maria Isabel,5915
ES,1966,F,Maria Jesus,4081
ES,1966,F,Maria Jose,6478
ES,1966,F,Maria Josefa,2143
ES,1966,F,Maria Luisa,3737
ES,1966,F,Maria Mar,3245
ES,1966,F,Maria Mercedes,2599
ES,1966,F,Maria Nieves,1498
ES,1966,F,Maria Pilar,7250
ES,1966,F,Maria Rosa,1479
ES,1966,F,Maria Rosario,2192
ES,1966,F,Maria Soledad,1441
ES,1966,F,Maria Teresa,6468
ES,1966,F,Maria Victoria,1732
ES,1966,F,Marta,1643
ES,1966,F,Mercedes,3014
ES,1966,F,Montserrat,3247
ES,1966,F,Nuria,1669
ES,1966,F,Pilar,2371
ES,1966,F,Rosa,1508
ES,1966,F,Rosa Maria,4930
ES,1966,F,Rosario,2453
ES,1966,F,Susana,1729
ES,1966,F,Teresa,1688
ES,1966,F,Yolanda,1976
ES,1966,M,Agustin,1311
ES,1966,M,Alberto,2046
ES,1966,M,Alfonso,1744
ES,1966,M,Andres,1911
ES,1966,M,Angel,3617
ES,1966,M,Antonio,13099
ES,1966,M,Carlos,4047
ES,1966,M,David,1271
ES,1966,M,Diego,1240
ES,1966,M,Eduardo,1704
ES,1966,M,Emilio,1459
ES,1966,M,Enrique,2350
ES,1966,M,Fernando,4337
ES,1966,M,Francisco,9541
ES,1966,M,Francisco Javier,7940
ES,1966,M,Francisco Jose,2547
ES,1966,M,Ignacio,1237
ES,1966,M,Jaime,1214
ES,1966,M,Javier,3414
ES,1966,M,Jesus,5015
ES,1966,M,Joaquin,2228
ES,1966,M,Jordi,1339
ES,1966,M,Jorge,2243
ES,1966,M,Jose,9881
ES,1966,M,Jose Antonio,8221
ES,1966,M,Jose Luis,7507
ES,1966,M,Jose Manuel,6161
ES,1966,M,Jose Maria,4534
ES,1966,M,Jose Miguel,1500
ES,1966,M,Jose Ramon,1608
ES,1966,M,Juan,5594
ES,1966,M,Juan Antonio,3267
ES,1966,M,Juan Carlos,6040
ES,1966,M,Juan Jose,3558
ES,1966,M,Juan Manuel,2625
ES,1966,M,Julian,1251
ES,1966,M,Julio,1282
ES,1966,M,Luis,3193
ES,1966,M,Manuel,10943
ES,1966,M,Miguel,3564
ES,1966,M,Miguel Angel,5584
ES,1966,M,Pablo,1281
ES,1966,M,Pedro,4175
ES,1966,M,Rafael,4945
ES,1966,M,Ramon,2391
ES,1966,M,Ricardo,1552
ES,1966,M,Roberto,1449
ES,1966,M,Salvador,1659
ES,1966,M,Santiago,2057
ES,1966,M,Vicente,2255
ES,1967,F,Ana,2928
ES,1967,F,Ana Isabel,2312
ES,1967,F,Ana Maria,7623
ES,1967,F,Antonia,4302
ES,1967,F,Carmen,4769
ES,1967,F,Concepcion,2869
ES,1967,F,Cristina,1861
ES,1967,F,Dolores,3276
ES,1967,F,Elena,1616
ES,1967,F,Encarnacion,2539
ES,1967,F,Francisca,4373
ES,1967,F,Inmaculada,2029
ES,1967,F,Isabel,4856
ES,1967,F,Josefa,4798
ES,1967,F,Juana,2260
ES,1967,F,Manuela,2918
ES,1967,F,Margarita,2056
ES,1967,F,Maria,4238
ES,1967,F,Maria Angeles,6222
ES,1967,F,Maria Antonia,1498
ES,1967,F,Maria Begoña,1391
ES,1967,F,Maria Carmen,17478
ES,1967,F,Maria Concepcion,1601
ES,1967,F,Maria Dolores,7157
ES,1967,F,Maria Elena,1946
ES,1967,F,Maria Isabel,5915
ES,1967,F,Maria Jesus,4080
ES,1967,F,Maria Jose,6477
ES,1967,F,Maria Josefa,2143
ES,1967,F,Maria Luisa,3737
ES,1967,F,Maria Mar,3245
ES,1967,F,Maria Mercedes,2599
ES,1967,F,Maria Nieves,1498
ES,1967,F,Maria Pilar,7250
ES,1967,F,Maria Rosa,1479
ES,1967,F,Maria Rosario,2192
ES,1967,F,Maria Soledad,1441
ES,1967,F,Maria Teresa,6468
ES,1967,F,Maria Victoria,1732
ES,1967,F,Marta,1643
ES,1967,F,Mercedes,3014
ES,1967,F,Montserrat,3247
ES,1967,F,Nuria,1669
ES,1967,F,Pilar,2371
ES,1967,F,Rosa,1507
ES,1967,F,Rosa Maria,4929
ES,1967,F,Rosario,2453
ES,1967,F,Susana,1729
ES,1967,F,Teresa,1688
ES,1967,F,Yolanda,1976
ES,1967,M,Agustin,1311
ES,1967,M,Alberto,2046
ES,1967,M,Alfonso,1744
ES,1967,M,Andres,1911
ES,1967,M,Angel,3617
ES,1967,M,Antonio,13099
ES,1967,M,Carlos,4047
ES,1967,M,David,1271
ES,1967,M,Diego,1240
ES,1967,M,Eduardo,1704
ES,1967,M,Emilio,1459
ES,1967,M,Enrique,2350
ES,1967,M,Fernando,4337
ES,1967,M,Francisco,9541
ES,1967,M,Francisco Javier,7940
ES,1967,M,Francisco Jose,2547
ES,1967,M,Ignacio,1237
ES,1967,M,Jaime,1214
ES,1967,M,Javier,3414
ES,1967,M,Jesus,5015
ES,1967,M,Joaquin,2228
ES,1967,M,Jordi,1338
ES,1967,M,Jorge,2243
ES,1967,M,Jose,9881
ES,1967,M,Jose Antonio,8221
ES,1967,M,Jose Luis,7507
ES,1967,M,Jose Manuel,6161
ES,1967,M,Jose Maria,4534
ES,1967,M,Jose Miguel,1500
ES,1967,M,Jose Ramon,1608
ES,1967,M,Juan,5593
ES,1967,M,Juan Antonio,3267
ES,1967,M,Juan Carlos,6040
ES,1967,M,Juan Jose,3558
ES,1967,M,Juan Manuel,2625
ES,1967,M,Julian,1250
ES,1967,M,Julio,1282
ES,1967,M,Luis,3192
ES,1967,M,Manuel,10943
ES,1967,M,Miguel,3564
ES,1967,M,Miguel Angel,5583
ES,1967,M,Pablo,1281
ES,1967,M,Pedro,4174
ES,1967,M,Rafael,4945
ES,1967,M,Ramon,2391
ES,1967,M,Ricardo,1552
ES,1967,M,Roberto,1449
ES,1967,M,Salvador,1658
ES,1967,M,Santiago,2057
ES,1967,M,Vicente,2255
ES,1968,F,Ana,2928
ES,1968,F,Ana Isabel,2312
ES,1968,F,Ana Maria,7623
ES,1968,F,Antonia,4302
ES,1968,F,Carmen,4769
ES,1968,F,Concepcion,2869
ES,1968,F,Cristina,1860
ES,1968,F,Dolores,3276
ES,1968,F,Elena,1616
ES,1968,F,Encarnacion,2539
ES,1968,F,Francisca,4373
ES,1968,F,Inmaculada,2029
ES,1968,F,Isabel,4856
ES,1968,F,Josefa,4798
ES,1968,F,Juana,2260
ES,1968,F,Manuela,2918
ES,1968,F,Margarita,2056
ES,1968,F,Maria,4238
ES,1968,F,Maria Angeles,6222
ES,1968,F,Maria Antonia,1498
ES,1968,F,Maria Begoña,1391
ES,1968,F,Maria Carmen,17478
ES,1968,F,Maria Concepcion,1601
ES,1968,F,Maria Dolores,7157
ES,1968,F,Maria Elena,1946
ES,1968,F,Maria Isabel,5914
ES,1968,F,Maria Jesus,4080
ES,1968,F,Maria Jose,6477
ES,1968,F,Maria Josefa,2143
ES,1968,F,Maria Luisa,3737
ES,1968,F,Maria Mar,3245
ES,1968,F,Maria Mercedes,2599
ES,1968,F,Maria Nieves,1498
ES,1968,F,Maria Pilar,7250
ES,1968,F,Maria Rosa,1478
ES,1968,F,Maria Rosario,2192
ES,1968,F,Maria Soledad,1441
ES,1968,F,Maria Teresa,6468
ES,1968,F,Maria Victoria,1732
ES,1968,F,Marta,1643
ES,1968,F,Mercedes,3013
ES,1968,F,Montserrat,3247
ES,1968,F,Nuria,1669
ES,1968,F,Pilar,2371
ES,1968,F,Rosa,1507
ES,1968,F,Rosa Maria,4929
ES,1968,F,Rosario,2452
ES,1968,F,Susana,1729
ES,1968,F,Teresa,1688
ES,1968,F,Yolanda,1975
ES,1968,M,Agustin,1311
ES,1968,M,Alberto,2046
ES,1968,M,Alfonso,1743
ES,1968,M,Andres,1911
ES,1968,M,Angel,3616
ES,1968,M,Antonio,13099
ES,1968,M,Carlos,4047
ES,1968,M,David,1271
ES,1968,M,Diego,1240
ES,1968,M,Eduardo,1704
ES,1968,M,Emilio,1459
ES,1968,M,Enrique,2350
ES,1968,M,Fernando,4337
ES,1968,M,Francisco,9541
ES,1968,M,Francisco Javier,7940
ES,1968,M,Francisco Jose,2547
ES,1968,M,Ignacio,1237
ES,1968,M,Jaime,1214
ES,1968,M,Javier,3414
ES,1968,M,Jesus,5015
ES,1968,M,Joaquin,2228
ES,1968,M,Jordi,1338
ES,1968,M,Jorge,2243
ES,1968,M,Jose,9881
ES,1968,M,Jose Antonio,8221
ES,1968,M,Jose Luis,7507
ES,1968,M,Jose Manuel,6160
ES,1968,M,Jose Maria,4534
ES,1968,M,Jose Miguel,1500
ES,1968,M,Jose Ramon,1608
ES,1968,M,Juan,5593
ES,1968,M,Juan Antonio,3267
ES,1968,M,Juan Carlos,6040
ES,1968,M,Juan Jose,3558
ES,1968,M,Juan Manuel,2625
ES,1968,M,Julian,1250
ES,1968,M,Julio,1282
ES,1968,M,Luis,3192
ES,1968,M,Manuel,10943
ES,1968,M,Miguel,3564
ES,1968,M,Miguel Angel,5583
ES,1968,M,Pablo,1281
ES,1968,M,Pedro,4174
ES,1968,M,Rafael,4945
ES,1968,M,Ramon,2391
ES,1968,M,Ricardo,1552
ES,1968,M,Roberto,1449
ES,1968,M,Salvador,1658
ES,1968,M,Santiago,2057
ES,1968,M,Vicente,2255
ES,1969,F,Ana,2928
ES,1969,F,Ana Isabel,2312
ES,1969,F,Ana Maria,7623
ES,1969,F,Antonia,4302
ES,1969,F,Carmen,4769
ES,1969,F,Concepcion,2869
ES,1969,F,Cristina,1860
ES,1969,F,Dolores,3276
ES,1969,F,Elena,1616
ES,1969,F,Encarnacion,2539
ES,1969,F,Francisca,4373
ES,1969,F,Inmaculada,2029
ES,1969,F,Isabel,4856
ES,1969,F,Josefa,4798
ES,1969,F,Juana,2260
ES,1969,F,Manuela,2918
ES,1969,F,Margarita,2056
ES,1969,F,Maria,4238
ES,1969,F,Maria Angeles,6222
ES,1969,F,Maria Antonia,1498
ES,1969,F,Maria Begoña,1391
ES,1969,F,Maria Carmen,17478
ES,1969,F,Maria Concepcion,1600
ES,1969,F,Maria Dolores,7156
ES,1969,F,Maria Elena,1946
ES,1969,F,Maria Isabel,5914
ES,1969,F,Maria Jesus,4080
ES,1969,F,Maria Jose,6477
ES,1969,F,Maria Josefa,2143
ES,1969,F,Maria Luisa,3737
ES,1969,F,Maria Mar,3245
ES,1969,F,Maria Mercedes,2599
ES,1969,F,Maria Nieves,1498
ES,1969,F,Maria Pilar,7250
ES,1969,F,Maria Rosa,1478
ES,1969,F,Maria Rosario,2191
ES,1969,F,Maria Soledad,1441
ES,1969,F,Maria Teresa,6468
ES,1969,F,Maria Victoria,1732
ES,1969,F,Marta,1643
ES,1969,F,Mercedes,3013
ES,1969,F,Montserrat,3247
ES,1969,F,Nuria,1669
ES,1969,F,Pilar,2371
ES,1969,F,Rosa,1507
ES,1969,F,Rosa Maria,4929
ES,1969,F,Rosario,2452
ES,1969,F,Susana,1728
ES,1969,F,Teresa,1688
ES,1969,F,Yolanda,1975
ES,1969,M,Agustin,1311
ES,1969,M,Alberto,2046
ES,1969,M,Alfonso,1743
ES,1969,M,Andres,1910
ES,1969,M,Angel,3616
ES,1969,M,Antonio,13099
ES,1969,M,Carlos,4047
ES,1969,M,David,1271
ES,1969,M,Diego,1240
ES,1969,M,Eduardo,1704
ES,1969,M,Emilio,1459
ES,1969,M,Enrique,2350
ES,1969,M,Fernando,4336
ES,1969,M,Francisco,9541
ES,1969,M,Francisco Javier,7940
ES,1969,M,Francisco Jose,2547
ES,1969,M,Ignacio,1237
ES,1969,M,Jaime,1214
ES,1969,M,Javier,3414
ES,1969,M,Jesus,5015
ES,1969,M,Joaquin,2228
ES,1969,M,Jordi,1338
ES,1969,M,Jorge,2243
ES,1969,M,Jose,9881
ES,1969,M,Jose Antonio,8221
ES,1969,M,Jose Luis,7507
ES,1969,M,Jose Manuel,6160
ES,1969,M,Jose Maria,4533
ES,1969,M,Jose Miguel,1499
ES,1969,M,Jose Ramon,1608
ES,1969,M,Juan,5593
ES,1969,M,Juan Antonio,3267
ES,1969,M,Juan Carlos,6040
ES,1969,M,Juan Jose,3558
ES,1969,M,Juan Manuel,2625
ES,1969,M,Julian,1250
ES,1969,M,Julio,1282
ES,1969,M,Luis,3192
ES,1969,M,Manuel,10943
ES,1969,M,Miguel,3564
ES,1969,M,Miguel Angel,5583
ES,1969,M,Pablo,1281
ES,1969,M,Pedro,4174
ES,1969,M,Rafael,4945
ES,1969,M,Ramon,2391
ES,1969,M,Ricardo,1552
ES,1969,M,Roberto,1449
ES,1969,M,Salvador,1658
ES,1969,M,Santiago,2057
ES,1969,M,Vicente,2255
ES,1970,F,Alicia,2003
ES,1970,F,Ana,2998
ES,1970,F,Ana Belen,3223
ES,1970,F,Ana Isabel,2830
ES,1970,F,Ana Maria,6088
ES,1970,F,Antonia,1898
ES,1970,F,Beatriz,3371
ES,1970,F,Carmen,2205
ES,1970,F,Carolina,1715
ES,1970,F,Cristina,5445
ES,1970,F,Elena,2831
ES,1970,F,Esther,2052
ES,1970,F,Eva,2717
ES,1970,F,Eva Maria,3892
ES,1970,F,Francisca,2039
ES,1970,F,Inmaculada,2533
ES,1970,F,Isabel,3017
ES,1970,F,Josefa,1625
ES,1970,F,Laura,3967
ES,1970,F,Maria,4145
ES,1970,F,Maria Angeles,4109
ES,1970,F,Maria Belen,1493
ES,1970,F,Maria Carmen,10310
ES,1970,F,Maria Dolores,4416
ES,1970,F,Maria Elena,1758
ES,1970,F,Maria Isabel,4651
ES,1970,F,Maria Jesus,2403
ES,1970,F,Maria Jose,6443
ES,1970,F,Maria Luisa,2043
ES,1970,F,Maria Mar,3678
ES,1970,F,Maria Pilar,4505
ES,1970,F,Maria Teresa,4360
ES,1970,F,Marta,4616
ES,1970,F,Mercedes,1667
ES,1970,F,Monica,5564
ES,1970,F,Montserrat,2811
ES,1970,F,Natalia,1895
ES,1970,F,Noelia,1635
ES,1970,F,Nuria,3461
ES,1970,F,Olga,1762
ES,1970,F,Patricia,2511
ES,1970,F,Raquel,5410
ES,1970,F,Rocio,1921
ES,1970,F,Rosa Maria,3319
ES,1970,F,Sandra,2190
ES,1970,F,Silvia,4624
ES,1970,F,Sonia,5147
ES,1970,F,Susana,5108
ES,1970,F,Veronica,1820
ES,1970,F,Yolanda,4658
ES,1970,M,Alberto,3990
ES,1970,M,Alejandro,2449
ES,1970,M,Andres,1649
ES,1970,M,Angel,2741
ES,1970,M,Antonio,8939
ES,1970,M,Carlos,5366
ES,1970,M,Daniel,4476
ES,1970,M,David,10567
ES,1970,M,Diego,1879
ES,1970,M,Eduardo,2159
ES,1970,M,Enrique,2160
ES,1970,M,Fernando,4032
ES,1970,M,Francisco,5671
ES,1970,M,Francisco Javier,8799
ES,1970,M,Francisco Jose,2650
ES,1970,M,Ignacio,1800
ES,1970,M,Ivan,2105
ES,1970,M,Javier,6839
ES,1970,M,Jesus,4282
ES,1970,M,Joaquin,1679
ES,1970,M,Jordi,2257
ES,1970,M,Jorge,4640
ES,1970,M,Jose,5037
ES,1970,M,Jose Antonio,6919
ES,1970,M,Jose Luis,5523
ES,1970,M,Jose Manuel,5878
ES,1970,M,Jose Maria,3560
ES,1970,M,Jose Miguel,1621
ES,1970,M,Juan,3521
ES,1970,M,Juan Antonio,3002
ES,1970,M,Juan Carlos,5033
ES,1970,M,Juan Jose,3237
ES,1970,M,Juan Manuel,2685
ES,1970,M,Luis,2579
ES,1970,M,Manuel,7040
ES,1970,M,Miguel,3035
ES,1970,M,Miguel Angel,6861
ES,1970,M,Oscar,5105
ES,1970,M,Pablo,2213
ES,1970,M,Pedro,2939
ES,1970,M,Rafael,4138
ES,1970,M,Ramon,1644
ES,1970,M,Raul,4325
ES,1970,M,Ricardo,1843
ES,1970,M,Roberto,3039
ES,1970,M,Ruben,2344
ES,1970,M,Santiago,2049
ES,1970,M,Sergio,4615
ES,1970,M,Vicente,1569
ES,1970,M,Victor Manuel,1567
ES,1971,F,Alicia,2002
ES,1971,F,Ana,2998
ES,1971,F,Ana Belen,3223
ES,1971,F,Ana Isabel,2830
ES,1971,F,Ana Maria,6087
ES,1971,F,Antonia,1898
ES,1971,F,Beatriz,3371
ES,1971,F,Carmen,2205
ES,1971,F,Carolina,1715
ES,1971,F,Cristina,5445
ES,1971,F,Elena,2831
ES,1971,F,Esther,2052
ES,1971,F,Eva,2716
ES,1971,F,Eva Maria,3892
ES,1971,F,Francisca,2039
ES,1971,F,Inmaculada,2533
ES,1971,F,Isabel,3017
ES,1971,F,Josefa,1625
ES,1971,F,Laura,3966
ES,1971,F,Maria,4145
ES,1971,F,Maria Angeles,4109
ES,1971,F,Maria Belen,1493
ES,1971,F,Maria Carmen,10310
ES,1971,F,Maria Dolores,4416
ES,1971,F,Maria Elena,1758
ES,1971,F,Maria Isabel,4651
ES,1971,F,Maria Jesus,2403
ES,1971,F,Maria Jose,6443
ES,1971,F,Maria Luisa,2043
ES,1971,F,Maria Mar,3678
ES,1971,F,Maria Pilar,4504
ES,1971,F,Maria Teresa,4359
ES,1971,F,Marta,4616
ES,1971,F,Mercedes,1667
ES,1971,F,Monica,5563
ES,1971,F,Montserrat,2811
ES,1971,F,Natalia,1895
ES,1971,F,Noelia,1635
ES,1971,F,Nuria,3460
ES,1971,F,Olga,1762
ES,1971,F,Patricia,2511
ES,1971,F,Raquel,5409
ES,1971,F,Rocio,1921
ES,1971,F,Rosa Maria,3319
ES,1971,F,Sandra,2190
ES,1971,F,Silvia,4623
ES,1971,F,Sonia,5147
ES,1971,F,Susana,5108
ES,1971,F,Veronica,1820
ES,1971,F,Yolanda,4658
ES,1971,M,Alberto,3990
ES,1971,M,Alejandro,2449
ES,1971,M,Andres,1649
ES,1971,M,Angel,2741
ES,1971,M,Antonio,8939
ES,1971,M,Carlos,5366
ES,1971,M,Daniel,4476
ES,1971,M,David,10567
ES,1971,M,Diego,1879
ES,1971,M,Eduardo,2159
ES,1971,M,Enrique,2160
ES,1971,M,Fernando,4032
ES,1971,M,Francisco,5671
ES,1971,M,Francisco Javier,8799
ES,1971,M,Francisco Jose,2650
ES,1971,M,Ignacio,1800
ES,1971,M,Ivan,2105
ES,1971,M,Javier,6839
ES,1971,M,Jesus,4282
ES,1971,M,Joaquin,1679
ES,1971,M,Jordi,2257
ES,1971,M,Jorge,4640
ES,1971,M,Jose,5037
ES,1971,M,Jose Antonio,6919
ES,1971,M,Jose Luis,5523
ES,1971,M,Jose Manuel,5878
ES,1971,M,Jose Maria,3560
ES,1971,M,Jose Miguel,1621
ES,1971,M,Juan,3521
ES,1971,M,Juan Antonio,3002
ES,1971,M,Juan Carlos,5033
ES,1971,M,Juan Jose,3237
ES,1971,M,Juan Manuel,2685
ES,1971,M,Luis,2579
ES,1971,M,Manuel,7040
ES,1971,M,Miguel,3035
ES,1971,M,Miguel Angel,6861
ES,1971,M,Oscar,5105
ES,1971,M,Pablo,2212
ES,1971,M,Pedro,2939
ES,1971,M,Rafael,4138
ES,1971,M,Ramon,1644
ES,1971,M,Raul,4325
ES,1971,M,Ricardo,1843
ES,1971,M,Roberto,3039
ES,1971,M,Ruben,2344
ES,1971,M,Santiago,2049
ES,1971,M,Sergio,4615
ES,1971,M,Vicente,1569
ES,1971,M,Victor Manuel,1567
ES,1972,F,Alicia,2002
ES,1972,F,Ana,2998
ES,1972,F,Ana Belen,3223
ES,1972,F,Ana Isabel,2830
ES,1972,F,Ana Maria,6087
ES,1972,F,Antonia,1898
ES,1972,F,Beatriz,3371
ES,1972,F,Carmen,2204
ES,1972,F,Carolina,1715
ES,1972,F,Cristina,5445
ES,1972,F,Elena,2831
ES,1972,F,Esther,2052
ES,1972,F,Eva,2716
ES,1972,F,Eva Maria,3892
ES,1972,F,Francisca,2039
ES,1972,F,Inmaculada,2533
ES,1972,F,Isabel,3017
ES,1972,F,Josefa,1625
ES,1972,F,Laura,3966
ES,1972,F,Maria,4145
ES,1972,F,Maria Angeles,4109
ES,1972,F,Maria Belen,1493
ES,1972,F,Maria Carmen,10310
ES,1972,F,Maria Dolores,4416
ES,1972,F,Maria Elena,1758
ES,1972,F,Maria Isabel,4651
ES,1972,F,Maria Jesus,2403
ES,1972,F,Maria Jose,6443
ES,1972,F,Maria Luisa,2043
ES,1972,F,Maria Mar,3678
ES,1972,F,Maria Pilar,4504
ES,1972,F,Maria Teresa,4359
ES,1972,F,Marta,4616
ES,1972,F,Mercedes,1667
ES,1972,F,Monica,5563
ES,1972,F,Montserrat,2811
ES,1972,F,Natalia,1895
ES,1972,F,Noelia,1635
ES,1972,F,Nuria,3460
ES,1972,F,Olga,1761
ES,1972,F,Patricia,2510
ES,1972,F,Raquel,5409
ES,1972,F,Rocio,1921
ES,1972,F,Rosa Maria,3319
ES,1972,F,Sandra,2190
ES,1972,F,Silvia,4623
ES,1972,F,Sonia,5147
ES,1972,F,Susana,5108
ES,1972,F,Veronica,1820
ES,1972,F,Yolanda,4658
ES,1972,M,Alberto,3990
ES,1972,M,Alejandro,2449
ES,1972,M,Andres,1649
ES,1972,M,Angel,2741
ES,1972,M,Antonio,8939
ES,1972,M,Carlos,5366
ES,1972,M,Daniel,4476
ES,1972,M,David,10567
ES,1972,M,Diego,1879
ES,1972,M,Eduardo,2159
ES,1972,M,Enrique,2159
ES,1972,M,Fernando,4032
ES,1972,M,Francisco,5671
ES,1972,M,Francisco Javier,8799
ES,1972,M,Francisco Jose,2650
ES,1972,M,Ignacio,1800
ES,1972,M,Ivan,2105
ES,1972,M,Javier,6839
ES,1972,M,Jesus,4282
ES,1972,M,Joaquin,1679
ES,1972,M,Jordi,2256
ES,1972,M,Jorge,4640
ES,1972,M,Jose,5037
ES,1972,M,Jose Antonio,6919
ES,1972,M,Jose Luis,5523
ES,1972,M,Jose Manuel,5878
ES,1972,M,Jose Maria,3560
ES,1972,M,Jose Miguel,1620
ES,1972,M,Juan,3521
ES,1972,M,Juan Antonio,3002
ES,1972,M,Juan Carlos,5033
ES,1972,M,Juan Jose,3237
ES,1972,M,Juan Manuel,2685
ES,1972,M,Luis,2579
ES,1972,M,Manuel,7040
ES,1972,M,Miguel,3035
ES,1972,M,Miguel Angel,6861
ES,1972,M,Oscar,5105
ES,1972,M,Pablo,2212
ES,1972,M,Pedro,2939
ES,1972,M,Rafael,4138
ES,1972,M,Ramon,1644
ES,1972,M,Raul,4324
ES,1972,M,Ricardo,1843
ES,1972,M,Roberto,3039
ES,1972,M,Ruben,2344
ES,1972,M,Santiago,2048
ES,1972,M,Sergio,4615
ES,1972,M,Vicente,1569
ES,1972,M,Victor Manuel,1567
ES,1973,F,Alicia,2002
ES,1973,F,Ana,2997
ES,1973,F,Ana Belen,3223
ES,1973,F,Ana Isabel,2829
ES,1973,F,Ana Maria,6087
ES,1973,F,Antonia,1898
ES,1973,F,Beatriz,3371
ES,1973,F,Carmen,2204
ES,1973,F,Carolina,1715
ES,1973,F,Cristina,5445
ES,1973,F,Elena,2831
ES,1973,F,Esther,2052
ES,1973,F,Eva,2716
ES,1973,F,Eva Maria,3892
ES,1973,F,Francisca,2039
ES,1973,F,Inmaculada,2533
ES,1973,F,Isabel,3016
ES,1973,F,Josefa,1625
ES,1973,F,Laura,3966
ES,1973,F,Maria,4144
ES,1973,F,Maria Angeles,4109
ES,1973,F,Maria Belen,1493
ES,1973,F,Maria Carmen,10310
ES,1973,F,Maria Dolores,4416
ES,1973,F,Maria Elena,1758
ES,1973,F,Maria Isabel,4651
ES,1973,F,Maria Jesus,2403
ES,1973,F,Maria Jose,6443
ES,1973,F,Maria Luisa,2043
ES,1973,F,Maria Mar,3678
ES,1973,F,Maria Pilar,4504
ES,1973,F,Maria Teresa,4359
ES,1973,F,Marta,4616
ES,1973,F,Mercedes,1667
ES,1973,F,Monica,5563
ES,1973,F,Montserrat,2811
ES,1973,F,Natalia,1895
ES,1973,F,Noelia,1635
ES,1973,F,Nuria,3460
ES,1973,F,Olga,1761
ES,1973,F,Patricia,2510
ES,1973,F,Raquel,5409
ES,1973,F,Rocio,1921
ES,1973,F,Rosa Maria,3319
ES,1973,F,Sandra,2190
ES,1973,F,Silvia,4623
ES,1973,F,Sonia,5147
ES,1973,F,Susana,5108
ES,1973,F,Veronica,1819
ES,1973,F,Yolanda,4658
ES,1973,M,Alberto,3990
ES,1973,M,Alejandro,2449
ES,1973,M,Andres,1648
ES,1973,M,Angel,2741
ES,1973,M,Antonio,8939
ES,1973,M,Carlos,5365
ES,1973,M,Daniel,4476
ES,1973,M,David,10567
ES,1973,M,Diego,1879
ES,1973,M,Eduardo,2159
ES,1973,M,Enrique,2159
ES,1973,M,Fernando,4032
ES,1973,M,Francisco,5671
ES,1973,M,Francisco Javier,8799
ES,1973,M,Francisco Jose,2650
ES,1973,M,Ignacio,1800
ES,1973,M,Ivan,2105
ES,1973,M,Javier,6839
ES,1973,M,Jesus,4282
ES,1973,M,Joaquin,1679
ES,1973,M,Jordi,2256
ES,1973,M,Jorge,4640
ES,1973,M,Jose,5037
ES,1973,M,Jose Antonio,6919
ES,1973,M,Jose Luis,5523
ES,1973,M,Jose Manuel,5878
ES,1973,M,Jose Maria,3560
ES,1973,M,Jose Miguel,1620
ES,1973,M,Juan,3521
ES,1973,M,Juan Antonio,3002
ES,1973,M,Juan Carlos,5033
ES,1973,M,Juan Jose,3237
ES,1973,M,Juan Manuel,2685
ES,1973,M,Luis,2578
ES,1973,M,Manuel,7040
ES,1973,M,Miguel,3035
ES,1973,M,Miguel Angel,6861
ES,1973,M,Oscar,5105
ES,1973,M,Pablo,2212
ES,1973,M,Pedro,2938
ES,1973,M,Rafael,4138
ES,1973,M,Ramon,1644
ES,1973,M,Raul,4324
ES,1973,M,Ricardo,1843
ES,1973,M,Roberto,3039
ES,1973,M,Ruben,2344
ES,1973,M,Santiago,2048
ES,1973,M,Sergio,4615
ES,1973,M,Vicente,1569
ES,1973,M,Victor Manuel,1567
ES,1974,F,Alicia,2002
ES,1974,F,Ana,2997
ES,1974,F,Ana Belen,3223
ES,1974,F,Ana Isabel,2829
ES,1974,F,Ana Maria,6087
ES,1974,F,Antonia,1898
ES,1974,F,Beatriz,3371
ES,1974,F,Carmen,2204
ES,1974,F,Carolina,1715
ES,1974,F,Cristina,5444
ES,1974,F,Elena,2831
ES,1974,F,Esther,2052
ES,1974,F,Eva,2716
ES,1974,F,Eva Maria,3892
ES,1974,F,Francisca,2039
ES,1974,F,Inmaculada,2533
ES,1974,F,Isabel,3016
ES,1974,F,Josefa,1625
ES,1974,F,Laura,3966
ES,1974,F,Maria,4144
ES,1974,F,Maria Angeles,4108
ES,1974,F,Maria Belen,1493
ES,1974,F,Maria Carmen,10310
ES,1974,F,Maria Dolores,4416
ES,1974,F,Maria Elena,1757
ES,1974,F,Maria Isabel,4651
ES,1974,F,Maria Jesus,2403
ES,1974,F,Maria Jose,6443
ES,1974,F,Maria Luisa,2043
ES,1974,F,Maria Mar,3678
ES,1974,F,Maria Pilar,4504
ES,1974,F,Maria Teresa,4359
ES,1974,F,Marta,4616
ES,1974,F,Mercedes,1667
ES,1974,F,Monica,5563
ES,1974,F,Montserrat,2810
ES,1974,F,Natalia,1895
ES,1974,F,Noelia,1635
ES,1974,F,Nuria,3460
ES,1974,F,Olga,1761
ES,1974,F,Patricia,2510
ES,1974,F,Raquel,5409
ES,1974,F,Rocio,1921
ES,1974,F,Rosa Maria,3319
ES,1974,F,Sandra,2190
ES,1974,F,Silvia,4623
ES,1974,F,Sonia,5147
ES,1974,F,Susana,5108
ES,1974,F,Veronica,1819
ES,1974,F,Yolanda,4658
ES,1974,M,Alberto,3989
ES,1974,M,Alejandro,2449
ES,1974,M,Andres,1648
ES,1974,M,Angel,2741
ES,1974,M,Antonio,8939
ES,1974,M,Carlos,5365
ES,1974,M,Daniel,4476
ES,1974,M,David,10566
ES,1974,M,Diego,1879
ES,1974,M,Eduardo,2159
ES,1974,M,Enrique,2159
ES,1974,M,Fernando,4031
ES,1974,M,Francisco,5670
ES,1974,M,Francisco Javier,8799
ES,1974,M,Francisco Jose,2650
ES,1974,M,Ignacio,1800
ES,1974,M,Ivan,2105
ES,1974,M,Javier,6838
ES,1974,M,Jesus,4282
ES,1974,M,Joaquin,1678
ES,1974,M,Jordi,2256
ES,1974,M,Jorge,4640
ES,1974,M,Jose,5037
ES,1974,M,Jose Antonio,6919
ES,1974,M,Jose Luis,5523
ES,1974,M,Jose Manuel,5878
ES,1974,M,Jose Maria,3560
ES,1974,M,Jose Miguel,1620
ES,1974,M,Juan,3520
ES,1974,M,Juan Antonio,3001
ES,1974,M,Juan Carlos,5033
ES,1974,M,Juan Jose,3237
ES,1974,M,Juan Manuel,2685
ES,1974,M,Luis,2578
ES,1974,M,Manuel,7040
ES,1974,M,Miguel,3034
ES,1974,M,Miguel Angel,6861
ES,1974,M,Oscar,5105
ES,1974,M,Pablo,2212
ES,1974,M,Pedro,2938
ES,1974,M,Rafael,4138
ES,1974,M,Ramon,1644
ES,1974,M,Raul,4324
ES,1974,M,Ricardo,1843
ES,1974,M,Roberto,3039
ES,1974,M,Ruben,2343
ES,1974,M,Santiago,2048
ES,1974,M,Sergio,4615
ES,1974,M,Vicente,1569
ES,1974,M,Victor Manuel,1567
ES,1975,F,Alicia,2002
ES,1975,F,Ana,2997
ES,1975,F,Ana Belen,3223
ES,1975,F,Ana Isabel,2829
ES,1975,F,Ana Maria,6087
ES,1975,F,Antonia,1898
ES,1975,F,Beatriz,3371
ES,1975,F,Carmen,2204
ES,1975,F,Carolina,1715
ES,1975,F,Cristina,5444
ES,1975,F,Elena,2830
ES,1975,F,Esther,2052
ES,1975,F,Eva,2716
ES,1975,F,Eva Maria,3892
ES,1975,F,Francisca,2039
ES,1975,F,Inmaculada,2533
ES,1975,F,Isabel,3016
ES,1975,F,Josefa,1625
ES,1975,F,Laura,3966
ES,1975,F,Maria,4144
ES,1975,F,Maria Angeles,4108
ES,1975,F,Maria Belen,1493
ES,1975,F,Maria Carmen,10309
ES,1975,F,Maria Dolores,4416
ES,1975,F,Maria Elena,1757
ES,1975,F,Maria Isabel,4651
ES,1975,F,Maria Jesus,2403
ES,1975,F,Maria Jose,6442
ES,1975,F,Maria Luisa,2043
ES,1975,F,Maria Mar,3678
ES,1975,F,Maria Pilar,4504
ES,1975,F,Maria Teresa,4359
ES,1975,F,Marta,4616
ES,1975,F,Mercedes,1667
ES,1975,F,Monica,5563
ES,1975,F,Montserrat,2810
ES,1975,F,Natalia,1894
ES,1975,F,Noelia,1635
ES,1975,F,Nuria,3460
ES,1975,F,Olga,1761
ES,1975,F,Patricia,2510
ES,1975,F,Raquel,5409
ES,1975,F,Rocio,1921
ES,1975,F,Rosa Maria,3319
ES,1975,F,Sandra,2190
ES,1975,F,Silvia,4623
ES,1975,F,Sonia,5147
ES,1975,F,Susana,5108
ES,1975,F,Veronica,1819
ES,1975,F,Yolanda,4658
ES,1975,M,Alberto,3989
ES,1975,M,Alejandro,2449
ES,1975,M,Andres,1648
ES,1975,M,Angel,2741
ES,1975,M,Antonio,8939
ES,1975,M,Carlos,5365
ES,1975,M,Daniel,4476
ES,1975,M,David,10566
ES,1975,M,Diego,1879
ES,1975,M,Eduardo,2158
ES,1975,M,Enrique,2159
ES,1975,M,Fernando,4031
ES,1975,M,Francisco,5670
ES,1975,M,Francisco Javier,8799
ES,1975,M,Francisco Jose,2650
ES,1975,M,Ignacio,1800
ES,1975,M,Ivan,2105
ES,1975,M,Javier,6838
ES,1975,M,Jesus,4282
ES,1975,M,Joaquin,1678
ES,1975,M,Jordi,2256
ES,1975,M,Jorge,4640
ES,1975,M,Jose,5037
ES,1975,M,Jose Antonio,6918
ES,1975,M,Jose Luis,5523
ES,1975,M,Jose Manuel,5878
ES,1975,M,Jose Maria,3560
ES,1975,M,Jose Miguel,1620
ES,1975,M,Juan,3520
ES,1975,M,Juan Antonio,3001
ES,1975,M,Juan Carlos,5032
ES,1975,M,Juan Jose,3236
ES,1975,M,Juan Manuel,2684
ES,1975,M,Luis,2578
ES,1975,M,Manuel,7040
ES,1975,M,Miguel,3034
ES,1975,M,Miguel Angel,6861
ES,1975,M,Oscar,5105
ES,1975,M,Pablo,2212
ES,1975,M,Pedro,2938
ES,1975,M,Rafael,4138
ES,1975,M,Ramon,1643
ES,1975,M,Raul,4324
ES,1975,M,Ricardo,1843
ES,1975,M,Roberto,3039
ES,1975,M,Ruben,2343
ES,1975,M,Santiago,2048
ES,1975,M,Sergio,4615
ES,1975,M,Vicente,1569
ES,1975,M,Victor Manuel,1567
ES,1976,F,Alicia,2002
ES,1976,F,Ana,2997
ES,1976,F,Ana Belen,3223
ES,1976,F,Ana Isabel,2829
ES,1976,F,Ana Maria,6087
ES,1976,F,Antonia,1898
ES,1976,F,Beatriz,3371
ES,1976,F,Carmen,2204
ES,1976,F,Carolina,1715
ES,1976,F,Cristina,5444
ES,1976,F,Elena,2830
ES,1976,F,Esther,2052
ES,1976,F,Eva,2716
ES,1976,F,Eva Maria,3892
ES,1976,F,Francisca,2039
ES,1976,F,Inmaculada,2533
ES,1976,F,Isabel,3016
ES,1976,F,Josefa,1624
ES,1976,F,Laura,3966
ES,1976,F,Maria,4144
ES,1976,F,Maria Angeles,4108
ES,1976,F,Maria Belen,1493
ES,1976,F,Maria Carmen,10309
ES,1976,F,Maria Dolores,4416
ES,1976,F,Maria Elena,1757
ES,1976,F,Maria Isabel,4651
ES,1976,F,Maria Jesus,2403
ES,1976,F,Maria Jose,6442
ES,1976,F,Maria Luisa,2043
ES,1976,F,Maria Mar,3678
ES,1976,F,Maria Pilar,4504
ES,1976,F,Maria Teresa,4359
ES,1976,F,Marta,4616
ES,1976,F,Mercedes,1667
ES,1976,F,Monica,5563
ES,1976,F,Montserrat,2810
ES,1976,F,Natalia,1894
ES,1976,F,Noelia,1635
ES,1976,F,Nuria,3460
ES,1976,F,Olga,1761
ES,1976,F,Patricia,2510
ES,1976,F,Raquel,5409
ES,1976,F,Rocio,1921
ES,1976,F,Rosa Maria,3319
ES,1976,F,Sandra,2189
ES,1976,F,Silvia,4623
ES,1976,F,Sonia,5147
ES,1976,F,Susana,5107
ES,1976,F,Veronica,1819
ES,1976,F,Yolanda,4657
ES,1976,M,Alberto,3989
ES,1976,M,Alejandro,2449
ES,1976,M,Andres,1648
ES,1976,M,Angel,2741
ES,1976,M,Antonio,8939
ES,1976,M,Carlos,5365
ES,1976,M,Daniel,4476
ES,1976,M,David,10566
ES,1976,M,Diego,1879
ES,1976,M,Eduardo,2158
ES,1976,M,Enrique,2159
ES,1976,M,Fernando,4031
ES,1976,M,Francisco,5670
ES,1976,M,Francisco Javier,8799
ES,1976,M,Francisco Jose,2650
ES,1976,M,Ignacio,1800
ES,1976,M,Ivan,2104
ES,1976,M,Javier,6838
ES,1976,M,Jesus,4282
ES,1976,M,Joaquin,1678
ES,1976,M,Jordi,2256
ES,1976,M,Jorge,4640
ES,1976,M,Jose,5037
ES,1976,M,Jose Antonio,6918
ES,1976,M,Jose Luis,5523
ES,1976,M,Jose Manuel,5878
ES,1976,M,Jose Maria,3560
ES,1976,M,Jose Miguel,1620
ES,1976,M,Juan,3520
ES,1976,M,Juan Antonio,3001
ES,1976,M,Juan Carlos,5032
ES,1976,M,Juan Jose,3236
ES,1976,M,Juan Manuel,2684
ES,1976,M,Luis,2578
ES,1976,M,Manuel,7040
ES,1976,M,Miguel,3034
ES,1976,M,Miguel Angel,6861
ES,1976,M,Oscar,5105
ES,1976,M,Pablo,2212
ES,1976,M,Pedro,2938
ES,1976,M,Rafael,4137
ES,1976,M,Ramon,1643
ES,1976,M,Raul,4324
ES,1976,M,Ricardo,1843
ES,1976,M,Roberto,3039
ES,1976,M,Ruben,2343
ES,1976,M,Santiago,2048
ES,1976,M,Sergio,4615
ES,1976,M,Vicente,1569
ES,1976,M,Victor Manuel,1566
ES,1977,F,Alicia,2002
ES,1977,F,Ana,2997
ES,1977,F,Ana Belen,3222
ES,1977,F,Ana Isabel,2829
ES,1977,F,Ana Maria,6087
ES,1977,F,Antonia,1898
ES,1977,F,Beatriz,3371
ES,1977,F,Carmen,2204
ES,1977,F,Carolina,1715
ES,1977,F,Cristina,5444
ES,1977,F,Elena,2830
ES,1977,F,Esther,2052
ES,1977,F,Eva,2716
ES,1977,F,Eva Maria,3892
ES,1977,F,Francisca,2039
ES,1977,F,Inmaculada,2533
ES,1977,F,Isabel,3016
ES,1977,F,Josefa,1624
ES,1977,F,Laura,3966
ES,1977,F,Maria,4144
ES,1977,F,Maria Angeles,4108
ES,1977,F,Maria Belen,1493
ES,1977,F,Maria Carmen,10309
ES,1977,F,Maria Dolores,4416
ES,1977,F,Maria Elena,1757
ES,1977,F,Maria Isabel,4651
ES,1977,F,Maria Jesus,2403
ES,1977,F,Maria Jose,6442
ES,1977,F,Maria Luisa,2042
ES,1977,F,Maria Mar,3677
ES,1977,F,Maria Pilar,4504
ES,1977,F,Maria Teresa,4359
ES,1977,F,Marta,4616
ES,1977,F,Mercedes,1667
ES,1977,F,Monica,5563
ES,1977,F,Montserrat,2810
ES,1977,F,Natalia,1894
ES,1977,F,Noelia,1634
ES,1977,F,Nuria,3460
ES,1977,F,Olga,1761
ES,1977,F,Patricia,2510
ES,1977,F,Raquel,5409
ES,1977,F,Rocio,1921
ES,1977,F,Rosa Maria,3319
ES,1977,F,Sandra,2189
ES,1977,F,Silvia,4623
ES,1977,F,Sonia,5147
ES,1977,F,Susana,5107
ES,1977,F,Veronica,1819
ES,1977,F,Yolanda,4657
ES,1977,M,Alberto,3989
ES,1977,M,Alejandro,2449
ES,1977,M,Andres,1648
ES,1977,M,Angel,2741
ES,1977,M,Antonio,8938
ES,1977,M,Carlos,5365
ES,1977,M,Daniel,4476
ES,1977,M,David,10566
ES,1977,M,Diego,1878
ES,1977,M,Eduardo,2158
ES,1977,M,Enrique,2159
ES,1977,M,Fernando,4031
ES,1977,M,Francisco,5670
ES,1977,M,Francisco Javier,8799
ES,1977,M,Francisco Jose,2650
ES,1977,M,Ignacio,1800
ES,1977,M,Ivan,2104
ES,1977,M,Javier,6838
ES,1977,M,Jesus,4282
ES,1977,M,Joaquin,1678
ES,1977,M,Jordi,2256
ES,1977,M,Jorge,4640
ES,1977,M,Jose,5036
ES,1977,M,Jose Antonio,6918
ES,1977,M,Jose Luis,5523
ES,1977,M,Jose Manuel,5878
ES,1977,M,Jose Maria,3560
ES,1977,M,Jose Miguel,1620
ES,1977,M,Juan,3520
ES,1977,M,Juan Antonio,3001
ES,1977,M,Juan Carlos,5032
ES,1977,M,Juan Jose,3236
ES,1977,M,Juan Manuel,2684
ES,1977,M,Luis,2578
ES,1977,M,Manuel,7040
ES,1977,M,Miguel,3034
ES,1977,M,Miguel Angel,6861
ES,1977,M,Oscar,5104
ES,1977,M,Pablo,2212
ES,1977,M,Pedro,2938
ES,1977,M,Rafael,4137
ES,1977,M,Ramon,1643
ES,1977,M,Raul,4324
ES,1977,M,Ricardo,1842
ES,1977,M,Roberto,3039
ES,1977,M,Ruben,2343
ES,1977,M,Santiago,2048
ES,1977,M,Sergio,4614
ES,1977,M,Vicente,1568
ES,1977,M,Victor Manuel,1566
ES,1978,F,Alicia,2002
ES,1978,F,Ana,2997
ES,1978,F,Ana Belen,3222
ES,1978,F,Ana Isabel,2829
ES,1978,F,Ana Maria,6087
ES,1978,F,Antonia,1897
ES,1978,F,Beatriz,3371
ES,1978,F,Carmen,2204
ES,1978,F,Carolina,1714
ES,1978,F,Cristina,5444
ES,1978,F,Elena,2830
ES,1978,F,Esther,2052
ES,1978,F,Eva,2716
ES,1978,F,Eva Maria,3892
ES,1978,F,Francisca,2039
ES,1978,F,Inmaculada,2533
ES,1978,F,Isabel,3016
ES,1978,F,Josefa,1624
ES,1978,F,Laura,3966
ES,1978,F,Maria,4144
ES,1978,F,Maria Angeles,4108
ES,1978,F,Maria Belen,1493
ES,1978,F,Maria Carmen,10309
ES,1978,F,Maria Dolores,4416
ES,1978,F,Maria Elena,1757
ES,1978,F,Maria Isabel,4651
ES,1978,F,Maria Jesus,2403
ES,1978,F,Maria Jose,6442
ES,1978,F,Maria Luisa,2042
ES,1978,F,Maria Mar,3677
ES,1978,F,Maria Pilar,4504
ES,1978,F,Maria Teresa,4359
ES,1978,F,Marta,4616
ES,1978,F,Mercedes,1666
ES,1978,F,Monica,5563
ES,1978,F,Montserrat,2810
ES,1978,F,Natalia,1894
ES,1978,F,Noelia,1634
ES,1978,F,Nuria,3460
ES,1978,F,Olga,1761
ES,1978,F,Patricia,2510
ES,1978,F,Raquel,5409
ES,1978,F,Rocio,1921
ES,1978,F,Rosa Maria,3318
ES,1978,F,Sandra,2189
ES,1978,F,Silvia,4623
ES,1978,F,Sonia,5147
ES,1978,F,Susana,5107
ES,1978,F,Veronica,1819
ES,1978,F,Yolanda,4657
ES,1978,M,Alberto,3989
ES,1978,M,Alejandro,2448
ES,1978,M,Andres,1648
ES,1978,M,Angel,2740
ES,1978,M,Antonio,8938
ES,1978,M,Carlos,5365
ES,1978,M,Daniel,4476
ES,1978,M,David,10566
ES,1978,M,Diego,1878
ES,1978,M,Eduardo,2158
ES,1978,M,Enrique,2159
ES,1978,M,Fernando,4031
ES,1978,M,Francisco,5670
ES,1978,M,Francisco Javier,8799
ES,1978,M,Francisco Jose,2649
ES,1978,M,Ignacio,1800
ES,1978,M,Ivan,2104
ES,1978,M,Javier,6838
ES,1978,M,Jesus,4281
ES,1978,M,Joaquin,1678
ES,1978,M,Jordi,2256
ES,1978,M,Jorge,4639
ES,1978,M,Jose,5036
ES,1978,M,Jose Antonio,6918
ES,1978,M,Jose Luis,5523
ES,1978,M,Jose Manuel,5877
ES,1978,M,Jose Maria,3560
ES,1978,M,Jose Miguel,1620
ES,1978,M,Juan,3520
ES,1978,M,Juan Antonio,3001
ES,1978,M,Juan Carlos,5032
ES,1978,M,Juan Jose,3236
ES,1978,M,Juan Manuel,2684
ES,1978,M,Luis,2578
ES,1978,M,Manuel,7040
ES,1978,M,Miguel,3034
ES,1978,M,Miguel Angel,6861
ES,1978,M,Oscar,5104
ES,1978,M,Pablo,2212
ES,1978,M,Pedro,2938
ES,1978,M,Rafael,4137
ES,1978,M,Ramon,1643
ES,1978,M,Raul,4324
ES,1978,M,Ricardo,1842
ES,1978,M,Roberto,3038
ES,1978,M,Ruben,2343
ES,1978,M,Santiago,2048
ES,1978,M,Sergio,4614
ES,1978,M,Vicente,1568
ES,1978,M,Victor Manuel,1566
ES,1979,F,Alicia,2002
ES,1979,F,Ana,2997
ES,1979,F,Ana Belen,3222
ES,1979,F,Ana Isabel,2829
ES,1979,F,Ana Maria,6087
ES,1979,F,Antonia,1897
ES,1979,F,Beatriz,3370
ES,1979,F,Carmen,2204
ES,1979,F,Carolina,1714
ES,1979,F,Cristina,5444
ES,1979,F,Elena,2830
ES,1979,F,Esther,2052
ES,1979,F,Eva,2716
ES,1979,F,Eva Maria,3892
ES,1979,F,Francisca,2039
ES,1979,F,Inmaculada,2532
ES,1979,F,Isabel,3016
ES,1979,F,Josefa,1624
ES,1979,F,Laura,3966
ES,1979,F,Maria,4144
ES,1979,F,Maria Angeles,4108
ES,1979,F,Maria Belen,1492
ES,1979,F,Maria Carmen,10309
ES,1979,F,Maria Dolores,4415
ES,1979,F,Maria Elena,1757
ES,1979,F,Maria Isabel,4651
ES,1979,F,Maria Jesus,2403
ES,1979,F,Maria Jose,6442
ES,1979,F,Maria Luisa,2042
ES,1979,F,Maria Mar,3677
ES,1979,F,Maria Pilar,4504
ES,1979,F,Maria Teresa,4359
ES,1979,F,Marta,4615
ES,1979,F,Mercedes,1666
ES,1979,F,Monica,5563
ES,1979,F,Montserrat,2810
ES,1979,F,Natalia,1894
ES,1979,F,Noelia,1634
ES,1979,F,Nuria,3460
ES,1979,F,Olga,1761
ES,1979,F,Patricia,2510
ES,1979,F,Raquel,5409
ES,1979,F,Rocio,1920
ES,1979,F,Rosa Maria,3318
ES,1979,F,Sandra,2189
ES,1979,F,Silvia,4623
ES,1979,F,Sonia,5147
ES,1979,F,Susana,5107
ES,1979,F,Veronica,1819
ES,1979,F,Yolanda,4657
ES,1979,M,Alberto,3989
ES,1979,M,Alejandro,2448
ES,1979,M,Andres,1648
ES,1979,M,Angel,2740
ES,1979,M,Antonio,8938
ES,1979,M,Carlos,5365
ES,1979,M,Daniel,4476
ES,1979,M,David,10566
ES,1979,M,Diego,1878
ES,1979,M,Eduardo,2158
ES,1979,M,Enrique,2159
ES,1979,M,Fernando,4031
ES,1979,M,Francisco,5670
ES,1979,M,Francisco Javier,8798
ES,1979,M,Francisco Jose,2649
ES,1979,M,Ignacio,1799
ES,1979,M,Ivan,2104
ES,1979,M,Javier,6838
ES,1979,M,Jesus,4281
ES,1979,M,Joaquin,1678
ES,1979,M,Jordi,2256
ES,1979,M,Jorge,4639
ES,1979,M,Jose,5036
ES,1979,M,Jose Antonio,6918
ES,1979,M,Jose Luis,5522
ES,1979,M,Jose Manuel,5877
ES,1979,M,Jose Maria,3559
ES,1979,M,Jose Miguel,1620
ES,1979,M,Juan,3520
ES,1979,M,Juan Antonio,3001
ES,1979,M,Juan Carlos,5032
ES,1979,M,Juan Jose,3236
ES,1979,M,Juan Manuel,2684
ES,1979,M,Luis,2578
ES,1979,M,Manuel,7040
ES,1979,M,Miguel,3034
ES,1979,M,Miguel Angel,6860
ES,1979,M,Oscar,5104
ES,1979,M,Pablo,2212
ES,1979,M,Pedro,2938
ES,1979,M,Rafael,4137
ES,1979,M,Ramon,1643
ES,1979,M,Raul,4324
ES,1979,M,Ricardo,1842
ES,1979,M,Roberto,3038
ES,1979,M,Ruben,2343
ES,1979,M,Santiago,2048
ES,1979,M,Sergio,4614
ES,1979,M,Vicente,1568
ES,1979,M,Victor Manuel,1566
ES,1980,F,Alicia,1508
ES,1980,F,Ana,3178
ES,1980,F,Ana Belen,1836
ES,1980,F,Ana Isabel,1286
ES,1980,F,Ana Maria,2718
ES,1980,F,Beatriz,3650
ES,1980,F,Carmen,1288
ES,1980,F,Carolina,1767
ES,1980,F,Cristina,6343
ES,1980,F,Elena,2593
ES,1980,F,Estefania,1716
ES,1980,F,Esther,1460
ES,1980,F,Eva,1503
ES,1980,F,Inmaculada,1337
ES,1980,F,Irene,1786
ES,1980,F,Isabel,1682
ES,1980,F,Jessica,1376
ES,1980,F,Laura,6628
ES,1980,F,Lidia,1289
ES,1980,F,Lorena,2507
ES,1980,F,Lucia,1647
ES,1980,F,Maria,6098
ES,1980,F,Maria Angeles,1629
ES,1980,F,Maria Carmen,3836
ES,1980,F,Maria Dolores,1559
ES,1980,F,Maria Isabel,1574
ES,1980,F,Maria Jose,2654
ES,1980,F,Maria Mar,1366
ES,1980,F,Maria Pilar,1539
ES,1980,F,Maria Teresa,1558
ES,1980,F,Marta,4338
ES,1980,F,Miriam,1884
ES,1980,F,Monica,1992
ES,1980,F,Natalia,1808
ES,1980,F,Noelia,2239
ES,1980,F,Nuria,2122
ES,1980,F,Patricia,3981
ES,1980,F,Paula,1290
ES,1980,F,Raquel,3675
ES,1980,F,Rocio,3024
ES,1980,F,Sandra,3003
ES,1980,F,Sara,3410
ES,1980,F,Silvia,2797
ES,1980,F,Sonia,2278
ES,1980,F,Susana,1411
ES,1980,F,Tamara,1647
ES,1980,F,Vanesa,2610
ES,1980,F,Vanessa,1598
ES,1980,F,Veronica,3485
ES,1980,F,Yolanda,1312
ES,1980,M,Adrian,2233
ES,1980,M,Alberto,4217
ES,1980,M,Alejandro,3765
ES,1980,M,Alvaro,2275
ES,1980,M,Andres,1219
ES,1980,M,Angel,1862
ES,1980,M,Antonio,4781
ES,1980,M,Carlos,4576
ES,1980,M,Cristian,1344
ES,1980,M,Daniel,6418
ES,1980,M,David,9558
ES,1980,M,Diego,2147
ES,1980,M,Eduardo,1702
ES,1980,M,Enrique,1363
ES,1980,M,Fernando,2202
ES,1980,M,Francisco,3052
ES,1980,M,Francisco Javier,4115
ES,1980,M,Francisco Jose,1754
ES,1980,M,Ignacio,1276
ES,1980,M,Ivan,3632
ES,1980,M,Javier,6786
ES,1980,M,Jesus,3290
ES,1980,M,Jordi,1581
ES,1980,M,Jorge,3340
ES,1980,M,Jose,2701
ES,1980,M,Jose Antonio,3172
ES,1980,M,Jose Luis,2417
ES,1980,M,Jose Manuel,2947
ES,1980,M,Jose Maria,1820
ES,1980,M,Juan,2204
ES,1980,M,Juan Antonio,1508
ES,1980,M,Juan Carlos,1585
ES,1980,M,Juan Jose,1793
ES,1980,M,Juan Manuel,1535
ES,1980,M,Luis,1605
ES,1980,M,Manuel,3995
ES,1980,M,Marcos,1293
ES,1980,M,Mario,1190
ES,1980,M,Miguel,2623
ES,1980,M,Miguel Angel,3266
ES,1980,M,Mohamed,1315
ES,1980,M,Oscar,2362
ES,1980,M,Pablo,2815
ES,1980,M,Pedro,1569
ES,1980,M,Rafael,2273
ES,1980,M,Raul,3150
ES,1980,M,Roberto,2024
ES,1980,M,Ruben,3971
ES,1980,M,Sergio,4793
ES,1980,M,Victor,2154
ES,1981,F,Alicia,1508
ES,1981,F,Ana,3178
ES,1981,F,Ana Belen,1836
ES,1981,F,Ana Isabel,1286
ES,1981,F,Ana Maria,2718
ES,1981,F,Beatriz,3650
ES,1981,F,Carmen,1288
ES,1981,F,Carolina,1767
ES,1981,F,Cristina,6343
ES,1981,F,Elena,2592
ES,1981,F,Estefania,1716
ES,1981,F,Esther,1460
ES,1981,F,Eva,1503
ES,1981,F,Inmaculada,1337
ES,1981,F,Irene,1786
ES,1981,F,Isabel,1682
ES,1981,F,Jessica,1376
ES,1981,F,Laura,6628
ES,1981,F,Lidia,1289
ES,1981,F,Lorena,2507
ES,1981,F,Lucia,1647
ES,1981,F,Maria,6098
ES,1981,F,Maria Angeles,1628
ES,1981,F,Maria Carmen,3836
ES,1981,F,Maria Dolores,1559
ES,1981,F,Maria Isabel,1574
ES,1981,F,Maria Jose,2654
ES,1981,F,Maria Mar,1366
ES,1981,F,Maria Pilar,1539
ES,1981,F,Maria Teresa,1558
ES,1981,F,Marta,4338
ES,1981,F,Miriam,1884
ES,1981,F,Monica,1992
ES,1981,F,Natalia,1808
ES,1981,F,Noelia,2239
ES,1981,F,Nuria,2122
ES,1981,F,Patricia,3981
ES,1981,F,Paula,1290
ES,1981,F,Raquel,3675
ES,1981,F,Rocio,3024
ES,1981,F,Sandra,3003
ES,1981,F,Sara,3410
ES,1981,F,Silvia,2797
ES,1981,F,Sonia,2278
ES,1981,F,Susana,1411
ES,1981,F,Tamara,1647
ES,1981,F,Vanesa,2609
ES,1981,F,Vanessa,1598
ES,1981,F,Veronica,3485
ES,1981,F,Yolanda,1312
ES,1981,M,Adrian,2233
ES,1981,M,Alberto,4216
ES,1981,M,Alejandro,3764
ES,1981,M,Alvaro,2275
ES,1981,M,Andres,1219
ES,1981,M,Angel,1862
ES,1981,M,Antonio,4781
ES,1981,M,Carlos,4576
ES,1981,M,Cristian,1343
ES,1981,M,Daniel,6418
ES,1981,M,David,9558
ES,1981,M,Diego,2147
ES,1981,M,Eduardo,1701
ES,1981,M,Enrique,1363
ES,1981,M,Fernando,2201
ES,1981,M,Francisco,3052
ES,1981,M,Francisco Javier,4115
ES,1981,M,Francisco Jose,1754
ES,1981,M,Ignacio,1276
ES,1981,M,Ivan,3631
ES,1981,M,Javier,6786
ES,1981,M,Jesus,3290
ES,1981,M,Jordi,1581
ES,1981,M,Jorge,3340
ES,1981,M,Jose,2701
ES,1981,M,Jose Antonio,3171
ES,1981,M,Jose Luis,2417
ES,1981,M,Jose Manuel,2947
ES,1981,M,Jose Maria,1820
ES,1981,M,Juan,2204
ES,1981,M,Juan Antonio,1508
ES,1981,M,Juan Carlos,1585
ES,1981,M,Juan Jose,1793
ES,1981,M,Juan Manuel,1535
ES,1981,M,Luis,1605
ES,1981,M,Manuel,3995
ES,1981,M,Marcos,1293
ES,1981,M,Mario,1190
ES,1981,M,Miguel,2623
ES,1981,M,Miguel Angel,3266
ES,1981,M,Mohamed,1315
ES,1981,M,Oscar,2362
ES,1981,M,Pablo,2815
ES,1981,M,Pedro,1569
ES,1981,M,Rafael,2273
ES,1981,M,Raul,3150
ES,1981,M,Roberto,2024
ES,1981,M,Ruben,3971
ES,1981,M,Sergio,4793
ES,1981,M,Victor,2154
ES,1982,F,Alicia,1508
ES,1982,F,Ana,3178
ES,1982,F,Ana Belen,1836
ES,1982,F,Ana Isabel,1286
ES,1982,F,Ana Maria,2718
ES,1982,F,Beatriz,3650
ES,1982,F,Carmen,1288
ES,1982,F,Carolina,1767
ES,1982,F,Cristina,6343
ES,1982,F,Elena,2592
ES,1982,F,Estefania,1716
ES,1982,F,Esther,1460
ES,1982,F,Eva,1503
ES,1982,F,Inmaculada,1337
ES,1982,F,Irene,1786
ES,1982,F,Isabel,1682
ES,1982,F,Jessica,1376
ES,1982,F,Laura,6628
ES,1982,F,Lidia,1289
ES,1982,F,Lorena,2507
ES,1982,F,Lucia,1647
ES,1982,F,Maria,6098
ES,1982,F,Maria Angeles,1628
ES,1982,F,Maria Carmen,3836
ES,1982,F,Maria Dolores,1559
ES,1982,F,Maria Isabel,1574
ES,1982,F,Maria Jose,2654
ES,1982,F,Maria Mar,1366
ES,1982,F,Maria Pilar,1539
ES,1982,F,Maria Teresa,1558
ES,1982,F,Marta,4338
ES,1982,F,Miriam,1884
ES,1982,F,Monica,1992
ES,1982,F,Natalia,1807
ES,1982,F,Noelia,2239
ES,1982,F,Nuria,2122
ES,1982,F,Patricia,3981
ES,1982,F,Paula,1290
ES,1982,F,Raquel,3675
ES,1982,F,Rocio,3024
ES,1982,F,Sandra,3003
ES,1982,F,Sara,3410
ES,1982,F,Silvia,2797
ES,1982,F,Sonia,2278
ES,1982,F,Susana,1411
ES,1982,F,Tamara,1647
ES,1982,F,Vanesa,2609
ES,1982,F,Vanessa,1598
ES,1982,F,Veronica,3485
ES,1982,F,Yolanda,1312
ES,1982,M,Adrian,2233
ES,1982,M,Alberto,4216
ES,1982,M,Alejandro,3764
ES,1982,M,Alvaro,2275
ES,1982,M,Andres,1219
ES,1982,M,Angel,1862
ES,1982,M,Antonio,4781
ES,1982,M,Carlos,4576
ES,1982,M,Cristian,1343
ES,1982,M,Daniel,6418
ES,1982,M,David,9558
ES,1982,M,Diego,2147
ES,1982,M,Eduardo,1701
ES,1982,M,Enrique,1363
ES,1982,M,Fernando,2201
ES,1982,M,Francisco,3052
ES,1982,M,Francisco Javier,4115
ES,1982,M,Francisco Jose,1754
ES,1982,M,Ignacio,1276
ES,1982,M,Ivan,3631
ES,1982,M,Javier,6786
ES,1982,M,Jesus,3289
ES,1982,M,Jordi,1581
ES,1982,M,Jorge,3340
ES,1982,M,Jose,2701
ES,1982,M,Jose Antonio,3171
ES,1982,M,Jose Luis,2417
ES,1982,M,Jose Manuel,2946
ES,1982,M,Jose Maria,1820
ES,1982,M,Juan,2203
ES,1982,M,Juan Antonio,1507
ES,1982,M,Juan Carlos,1585
ES,1982,M,Juan Jose,1793
ES,1982,M,Juan Manuel,1535
ES,1982,M,Luis,1605
ES,1982,M,Manuel,3995
ES,1982,M,Marcos,1293
ES,1982,M,Mario,1190
ES,1982,M,Miguel,2623
ES,1982,M,Miguel Angel,3266
ES,1982,M,Mohamed,1315
ES,1982,M,Oscar,2362
ES,1982,M,Pablo,2815
ES,1982,M,Pedro,1568
ES,1982,M,Rafael,2272
ES,1982,M,Raul,3150
ES,1982,M,Roberto,2024
ES,1982,M,Ruben,3971
ES,1982,M,Sergio,4792
ES,1982,M,Victor,2154
ES,1983,F,Alicia,1508
ES,1983,F,Ana,3178
ES,1983,F,Ana Belen,1836
ES,1983,F,Ana Isabel,1286
ES,1983,F,Ana Maria,2718
ES,1983,F,Beatriz,3650
ES,1983,F,Carmen,1288
ES,1983,F,Carolina,1767
ES,1983,F,Cristina,6343
ES,1983,F,Elena,2592
ES,1983,F,Estefania,1716
ES,1983,F,Esther,1460
ES,1983,F,Eva,1503
ES,1983,F,Inmaculada,1337
ES,1983,F,Irene,1786
ES,1983,F,Isabel,1682
ES,1983,F,Jessica,1375
ES,1983,F,Laura,6628
ES,1983,F,Lidia,1288
ES,1983,F,Lorena,2507
ES,1983,F,Lucia,1647
ES,1983,F,Maria,6097
ES,1983,F,Maria Angeles,1628
ES,1983,F,Maria Carmen,3836
ES,1983,F,Maria Dolores,1559
ES,1983,F,Maria Isabel,1574
ES,1983,F,Maria Jose,2654
ES,1983,F,Maria Mar,1366
ES,1983,F,Maria Pilar,1539
ES,1983,F,Maria Teresa,1558
ES,1983,F,Marta,4338
ES,1983,F,Miriam,1883
ES,1983,F,Monica,1992
ES,1983,F,Natalia,1807
ES,1983,F,Noelia,2239
ES,1983,F,Nuria,2122
ES,1983,F,Patricia,3981
ES,1983,F,Paula,1289
ES,1983,F,Raquel,3675
ES,1983,F,Rocio,3024
ES,1983,F,Sandra,3003
ES,1983,F,Sara,3410
ES,1983,F,Silvia,2797
ES,1983,F,Sonia,2278
ES,1983,F,Susana,1411
ES,1983,F,Tamara,1647
ES,1983,F,Vanesa,2609
ES,1983,F,Vanessa,1598
ES,1983,F,Veronica,3485
ES,1983,F,Yolanda,1312
ES,1983,M,Adrian,2233
ES,1983,M,Alberto,4216
ES,1983,M,Alejandro,3764
ES,1983,M,Alvaro,2275
ES,1983,M,Andres,1219
ES,1983,M,Angel,1861
ES,1983,M,Antonio,4781
ES,1983,M,Carlos,4575
ES,1983,M,Cristian,1343
ES,1983,M,Daniel,6418
ES,1983,M,David,9558
ES,1983,M,Diego,2147
ES,1983,M,Eduardo,1701
ES,1983,M,Enrique,1363
ES,1983,M,Fernando,2201
ES,1983,M,Francisco,3051
ES,1983,M,Francisco Javier,4115
ES,1983,M,Francisco Jose,1754
ES,1983,M,Ignacio,1276
ES,1983,M,Ivan,3631
ES,1983,M,Javier,6786
ES,1983,M,Jesus,3289
ES,1983,M,Jordi,1581
ES,1983,M,Jorge,3340
ES,1983,M,Jose,2701
ES,1983,M,Jose Antonio,3171
ES,1983,M,Jose Luis,2417
ES,1983,M,Jose Manuel,2946
ES,1983,M,Jose Maria,1820
ES,1983,M,Juan,2203
ES,1983,M,Juan Antonio,1507
ES,1983,M,Juan Carlos,1584
ES,1983,M,Juan Jose,1792
ES,1983,M,Juan Manuel,1535
ES,1983,M,Luis,1604
ES,1983,M,Manuel,3995
ES,1983,M,Marcos,1293
ES,1983,M,Mario,1190
ES,1983,M,Miguel,2623
ES,1983,M,Miguel Angel,3266
ES,1983,M,Mohamed,1315
ES,1983,M,Oscar,2362
ES,1983,M,Pablo,2815
ES,1983,M,Pedro,1568
ES,1983,M,Rafael,2272
ES,1983,M,Raul,3150
ES,1983,M,Roberto,2024
ES,1983,M,Ruben,3971
ES,1983,M,Sergio,4792
ES,1983,M,Victor,2154
ES,1984,F,Alicia,1508
ES,1984,F,Ana,3178
ES,1984,F,Ana Belen,1836
ES,1984,F,Ana Isabel,1285
ES,1984,F,Ana Maria,2718
ES,1984,F,Beatriz,3650
ES,1984,F,Carmen,1287
ES,1984,F,Carolina,1767
ES,1984,F,Cristina,6343
ES,1984,F,Elena,2592
ES,1984,F,Estefania,1716
ES,1984,F,Esther,1459
ES,1984,F,Eva,1503
ES,1984,F,Inmaculada,1337
ES,1984,F,Irene,1786
ES,1984,F,Isabel,1682
ES,1984,F,Jessica,1375
ES,1984,F,Laura,6628
ES,1984,F,Lidia,1288
ES,1984,F,Lorena,2507
ES,1984,F,Lucia,1647
ES,1984,F,Maria,6097
ES,1984,F,Maria Angeles,1628
ES,1984,F,Maria Carmen,3835
ES,1984,F,Maria Dolores,1559
ES,1984,F,Maria Isabel,1574
ES,1984,F,Maria Jose,2654
ES,1984,F,Maria Mar,1366
ES,1984,F,Maria Pilar,1538
ES,1984,F,Maria Teresa,1557
ES,1984,F,Marta,4338
ES,1984,F,Miriam,1883
ES,1984,F,Monica,1992
ES,1984,F,Natalia,1807
ES,1984,F,Noelia,2238
ES,1984,F,Nuria,2122
ES,1984,F,Patricia,3981
ES,1984,F,Paula,1289
ES,1984,F,Raquel,3675
ES,1984,F,Rocio,3024
ES,1984,F,Sandra,3003
ES,1984,F,Sara,3410
ES,1984,F,Silvia,2797
ES,1984,F,Sonia,2278
ES,1984,F,Susana,1411
ES,1984,F,Tamara,1647
ES,1984,F,Vanesa,2609
ES,1984,F,Vanessa,1598
ES,1984,F,Veronica,3484
ES,1984,F,Yolanda,1312
ES,1984,M,Adrian,2233
ES,1984,M,Alberto,4216
ES,1984,M,Alejandro,3764
ES,1984,M,Alvaro,2275
ES,1984,M,Andres,1219
ES,1984,M,Angel,1861
ES,1984,M,Antonio,4781
ES,1984,M,Carlos,4575
ES,1984,M,Cristian,1343
ES,1984,M,Daniel,6418
ES,1984,M,David,9558
ES,1984,M,Diego,2146
ES,1984,M,Eduardo,1701
ES,1984,M,Enrique,1363
ES,1984,M,Fernando,2201
ES,1984,M,Francisco,3051
ES,1984,M,Francisco Javier,4115
ES,1984,M,Francisco Jose,1754
ES,1984,M,Ignacio,1276
ES,1984,M,Ivan,3631
ES,1984,M,Javier,6785
ES,1984,M,Jesus,3289
ES,1984,M,Jordi,1581
ES,1984,M,Jorge,3340
ES,1984,M,Jose,2701
ES,1984,M,Jose Antonio,3171
ES,1984,M,Jose Luis,2417
ES,1984,M,Jose Manuel,2946
ES,1984,M,Jose Maria,1820
ES,1984,M,Juan,2203
ES,1984,M,Juan Antonio,1507
ES,1984,M,Juan Carlos,1584
ES,1984,M,Juan Jose,1792
ES,1984,M,Juan Manuel,1535
ES,1984,M,Luis,1604
ES,1984,M,Manuel,3995
ES,1984,M,Marcos,1293
ES,1984,M,Mario,1190
ES,1984,M,Miguel,2623
ES,1984,M,Miguel Angel,3265
ES,1984,M,Mohamed,1315
ES,1984,M,Oscar,2362
ES,1984,M,Pablo,2815
ES,1984,M,Pedro,1568
ES,1984,M,Rafael,2272
ES,1984,M,Raul,3150
ES,1984,M,Roberto,2023
ES,1984,M,Ruben,3971
ES,1984,M,Sergio,4792
ES,1984,M,Victor,2154
ES,1985,F,Alicia,1508
ES,1985,F,Ana,3178
ES,1985,F,Ana Belen,1836
ES,1985,F,Ana Isabel,1285
ES,1985,F,Ana Maria,2717
ES,1985,F,Beatriz,3650
ES,1985,F,Carmen,1287
ES,1985,F,Carolina,1766
ES,1985,F,Cristina,6343
ES,1985,F,Elena,2592
ES,1985,F,Estefania,1716
ES,1985,F,Esther,1459
ES,1985,F,Eva,1503
ES,1985,F,Inmaculada,1337
ES,1985,F,Irene,1786
ES,1985,F,Isabel,1682
ES,1985,F,Jessica,1375
ES,1985,F,Laura,6628
ES,1985,F,Lidia,1288
ES,1985,F,Lorena,2507
ES,1985,F,Lucia,1647
ES,1985,F,Maria,6097
ES,1985,F,Maria Angeles,1628
ES,1985,F,Maria Carmen,3835
ES,1985,F,Maria Dolores,1559
ES,1985,F,Maria Isabel,1574
ES,1985,F,Maria Jose,2654
ES,1985,F,Maria Mar,1366
ES,1985,F,Maria Pilar,1538
ES,1985,F,Maria Teresa,1557
ES,1985,F,Marta,4338
ES,1985,F,Miriam,1883
ES,1985,F,Monica,1992
ES,1985,F,Natalia,1807
ES,1985,F,Noelia,2238
ES,1985,F,Nuria,2122
ES,1985,F,Patricia,3980
ES,1985,F,Paula,1289
ES,1985,F,Raquel,3675
ES,1985,F,Rocio,3024
ES,1985,F,Sandra,3003
ES,1985,F,Sara,3410
ES,1985,F,Silvia,2796
ES,1985,F,Sonia,2277
ES,1985,F,Susana,1411
ES,1985,F,Tamara,1647
ES,1985,F,Vanesa,2609
ES,1985,F,Vanessa,1598
ES,1985,F,Veronica,3484
ES,1985,F,Yolanda,1312
ES,1985,M,Adrian,2232
ES,1985,M,Alberto,4216
ES,1985,M,Alejandro,3764
ES,1985,M,Alvaro,2275
ES,1985,M,Andres,1218
ES,1985,M,Angel,1861
ES,1985,M,Antonio,4780
ES,1985,M,Carlos,4575
ES,1985,M,Cristian,1343
ES,1985,M,Daniel,6417
ES,1985,M,David,9558
ES,1985,M,Diego,2146
ES,1985,M,Eduardo,1701
ES,1985,M,Enrique,1363
ES,1985,M,Fernando,2201
ES,1985,M,Francisco,3051
ES,1985,M,Francisco Javier,4115
ES,1985,M,Francisco Jose,1754
ES,1985,M,Ignacio,1275
ES,1985,M,Ivan,3631
ES,1985,M,Javier,6785
ES,1985,M,Jesus,3289
ES,1985,M,Jordi,1581
ES,1985,M,Jorge,3339
ES,1985,M,Jose,2701
ES,1985,M,Jose Antonio,3171
ES,1985,M,Jose Luis,2417
ES,1985,M,Jose Manuel,2946
ES,1985,M,Jose Maria,1820
ES,1985,M,Juan,2203
ES,1985,M,Juan Antonio,1507
ES,1985,M,Juan Carlos,1584
ES,1985,M,Juan Jose,1792
ES,1985,M,Juan Manuel,1534
ES,1985,M,Luis,1604
ES,1985,M,Manuel,3995
ES,1985,M,Marcos,1293
ES,1985,M,Mario,1190
ES,1985,M,Miguel,2623
ES,1985,M,Miguel Angel,3265
ES,1985,M,Mohamed,1315
ES,1985,M,Oscar,2362
ES,1985,M,Pablo,2815
ES,1985,M,Pedro,1568
ES,1985,M,Rafael,2272
ES,1985,M,Raul,3150
ES,1985,M,Roberto,2023
ES,1985,M,Ruben,3971
ES,1985,M,Sergio,4792
ES,1985,M,Victor,2154
ES,1986,F,Alicia,1507
ES,1986,F,Ana,3178
ES,1986,F,Ana Belen,1836
ES,1986,F,Ana Isabel,1285
ES,1986,F,Ana Maria,2717
ES,1986,F,Beatriz,3650
ES,1986,F,Carmen,1287
ES,1986,F,Carolina,1766
ES,1986,F,Cristina,6343
ES,1986,F,Elena,2592
ES,1986,F,Estefania,1716
ES,1986,F,Esther,1459
ES,1986,F,Eva,1502
ES,1986,F,Inmaculada,1337
ES,1986,F,Irene,1786
ES,1986,F,Isabel,1682
ES,1986,F,Jessica,1375
ES,1986,F,Laura,6627
ES,1986,F,Lidia,1288
ES,1986,F,Lorena,2507
ES,1986,F,Lucia,1647
ES,1986,F,Maria,6097
ES,1986,F,Maria Angeles,1628
ES,1986,F,Maria Carmen,3835
ES,1986,F,Maria Dolores,1559
ES,1986,F,Maria Isabel,1574
ES,1986,F,Maria Jose,2654
ES,1986,F,Maria Mar,1366
ES,1986,F,Maria Pilar,1538
ES,1986,F,Maria Teresa,1557
ES,1986,F,Marta,4338
ES,1986,F,Miriam,1883
ES,1986,F,Monica,1992
ES,1986,F,Natalia,1807
ES,1986,F,Noelia,2238
ES,1986,F,Nuria,2122
ES,1986,F,Patricia,3980
ES,1986,F,Paula,1289
ES,1986,F,Raquel,3675
ES,1986,F,Rocio,3023
ES,1986,F,Sandra,3003
ES,1986,F,Sara,3409
ES,1986,F,Silvia,2796
ES,1986,F,Sonia,2277
ES,1986,F,Susana,1411
ES,1986,F,Tamara,1647
ES,1986,F,Vanesa,2609
ES,1986,F,Vanessa,1598
ES,1986,F,Veronica,3484
ES,1986,F,Yolanda,1312
ES,1986,M,Adrian,2232
ES,1986,M,Alberto,4216
ES,1986,M,Alejandro,3764
ES,1986,M,Alvaro,2275
ES,1986,M,Andres,1218
ES,1986,M,Angel,1861
ES,1986,M,Antonio,4780
ES,1986,M,Carlos,4575
ES,1986,M,Cristian,1343
ES,1986,M,Daniel,6417
ES,1986,M,David,9558
ES,1986,M,Diego,2146
ES,1986,M,Eduardo,1701
ES,1986,M,Enrique,1363
ES,1986,M,Fernando,2201
ES,1986,M,Francisco,3051
ES,1986,M,Francisco Javier,4115
ES,1986,M,Francisco Jose,1754
ES,1986,M,Ignacio,1275
ES,1986,M,Ivan,3631
ES,1986,M,Javier,6785
ES,1986,M,Jesus,3289
ES,1986,M,Jordi,1581
ES,1986,M,Jorge,3339
ES,1986,M,Jose,2701
ES,1986,M,Jose Antonio,3171
ES,1986,M,Jose Luis,2417
ES,1986,M,Jose Manuel,2946
ES,1986,M,Jose Maria,1820
ES,1986,M,Juan,2203
ES,1986,M,Juan Antonio,1507
ES,1986,M,Juan Carlos,1584
ES,1986,M,Juan Jose,1792
ES,1986,M,Juan Manuel,1534
ES,1986,M,Luis,1604
ES,1986,M,Manuel,3995
ES,1986,M,Marcos,1293
ES,1986,M,Mario,1189
ES,1986,M,Miguel,2623
ES,1986,M,Miguel Angel,3265
ES,1986,M,Mohamed,1315
ES,1986,M,Oscar,2362
ES,1986,M,Pablo,2815
ES,1986,M,Pedro,1568
ES,1986,M,Rafael,2272
ES,1986,M,Raul,3150
ES,1986,M,Roberto,2023
ES,1986,M,Ruben,3971
ES,1986,M,Sergio,4792
ES,1986,M,Victor,2154
ES,1987,F,Alicia,1507
ES,1987,F,Ana,3178
ES,1987,F,Ana Belen,1836
ES,1987,F,Ana Isabel,1285
ES,1987,F,Ana Maria,2717
ES,1987,F,Beatriz,3649
ES,1987,F,Carmen,1287
ES,1987,F,Carolina,1766
ES,1987,F,Cristina,6343
ES,1987,F,Elena,2592
ES,1987,F,Estefania,1715
ES,1987,F,Esther,1459
ES,1987,F,Eva,1502
ES,1987,F,Inmaculada,1337
ES,1987,F,Irene,1785
ES,1987,F,Isabel,1682
ES,1987,F,Jessica,1375
ES,1987,F,Laura,6627
ES,1987,F,Lidia,1288
ES,1987,F,Lorena,2507
ES,1987,F,Lucia,1647
ES,1987,F,Maria,6097
ES,1987,F,Maria Angeles,1628
ES,1987,F,Maria Carmen,3835
ES,1987,F,Maria Dolores,1559
ES,1987,F,Maria Isabel,1573
ES,1987,F,Maria Jose,2654
ES,1987,F,Maria Mar,1366
ES,1987,F,Maria Pilar,1538
ES,1987,F,Maria Teresa,1557
ES,1987,F,Marta,4338
ES,1987,F,Miriam,1883
ES,1987,F,Monica,1992
ES,1987,F,Natalia,1807
ES,1987,F,Noelia,2238
ES,1987,F,Nuria,2122
ES,1987,F,Patricia,3980
ES,1987,F,Paula,1289
ES,1987,F,Raquel,3675
ES,1987,F,Rocio,3023
ES,1987,F,Sandra,3003
ES,1987,F,Sara,3409
ES,1987,F,Silvia,2796
ES,1987,F,Sonia,2277
ES,1987,F,Susana,1411
ES,1987,F,Tamara,1647
ES,1987,F,Vanesa,2609
ES,1987,F,Vanessa,1598
ES,1987,F,Veronica,3484
ES,1987,F,Yolanda,1312
ES,1987,M,Adrian,2232
ES,1987,M,Alberto,4216
ES,1987,M,Alejandro,3764
ES,1987,M,Alvaro,2275
ES,1987,M,Andres,1218
ES,1987,M,Angel,1861
ES,1987,M,Antonio,4780
ES,1987,M,Carlos,4575
ES,1987,M,Cristian,1343
ES,1987,M,Daniel,6417
ES,1987,M,David,9558
ES,1987,M,Diego,2146
ES,1987,M,Eduardo,1701
ES,1987,M,Enrique,1363
ES,1987,M,Fernando,2201
ES,1987,M,Francisco,3051
ES,1987,M,Francisco Javier,4115
ES,1987,M,Francisco Jose,1753
ES,1987,M,Ignacio,1275
ES,1987,M,Ivan,3631
ES,1987,M,Javier,6785
ES,1987,M,Jesus,3289
ES,1987,M,Jordi,1580
ES,1987,M,Jorge,3339
ES,1987,M,Jose,2701
ES,1987,M,Jose Antonio,3171
ES,1987,M,Jose Luis,2417
ES,1987,M,Jose Manuel,2946
ES,1987,M,Jose Maria,1820
ES,1987,M,Juan,2203
ES,1987,M,Juan Antonio,1507
ES,1987,M,Juan Carlos,1584
ES,1987,M,Juan Jose,1792
ES,1987,M,Juan Manuel,1534
ES,1987,M,Luis,1604
ES,1987,M,Manuel,3995
ES,1987,M,Marcos,1293
ES,1987,M,Mario,1189
ES,1987,M,Miguel,2623
ES,1987,M,Miguel Angel,3265
ES,1987,M,Mohamed,1315
ES,1987,M,Oscar,2361
ES,1987,M,Pablo,2815
ES,1987,M,Pedro,1568
ES,1987,M,Rafael,2272
ES,1987,M,Raul,3150
ES,1987,M,Roberto,2023
ES,1987,M,Ruben,3970
ES,1987,M,Sergio,4792
ES,1987,M,Victor,2154
ES,1988,F,Alicia,1507
ES,1988,F,Ana,3177
ES,1988,F,Ana Belen,1836
ES,1988,F,Ana Isabel,1285
ES,1988,F,Ana Maria,2717
ES,1988,F,Beatriz,3649
ES,1988,F,Carmen,1287
ES,1988,F,Carolina,1766
ES,1988,F,Cristina,6342
ES,1988,F,Elena,2592
ES,1988,F,Estefania,1715
ES,1988,F,Esther,1459
ES,1988,F,Eva,1502
ES,1988,F,Inmaculada,1337
ES,1988,F,Irene,1785
ES,1988,F,Isabel,1682
ES,1988,F,Jessica,1375
ES,1988,F,Laura,6627
ES,1988,F,Lidia,1288
ES,1988,F,Lorena,2506
ES,1988,F,Lucia,1646
ES,1988,F,Maria,6097
ES,1988,F,Maria Angeles,1628
ES,1988,F,Maria Carmen,3835
ES,1988,F,Maria Dolores,1559
ES,1988,F,Maria Isabel,1573
ES,1988,F,Maria Jose,2653
ES,1988,F,Maria Mar,1366
ES,1988,F,Maria Pilar,1538
ES,1988,F,Maria Teresa,1557
ES,1988,F,Marta,4338
ES,1988,F,Miriam,1883
ES,1988,F,Monica,1992
ES,1988,F,Natalia,1807
ES,1988,F,Noelia,2238
ES,1988,F,Nuria,2122
ES,1988,F,Patricia,3980
ES,1988,F,Paula,1289
ES,1988,F,Raquel,3675
ES,1988,F,Rocio,3023
ES,1988,F,Sandra,3003
ES,1988,F,Sara,3409
ES,1988,F,Silvia,2796
ES,1988,F,Sonia,2277
ES,1988,F,Susana,1411
ES,1988,F,Tamara,1647
ES,1988,F,Vanesa,2609
ES,1988,F,Vanessa,1598
ES,1988,F,Veronica,3484
ES,1988,F,Yolanda,1312
ES,1988,M,Adrian,2232
ES,1988,M,Alberto,4216
ES,1988,M,Alejandro,3764
ES,1988,M,Alvaro,2275
ES,1988,M,Andres,1218
ES,1988,M,Angel,1861
ES,1988,M,Antonio,4780
ES,1988,M,Carlos,4575
ES,1988,M,Cristian,1343
ES,1988,M,Daniel,6417
ES,1988,M,David,9558
ES,1988,M,Diego,2146
ES,1988,M,Eduardo,1701
ES,1988,M,Enrique,1363
ES,1988,M,Fernando,2201
ES,1988,M,Francisco,3051
ES,1988,M,Francisco Javier,4115
ES,1988,M,Francisco Jose,1753
ES,1988,M,Ignacio,1275
ES,1988,M,Ivan,3631
ES,1988,M,Javier,6785
ES,1988,M,Jesus,3289
ES,1988,M,Jordi,1580
ES,1988,M,Jorge,3339
ES,1988,M,Jose,2701
ES,1988,M,Jose Antonio,3171
ES,1988,M,Jose Luis,2417
ES,1988,M,Jose Manuel,2946
ES,1988,M,Jose Maria,1819
ES,1988,M,Juan,2203
ES,1988,M,Juan Antonio,1507
ES,1988,M,Juan Carlos,1584
ES,1988,M,Juan Jose,1792
ES,1988,M,Juan Manuel,1534
ES,1988,M,Luis,1604
ES,1988,M,Manuel,3994
ES,1988,M,Marcos,1292
ES,1988,M,Mario,1189
ES,1988,M,Miguel,2623
ES,1988,M,Miguel Angel,3265
ES,1988,M,Mohamed,1315
ES,1988,M,Oscar,2361
ES,1988,M,Pablo,2815
ES,1988,M,Pedro,1568
ES,1988,M,Rafael,2272
ES,1988,M,Raul,3149
ES,1988,M,Roberto,2023
ES,1988,M,Ruben,3970
ES,1988,M,Sergio,4792
ES,1988,M,Victor,2153
ES,1989,F,Alicia,1507
ES,1989,F,Ana,3177
ES,1989,F,Ana Belen,1835
ES,1989,F,Ana Isabel,1285
ES,1989,F,Ana Maria,2717
ES,1989,F,Beatriz,3649
ES,1989,F,Carmen,1287
ES,1989,F,Carolina,1766
ES,1989,F,Cristina,6342
ES,1989,F,Elena,2592
ES,1989,F,Estefania,1715
ES,1989,F,Esther,1459
ES,1989,F,Eva,1502
ES,1989,F,Inmaculada,1336
ES,1989,F,Irene,1785
ES,1989,F,Isabel,1681
ES,1989,F,Jessica,1375
ES,1989,F,Laura,6627
ES,1989,F,Lidia,1288
ES,1989,F,Lorena,2506
ES,1989,F,Lucia,1646
ES,1989,F,Maria,6097
ES,1989,F,Maria Angeles,1628
ES,1989,F,Maria Carmen,3835
ES,1989,F,Maria Dolores,1559
ES,1989,F,Maria Isabel,1573
ES,1989,F,Maria Jose,2653
ES,1989,F,Maria Mar,1366
ES,1989,F,Maria Pilar,1538
ES,1989,F,Maria Teresa,1557
ES,1989,F,Marta,4338
ES,1989,F,Miriam,1883
ES,1989,F,Monica,1991
ES,1989,F,Natalia,1807
ES,1989,F,Noelia,2238
ES,1989,F,Nuria,2122
ES,1989,F,Patricia,3980
ES,1989,F,Paula,1289
ES,1989,F,Raquel,3675
ES,1989,F,Rocio,3023
ES,1989,F,Sandra,3003
ES,1989,F,Sara,3409
ES,1989,F,Silvia,2796
ES,1989,F,Sonia,2277
ES,1989,F,Susana,1410
ES,1989,F,Tamara,1646
ES,1989,F,Vanesa,2609
ES,1989,F,Vanessa,1598
ES,1989,F,Veronica,3484
ES,1989,F,Yolanda,1311
ES,1989,M,Adrian,2232
ES,1989,M,Alberto,4216
ES,1989,M,Alejandro,3764
ES,1989,M,Alvaro,2274
ES,1989,M,Andres,1218
ES,1989,M,Angel,1861
ES,1989,M,Antonio,4780
ES,1989,M,Carlos,4575
ES,1989,M,Cristian,1343
ES,1989,M,Daniel,6417
ES,1989,M,David,9558
ES,1989,M,Diego,2146
ES,1989,M,Eduardo,1701
ES,1989,M,Enrique,1363
ES,1989,M,Fernando,2201
ES,1989,M,Francisco,3051
ES,1989,M,Francisco Javier,4115
ES,1989,M,Francisco Jose,1753
ES,1989,M,Ignacio,1275
ES,1989,M,Ivan,3631
ES,1989,M,Javier,6785
ES,1989,M,Jesus,3289
ES,1989,M,Jordi,1580
ES,1989,M,Jorge,3339
ES,1989,M,Jose,2700
ES,1989,M,Jose Antonio,3171
ES,1989,M,Jose Luis,2417
ES,1989,M,Jose Manuel,2946
ES,1989,M,Jose Maria,1819
ES,1989,M,Juan,2203
ES,1989,M,Juan Antonio,1507
ES,1989,M,Juan Carlos,1584
ES,1989,M,Juan Jose,1792
ES,1989,M,Juan Manuel,1534
ES,1989,M,Luis,1604
ES,1989,M,Manuel,3994
ES,1989,M,Marcos,1292
ES,1989,M,Mario,1189
ES,1989,M,Miguel,2623
ES,1989,M,Miguel Angel,3265
ES,1989,M,Mohamed,1314
ES,1989,M,Oscar,2361
ES,1989,M,Pablo,2814
ES,1989,M,Pedro,1568
ES,1989,M,Rafael,2272
ES,1989,M,Raul,3149
ES,1989,M,Roberto,2023
ES,1989,M,Ruben,3970
ES,1989,M,Sergio,4792
ES,1989,M,Victor,2153
ES,1990,F,Alba,3318
ES,1990,F,Alicia,1270
ES,1990,F,Ana,3454
ES,1990,F,Ana Maria,1375
ES,1990,F,Andrea,3906
ES,1990,F,Angela,1113
ES,1990,F,Anna,990
ES,1990,F,Beatriz,2043
ES,1990,F,Belen,828
ES,1990,F,Carla,1198
ES,1990,F,Carmen,1531
ES,1990,F,Carolina,1023
ES,1990,F,Celia,847
ES,1990,F,Clara,899
ES,1990,F,Claudia,1335
ES,1990,F,Cristina,5184
ES,1990,F,Elena,2263
ES,1990,F,Estefania,1159
ES,1990,F,Esther,849
ES,1990,F,Eva,1012
ES,1990,F,Irene,2497
ES,1990,F,Isabel,1186
ES,1990,F,Jennifer,897
ES,1990,F,Julia,997
ES,1990,F,Laura,6279
ES,1990,F,Lidia,1045
ES,1990,F,Lorena,1625
ES,1990,F,Lucia,2377
ES,1990,F,Maria,7407
ES,1990,F,Maria Carmen,1603
ES,1990,F,Maria Jose,1198
ES,1990,F,Marina,2252
ES,1990,F,Marta,4685
ES,1990,F,Miriam,1794
ES,1990,F,Monica,1098
ES,1990,F,Natalia,1792
ES,1990,F,Nerea,1527
ES,1990,F,Noelia,1828
ES,1990,F,Nuria,1408
ES,1990,F,Patricia,2510
ES,1990,F,Paula,3335
ES,1990,F,Raquel,2371
ES,1990,F,Rocio,2121
ES,1990,F,Sandra,2647
ES,1990,F,Sara,3949
ES,1990,F,Silvia,1505
ES,1990,F,Sonia,1021
ES,1990,F,Tamara,1152
ES,1990,F,Tania,915
ES,1990,F,Veronica,996
ES,1990,M,Adrian,4343
ES,1990,M,Aitor,1082
ES,1990,M,Alberto,2837
ES,1990,M,Alejandro,5915
ES,1990,M,Alvaro,3583
ES,1990,M,Andres,1141
ES,1990,M,Angel,1425
ES,1990,M,Antonio,3016
ES,1990,M,Borja,1128
ES,1990,M,Carlos,3978
ES,1990,M,Cristian,2073
ES,1990,M,Daniel,5870
ES,1990,M,David,5873
ES,1990,M,Diego,2147
ES,1990,M,Eduardo,1123
ES,1990,M,Fernando,1468
ES,1990,M,Francisco,2013
ES,1990,M,Francisco Javier,2050
ES,1990,M,Francisco Jose,1049
ES,1990,M,Guillermo,1214
ES,1990,M,Ignacio,1257
ES,1990,M,Ivan,2806
ES,1990,M,Jaime,1107
ES,1990,M,Javier,4889
ES,1990,M,Jesus,2508
ES,1990,M,Jorge,2797
ES,1990,M,Jose,1712
ES,1990,M,Jose Antonio,1809
ES,1990,M,Jose Luis,1216
ES,1990,M,Jose Manuel,1729
ES,1990,M,Juan,1608
ES,1990,M,Juan Carlos,1056
ES,1990,M,Juan Jose,1076
ES,1990,M,Luis,1311
ES,1990,M,Manuel,2746
ES,1990,M,Marc,1581
ES,1990,M,Marcos,1079
ES,1990,M,Mario,1483
ES,1990,M,Miguel,2336
ES,1990,M,Miguel Angel,1767
ES,1990,M,Mohamed,1055
ES,1990,M,Oscar,1458
ES,1990,M,Pablo,3693
ES,1990,M,Pedro,1183
ES,1990,M,Rafael,1451
ES,1990,M,Raul,1777
ES,1990,M,Ruben,2539
ES,1990,M,Samuel,1080
ES,1990,M,Sergio,4538
ES,1990,M,Victor,2224
ES,1991,F,Alba,3318
ES,1991,F,Alicia,1270
ES,1991,F,Ana,3453
ES,1991,F,Ana Maria,1375
ES,1991,F,Andrea,3906
ES,1991,F,Angela,1112
ES,1991,F,Anna,990
ES,1991,F,Beatriz,2043
ES,1991,F,Belen,828
ES,1991,F,Carla,1198
ES,1991,F,Carmen,1531
ES,1991,F,Carolina,1022
ES,1991,F,Celia,847
ES,1991,F,Clara,899
ES,1991,F,Claudia,1335
ES,1991,F,Cristina,5184
ES,1991,F,Elena,2262
ES,1991,F,Estefania,1159
ES,1991,F,Esther,849
ES,1991,F,Eva,1012
ES,1991,F,Irene,2497
ES,1991,F,Isabel,1186
ES,1991,F,Jennifer,897
ES,1991,F,Julia,997
ES,1991,F,Laura,6279
ES,1991,F,Lidia,1045
ES,1991,F,Lorena,1625
ES,1991,F,Lucia,2377
ES,1991,F,Maria,7407
ES,1991,F,Maria Carmen,1603
ES,1991,F,Maria Jose,1198
ES,1991,F,Marina,2252
ES,1991,F,Marta,4685
ES,1991,F,Miriam,1794
ES,1991,F,Monica,1098
ES,1991,F,Natalia,1792
ES,1991,F,Nerea,1527
ES,1991,F,Noelia,1828
ES,1991,F,Nuria,1408
ES,1991,F,Patricia,2510
ES,1991,F,Paula,3335
ES,1991,F,Raquel,2371
ES,1991,F,Rocio,2121
ES,1991,F,Sandra,2647
ES,1991,F,Sara,3949
ES,1991,F,Silvia,1505
ES,1991,F,Sonia,1021
ES,1991,F,Tamara,1152
ES,1991,F,Tania,915
ES,1991,F,Veronica,996
ES,1991,M,Adrian,4343
ES,1991,M,Aitor,1082
ES,1991,M,Alberto,2837
ES,1991,M,Alejandro,5915
ES,1991,M,Alvaro,3583
ES,1991,M,Andres,1141
ES,1991,M,Angel,1425
ES,1991,M,Antonio,3016
ES,1991,M,Borja,1128
ES,1991,M,Carlos,3978
ES,1991,M,Cristian,2073
ES,1991,M,Daniel,5870
ES,1991,M,David,5873
ES,1991,M,Diego,2147
ES,1991,M,Eduardo,1123
ES,1991,M,Fernando,1467
ES,1991,M,Francisco,2013
ES,1991,M,Francisco Javier,2050
ES,1991,M,Francisco Jose,1049
ES,1991,M,Guillermo,1214
ES,1991,M,Ignacio,1257
ES,1991,M,Ivan,2806
ES,1991,M,Jaime,1107
ES,1991,M,Javier,4889
ES,1991,M,Jesus,2508
ES,1991,M,Jorge,2797
ES,1991,M,Jose,1712
ES,1991,M,Jose Antonio,1809
ES,1991,M,Jose Luis,1216
ES,1991,M,Jose Manuel,1729
ES,1991,M,Juan,1608
ES,1991,M,Juan Carlos,1056
ES,1991,M,Juan Jose,1076
ES,1991,M,Luis,1311
ES,1991,M,Manuel,2746
ES,1991,M,Marc,1581
ES,1991,M,Marcos,1079
ES,1991,M,Mario,1483
ES,1991,M,Miguel,2336
ES,1991,M,Miguel Angel,1767
ES,1991,M,Mohamed,1055
ES,1991,M,Oscar,1458
ES,1991,M,Pablo,3693
ES,1991,M,Pedro,1183
ES,1991,M,Rafael,1451
ES,1991,M,Raul,1777
ES,1991,M,Ruben,2538
ES,1991,M,Samuel,1080
ES,1991,M,Sergio,4537
ES,1991,M,Victor,2224
ES,1992,F,Alba,3318
ES,1992,F,Alicia,1270
ES,1992,F,Ana,3453
ES,1992,F,Ana Maria,1375
ES,1992,F,Andrea,3906
ES,1992,F,Angela,1112
ES,1992,F,Anna,990
ES,1992,F,Beatriz,2043
ES,1992,F,Belen,828
ES,1992,F,Carla,1198
ES,1992,F,Carmen,1531
ES,1992,F,Carolina,1022
ES,1992,F,Celia,846
ES,1992,F,Clara,899
ES,1992,F,Claudia,1334
ES,1992,F,Cristina,5184
ES,1992,F,Elena,2262
ES,1992,F,Estefania,1159
ES,1992,F,Esther,849
ES,1992,F,Eva,1012
ES,1992,F,Irene,2497
ES,1992,F,Isabel,1186
ES,1992,F,Jennifer,897
ES,1992,F,Julia,997
ES,1992,F,Laura,6279
ES,1992,F,Lidia,1044
ES,1992,F,Lorena,1625
ES,1992,F,Lucia,2377
ES,1992,F,Maria,7407
ES,1992,F,Maria Carmen,1603
ES,1992,F,Maria Jose,1198
ES,1992,F,Marina,2252
ES,1992,F,Marta,4685
ES,1992,F,Miriam,1794
ES,1992,F,Monica,1098
ES,1992,F,Natalia,1792
ES,1992,F,Nerea,1527
ES,1992,F,Noelia,1827
ES,1992,F,Nuria,1408
ES,1992,F,Patricia,2510
ES,1992,F,Paula,3334
ES,1992,F,Raquel,2371
ES,1992,F,Rocio,2121
ES,1992,F,Sandra,2647
ES,1992,F,Sara,3949
ES,1992,F,Silvia,1505
ES,1992,F,Sonia,1021
ES,1992,F,Tamara,1152
ES,1992,F,Tania,915
ES,1992,F,Veronica,996
ES,1992,M,Adrian,4343
ES,1992,M,Aitor,1082
ES,1992,M,Alberto,2837
ES,1992,M,Alejandro,5915
ES,1992,M,Alvaro,3583
ES,1992,M,Andres,1141
ES,1992,M,Angel,1425
ES,1992,M,Antonio,3016
ES,1992,M,Borja,1128
ES,1992,M,Carlos,3978
ES,1992,M,Cristian,2073
ES,1992,M,Daniel,5870
ES,1992,M,David,5873
ES,1992,M,Diego,2147
ES,1992,M,Eduardo,1123
ES,1992,M,Fernando,1467
ES,1992,M,Francisco,2013
ES,1992,M,Francisco Javier,2050
ES,1992,M,Francisco Jose,1049
ES,1992,M,Guillermo,1214
ES,1992,M,Ignacio,1257
ES,1992,M,Ivan,2806
ES,1992,M,Jaime,1107
ES,1992,M,Javier,4889
ES,1992,M,Jesus,2508
ES,1992,M,Jorge,2797
ES,1992,M,Jose,1712
ES,1992,M,Jose Antonio,1809
ES,1992,M,Jose Luis,1216
ES,1992,M,Jose Manuel,1729
ES,1992,M,Juan,1608
ES,1992,M,Juan Carlos,1056
ES,1992,M,Juan Jose,1076
ES,1992,M,Luis,1311
ES,1992,M,Manuel,2746
ES,1992,M,Marc,1581
ES,1992,M,Marcos,1079
ES,1992,M,Mario,1483
ES,1992,M,Miguel,2336
ES,1992,M,Miguel Angel,1767
ES,1992,M,Mohamed,1055
ES,1992,M,Oscar,1458
ES,1992,M,Pablo,3693
ES,1992,M,Pedro,1183
ES,1992,M,Rafael,1451
ES,1992,M,Raul,1777
ES,1992,M,Ruben,2538
ES,1992,M,Samuel,1080
ES,1992,M,Sergio,4537
ES,1992,M,Victor,2224
ES,1993,F,Alba,3318
ES,1993,F,Alicia,1270
ES,1993,F,Ana,3453
ES,1993,F,Ana Maria,1374
ES,1993,F,Andrea,3906
ES,1993,F,Angela,1112
ES,1993,F,Anna,990
ES,1993,F,Beatriz,2043
ES,1993,F,Belen,828
ES,1993,F,Carla,1198
ES,1993,F,Carmen,1530
ES,1993,F,Carolina,1022
ES,1993,F,Celia,846
ES,1993,F,Clara,899
ES,1993,F,Claudia,1334
ES,1993,F,Cristina,5183
ES,1993,F,Elena,2262
ES,1993,F,Estefania,1159
ES,1993,F,Esther,849
ES,1993,F,Eva,1012
ES,1993,F,Irene,2497
ES,1993,F,Isabel,1186
ES,1993,F,Jennifer,897
ES,1993,F,Julia,997
ES,1993,F,Laura,6279
ES,1993,F,Lidia,1044
ES,1993,F,Lorena,1625
ES,1993,F,Lucia,2377
ES,1993,F,Maria,7407
ES,1993,F,Maria Carmen,1603
ES,1993,F,Maria Jose,1198
ES,1993,F,Marina,2251
ES,1993,F,Marta,4685
ES,1993,F,Miriam,1794
ES,1993,F,Monica,1098
ES,1993,F,Natalia,1792
ES,1993,F,Nerea,1527
ES,1993,F,Noelia,1827
ES,1993,F,Nuria,1408
ES,1993,F,Patricia,2510
ES,1993,F,Paula,3334
ES,1993,F,Raquel,2371
ES,1993,F,Rocio,2121
ES,1993,F,Sandra,2647
ES,1993,F,Sara,3949
ES,1993,F,Silvia,1505
ES,1993,F,Sonia,1021
ES,1993,F,Tamara,1152
ES,1993,F,Tania,915
ES,1993,F,Veronica,996
ES,1993,M,Adrian,4343
ES,1993,M,Aitor,1082
ES,1993,M,Alberto,2837
ES,1993,M,Alejandro,5915
ES,1993,M,Alvaro,3583
ES,1993,M,Andres,1141
ES,1993,M,Angel,1425
ES,1993,M,Antonio,3016
ES,1993,M,Borja,1128
ES,1993,M,Carlos,3977
ES,1993,M,Cristian,2073
ES,1993,M,Daniel,5870
ES,1993,M,David,5873
ES,1993,M,Diego,2147
ES,1993,M,Eduardo,1123
ES,1993,M,Fernando,1467
ES,1993,M,Francisco,2013
ES,1993,M,Francisco Javier,2050
ES,1993,M,Francisco Jose,1049
ES,1993,M,Guillermo,1214
ES,1993,M,Ignacio,1257
ES,1993,M,Ivan,2806
ES,1993,M,Jaime,1107
ES,1993,M,Javier,4888
ES,1993,M,Jesus,2508
ES,1993,M,Jorge,2797
ES,1993,M,Jose,1712
ES,1993,M,Jose Antonio,1809
ES,1993,M,Jose Luis,1216
ES,1993,M,Jose Manuel,1729
ES,1993,M,Juan,1608
ES,1993,M,Juan Carlos,1056
ES,1993,M,Juan Jose,1076
ES,1993,M,Luis,1310
ES,1993,M,Manuel,2745
ES,1993,M,Marc,1581
ES,1993,M,Marcos,1079
ES,1993,M,Mario,1483
ES,1993,M,Miguel,2336
ES,1993,M,Miguel Angel,1767
ES,1993,M,Mohamed,1054
ES,1993,M,Oscar,1458
ES,1993,M,Pablo,3693
ES,1993,M,Pedro,1183
ES,1993,M,Rafael,1451
ES,1993,M,Raul,1777
ES,1993,M,Ruben,2538
ES,1993,M,Samuel,1080
ES,1993,M,Sergio,4537
ES,1993,M,Victor,2223
ES,1994,F,Alba,3318
ES,1994,F,Alicia,1270
ES,1994,F,Ana,3453
ES,1994,F,Ana Maria,1374
ES,1994,F,Andrea,3906
ES,1994,F,Angela,1112
ES,1994,F,Anna,990
ES,1994,F,Beatriz,2043
ES,1994,F,Belen,828
ES,1994,F,Carla,1197
ES,1994,F,Carmen,1530
ES,1994,F,Carolina,1022
ES,1994,F,Celia,846
ES,1994,F,Clara,899
ES,1994,F,Claudia,1334
ES,1994,F,Cristina,5183
ES,1994,F,Elena,2262
ES,1994,F,Estefania,1159
ES,1994,F,Esther,849
ES,1994,F,Eva,1012
ES,1994,F,Irene,2497
ES,1994,F,Isabel,1185
ES,1994,F,Jennifer,897
ES,1994,F,Julia,997
ES,1994,F,Laura,6279
ES,1994,F,Lidia,1044
ES,1994,F,Lorena,1624
ES,1994,F,Lucia,2377
ES,1994,F,Maria,7407
ES,1994,F,Maria Carmen,1603
ES,1994,F,Maria Jose,1197
ES,1994,F,Marina,2251
ES,1994,F,Marta,4684
ES,1994,F,Miriam,1794
ES,1994,F,Monica,1098
ES,1994,F,Natalia,1792
ES,1994,F,Nerea,1527
ES,1994,F,Noelia,1827
ES,1994,F,Nuria,1408
ES,1994,F,Patricia,2510
ES,1994,F,Paula,3334
ES,1994,F,Raquel,2370
ES,1994,F,Rocio,2121
ES,1994,F,Sandra,2647
ES,1994,F,Sara,3949
ES,1994,F,Silvia,1504
ES,1994,F,Sonia,1021
ES,1994,F,Tamara,1152
ES,1994,F,Tania,915
ES,1994,F,Veronica,996
ES,1994,M,Adrian,4342
ES,1994,M,Aitor,1082
ES,1994,M,Alberto,2837
ES,1994,M,Alejandro,5914
ES,1994,M,Alvaro,3583
ES,1994,M,Andres,1140
ES,1994,M,Angel,1425
ES,1994,M,Antonio,3016
ES,1994,M,Borja,1128
ES,1994,M,Carlos,3977
ES,1994,M,Cristian,2073
ES,1994,M,Daniel,5870
ES,1994,M,David,5873
ES,1994,M,Diego,2147
ES,1994,M,Eduardo,1122
ES,1994,M,Fernando,1467
ES,1994,M,Francisco,2013
ES,1994,M,Francisco Javier,2050
ES,1994,M,Francisco Jose,1049
ES,1994,M,Guillermo,1214
ES,1994,M,Ignacio,1257
ES,1994,M,Ivan,2805
ES,1994,M,Jaime,1107
ES,1994,M,Javier,4888
ES,1994,M,Jesus,2508
ES,1994,M,Jorge,2796
ES,1994,M,Jose,1712
ES,1994,M,Jose Antonio,1809
ES,1994,M,Jose Luis,1216
ES,1994,M,Jose Manuel,1728
ES,1994,M,Juan,1608
ES,1994,M,Juan Carlos,1056
ES,1994,M,Juan Jose,1076
ES,1994,M,Luis,1310
ES,1994,M,Manuel,2745
ES,1994,M,Marc,1581
ES,1994,M,Marcos,1079
ES,1994,M,Mario,1483
ES,1994,M,Miguel,2336
ES,1994,M,Miguel Angel,1767
ES,1994,M,Mohamed,1054
ES,1994,M,Oscar,1457
ES,1994,M,Pablo,3693
ES,1994,M,Pedro,1183
ES,1994,M,Rafael,1451
ES,1994,M,Raul,1777
ES,1994,M,Ruben,2538
ES,1994,M,Samuel,1080
ES,1994,M,Sergio,4537
ES,1994,M,Victor,2223
ES,1995,F,Alba,3318
ES,1995,F,Alicia,1270
ES,1995,F,Ana,3453
ES,1995,F,Ana Maria,1374
ES,1995,F,Andrea,3906
ES,1995,F,Angela,1112
ES,1995,F,Anna,990
ES,1995,F,Beatriz,2043
ES,1995,F,Belen,828
ES,1995,F,Carla,1197
ES,1995,F,Carmen,1530
ES,1995,F,Carolina,1022
ES,1995,F,Celia,846
ES,1995,F,Clara,898
ES,1995,F,Claudia,1334
ES,1995,F,Cristina,5183
ES,1995,F,Elena,2262
ES,1995,F,Estefania,1159
ES,1995,F,Esther,849
ES,1995,F,Eva,1011
ES,1995,F,Irene,2497
ES,1995,F,Isabel,1185
ES,1995,F,Jennifer,897
ES,1995,F,Julia,997
ES,1995,F,Laura,6279
ES,1995,F,Lidia,1044
ES,1995,F,Lorena,1624
ES,1995,F,Lucia,2377
ES,1995,F,Maria,7407
ES,1995,F,Maria Carmen,1602
ES,1995,F,Maria Jose,1197
ES,1995,F,Marina,2251
ES,1995,F,Marta,4684
ES,1995,F,Miriam,1794
ES,1995,F,Monica,1098
ES,1995,F,Natalia,1792
ES,1995,F,Nerea,1527
ES,1995,F,Noelia,1827
ES,1995,F,Nuria,1408
ES,1995,F,Patricia,2510
ES,1995,F,Paula,3334
ES,1995,F,Raquel,2370
ES,1995,F,Rocio,2121
ES,1995,F,Sandra,2647
ES,1995,F,Sara,3949
ES,1995,F,Silvia,1504
ES,1995,F,Sonia,1021
ES,1995,F,Tamara,1152
ES,1995,F,Tania,915
ES,1995,F,Veronica,996
ES,1995,M,Adrian,4342
ES,1995,M,Aitor,1082
ES,1995,M,Alberto,2836
ES,1995,M,Alejandro,5914
ES,1995,M,Alvaro,3583
ES,1995,M,Andres,1140
ES,1995,M,Angel,1425
ES,1995,M,Antonio,3015
ES,1995,M,Borja,1127
ES,1995,M,Carlos,3977
ES,1995,M,Cristian,2073
ES,1995,M,Daniel,5870
ES,1995,M,David,5873
ES,1995,M,Diego,2146
ES,1995,M,Eduardo,1122
ES,1995,M,Fernando,1467
ES,1995,M,Francisco,2013
ES,1995,M,Francisco Javier,2050
ES,1995,M,Francisco Jose,1049
ES,1995,M,Guillermo,1214
ES,1995,M,Ignacio,1257
ES,1995,M,Ivan,2805
ES,1995,M,Jaime,1106
ES,1995,M,Javier,4888
ES,1995,M,Jesus,2508
ES,1995,M,Jorge,2796
ES,1995,M,Jose,1711
ES,1995,M,Jose Antonio,1809
ES,1995,M,Jose Luis,1216
ES,1995,M,Jose Manuel,1728
ES,1995,M,Juan,1607
ES,1995,M,Juan Carlos,1056
ES,1995,M,Juan Jose,1076
ES,1995,M,Luis,1310
ES,1995,M,Manuel,2745
ES,1995,M,Marc,1581
ES,1995,M,Marcos,1079
ES,1995,M,Mario,1483
ES,1995,M,Miguel,2336
ES,1995,M,Miguel Angel,1767
ES,1995,M,Mohamed,1054
ES,1995,M,Oscar,1457
ES,1995,M,Pablo,3693
ES,1995,M,Pedro,1183
ES,1995,M,Rafael,1451
ES,1995,M,Raul,1777
ES,1995,M,Ruben,2538
ES,1995,M,Samuel,1080
ES,1995,M,Sergio,4537
ES,1995,M,Victor,2223
ES,1996,F,Alba,3318
ES,1996,F,Alicia,1270
ES,1996,F,Ana,3453
ES,1996,F,Ana Maria,1374
ES,1996,F,Andrea,3906
ES,1996,F,Angela,1112
ES,1996,F,Anna,989
ES,1996,F,Beatriz,2043
ES,1996,F,Belen,828
ES,1996,F,Carla,1197
ES,1996,F,Carmen,1530
ES,1996,F,Carolina,1022
ES,1996,F,Celia,846
ES,1996,F,Clara,898
ES,1996,F,Claudia,1334
ES,1996,F,Cristina,5183
ES,1996,F,Elena,2262
ES,1996,F,Estefania,1159
ES,1996,F,Esther,849
ES,1996,F,Eva,1011
ES,1996,F,Irene,2497
ES,1996,F,Isabel,1185
ES,1996,F,Jennifer,897
ES,1996,F,Julia,997
ES,1996,F,Laura,6279
ES,1996,F,Lidia,1044
ES,1996,F,Lorena,1624
ES,1996,F,Lucia,2377
ES,1996,F,Maria,7406
ES,1996,F,Maria Carmen,1602
ES,1996,F,Maria Jose,1197
ES,1996,F,Marina,2251
ES,1996,F,Marta,4684
ES,1996,F,Miriam,1794
ES,1996,F,Monica,1098
ES,1996,F,Natalia,1791
ES,1996,F,Nerea,1527
ES,1996,F,Noelia,1827
ES,1996,F,Nuria,1408
ES,1996,F,Patricia,2510
ES,1996,F,Paula,3334
ES,1996,F,Raquel,2370
ES,1996,F,Rocio,2121
ES,1996,F,Sandra,2647
ES,1996,F,Sara,3949
ES,1996,F,Silvia,1504
ES,1996,F,Sonia,1021
ES,1996,F,Tamara,1151
ES,1996,F,Tania,915
ES,1996,F,Veronica,996
ES,1996,M,Adrian,4342
ES,1996,M,Aitor,1081
ES,1996,M,Alberto,2836
ES,1996,M,Alejandro,5914
ES,1996,M,Alvaro,3583
ES,1996,M,Andres,1140
ES,1996,M,Angel,1425
ES,1996,M,Antonio,3015
ES,1996,M,Borja,1127
ES,1996,M,Carlos,3977
ES,1996,M,Cristian,2073
ES,1996,M,Daniel,5870
ES,1996,M,David,5873
ES,1996,M,Diego,2146
ES,1996,M,Eduardo,1122
ES,1996,M,Fernando,1467
ES,1996,M,Francisco,2013
ES,1996,M,Francisco Javier,2050
ES,1996,M,Francisco Jose,1049
ES,1996,M,Guillermo,1214
ES,1996,M,Ignacio,1257
ES,1996,M,Ivan,2805
ES,1996,M,Jaime,1106
ES,1996,M,Javier,4888
ES,1996,M,Jesus,2508
ES,1996,M,Jorge,2796
ES,1996,M,Jose,1711
ES,1996,M,Jose Antonio,1809
ES,1996,M,Jose Luis,1216
ES,1996,M,Jose Manuel,1728
ES,1996,M,Juan,1607
ES,1996,M,Juan Carlos,1055
ES,1996,M,Juan Jose,1076
ES,1996,M,Luis,1310
ES,1996,M,Manuel,2745
ES,1996,M,Marc,1581
ES,1996,M,Marcos,1079
ES,1996,M,Mario,1483
ES,1996,M,Miguel,2336
ES,1996,M,Miguel Angel,1767
ES,1996,M,Mohamed,1054
ES,1996,M,Oscar,1457
ES,1996,M,Pablo,3693
ES,1996,M,Pedro,1183
ES,1996,M,Rafael,1451
ES,1996,M,Raul,1776
ES,1996,M,Ruben,2538
ES,1996,M,Samuel,1080
ES,1996,M,Sergio,4537
ES,1996,M,Victor,2223
ES,1997,F,Alba,3317
ES,1997,F,Alicia,1270
ES,1997,F,Ana,3453
ES,1997,F,Ana Maria,1374
ES,1997,F,Andrea,3906
ES,1997,F,Angela,1112
ES,1997,F,Anna,989
ES,1997,F,Beatriz,2043
ES,1997,F,Belen,827
ES,1997,F,Carla,1197
ES,1997,F,Carmen,1530
ES,1997,F,Carolina,1022
ES,1997,F,Celia,846
ES,1997,F,Clara,898
ES,1997,F,Claudia,1334
ES,1997,F,Cristina,5183
ES,1997,F,Elena,2262
ES,1997,F,Estefania,1159
ES,1997,F,Esther,849
ES,1997,F,Eva,1011
ES,1997,F,Irene,2496
ES,1997,F,Isabel,1185
ES,1997,F,Jennifer,897
ES,1997,F,Julia,997
ES,1997,F,Laura,6279
ES,1997,F,Lidia,1044
ES,1997,F,Lorena,1624
ES,1997,F,Lucia,2377
ES,1997,F,Maria,7406
ES,1997,F,Maria Carmen,1602
ES,1997,F,Maria Jose,1197
ES,1997,F,Marina,2251
ES,1997,F,Marta,4684
ES,1997,F,Miriam,1793
ES,1997,F,Monica,1098
ES,1997,F,Natalia,1791
ES,1997,F,Nerea,1527
ES,1997,F,Noelia,1827
ES,1997,F,Nuria,1407
ES,1997,F,Patricia,2510
ES,1997,F,Paula,3334
ES,1997,F,Raquel,2370
ES,1997,F,Rocio,2121
ES,1997,F,Sandra,2646
ES,1997,F,Sara,3949
ES,1997,F,Silvia,1504
ES,1997,F,Sonia,1021
ES,1997,F,Tamara,1151
ES,1997,F,Tania,914
ES,1997,F,Veronica,996
ES,1997,M,Adrian,4342
ES,1997,M,Aitor,1081
ES,1997,M,Alberto,2836
ES,1997,M,Alejandro,5914
ES,1997,M,Alvaro,3582
ES,1997,M,Andres,1140
ES,1997,M,Angel,1424
ES,1997,M,Antonio,3015
ES,1997,M,Borja,1127
ES,1997,M,Carlos,3977
ES,1997,M,Cristian,2073
ES,1997,M,Daniel,5870
ES,1997,M,David,5872
ES,1997,M,Diego,2146
ES,1997,M,Eduardo,1122
ES,1997,M,Fernando,1467
ES,1997,M,Francisco,2013
ES,1997,M,Francisco Javier,2050
ES,1997,M,Francisco Jose,1049
ES,1997,M,Guillermo,1214
ES,1997,M,Ignacio,1257
ES,1997,M,Ivan,2805
ES,1997,M,Jaime,1106
ES,1997,M,Javier,4888
ES,1997,M,Jesus,2508
ES,1997,M,Jorge,2796
ES,1997,M,Jose,1711
ES,1997,M,Jose Antonio,1808
ES,1997,M,Jose Luis,1215
ES,1997,M,Jose Manuel,1728
ES,1997,M,Juan,1607
ES,1997,M,Juan Carlos,1055
ES,1997,M,Juan Jose,1076
ES,1997,M,Luis,1310
ES,1997,M,Manuel,2745
ES,1997,M,Marc,1581
ES,1997,M,Marcos,1079
ES,1997,M,Mario,1483
ES,1997,M,Miguel,2336
ES,1997,M,Miguel Angel,1767
ES,1997,M,Mohamed,1054
ES,1997,M,Oscar,1457
ES,1997,M,Pablo,3693
ES,1997,M,Pedro,1183
ES,1997,M,Rafael,1451
ES,1997,M,Raul,1776
ES,1997,M,Ruben,2538
ES,1997,M,Samuel,1080
ES,1997,M,Sergio,4537
ES,1997,M,Victor,2223
ES,1998,F,Alba,3317
ES,1998,F,Alicia,1270
ES,1998,F,Ana,3453
ES,1998,F,Ana Maria,1374
ES,1998,F,Andrea,3905
ES,1998,F,Angela,1112
ES,1998,F,Anna,989
ES,1998,F,Beatriz,2042
ES,1998,F,Belen,827
ES,1998,F,Carla,1197
ES,1998,F,Carmen,1530
ES,1998,F,Carolina,1022
ES,1998,F,Celia,846
ES,1998,F,Clara,898
ES,1998,F,Claudia,1334
ES,1998,F,Cristina,5183
ES,1998,F,Elena,2262
ES,1998,F,Estefania,1159
ES,1998,F,Esther,848
ES,1998,F,Eva,1011
ES,1998,F,Irene,2496
ES,1998,F,Isabel,1185
ES,1998,F,Jennifer,897
ES,1998,F,Julia,996
ES,1998,F,Laura,6279
ES,1998,F,Lidia,1044
ES,1998,F,Lorena,1624
ES,1998,F,Lucia,2376
ES,1998,F,Maria,7406
ES,1998,F,Maria Carmen,1602
ES,1998,F,Maria Jose,1197
ES,1998,F,Marina,2251
ES,1998,F,Marta,4684
ES,1998,F,Miriam,1793
ES,1998,F,Monica,1098
ES,1998,F,Natalia,1791
ES,1998,F,Nerea,1527
ES,1998,F,Noelia,1827
ES,1998,F,Nuria,1407
ES,1998,F,Patricia,2510
ES,1998,F,Paula,3334
ES,1998,F,Raquel,2370
ES,1998,F,Rocio,2121
ES,1998,F,Sandra,2646
ES,1998,F,Sara,3949
ES,1998,F,Silvia,1504
ES,1998,F,Sonia,1021
ES,1998,F,Tamara,1151
ES,1998,F,Tania,914
ES,1998,F,Veronica,995
ES,1998,M,Adrian,4342
ES,1998,M,Aitor,1081
ES,1998,M,Alberto,2836
ES,1998,M,Alejandro,5914
ES,1998,M,Alvaro,3582
ES,1998,M,Andres,1140
ES,1998,M,Angel,1424
ES,1998,M,Antonio,3015
ES,1998,M,Borja,1127
ES,1998,M,Carlos,3977
ES,1998,M,Cristian,2073
ES,1998,M,Daniel,5870
ES,1998,M,David,5872
ES,1998,M,Diego,2146
ES,1998,M,Eduardo,1122
ES,1998,M,Fernando,1467
ES,1998,M,Francisco,2013
ES,1998,M,Francisco Javier,2049
ES,1998,M,Francisco Jose,1049
ES,1998,M,Guillermo,1214
ES,1998,M,Ignacio,1256
ES,1998,M,Ivan,2805
ES,1998,M,Jaime,1106
ES,1998,M,Javier,4888
ES,1998,M,Jesus,2508
ES,1998,M,Jorge,2796
ES,1998,M,Jose,1711
ES,1998,M,Jose Antonio,1808
ES,1998,M,Jose Luis,1215
ES,1998,M,Jose Manuel,1728
ES,1998,M,Juan,1607
ES,1998,M,Juan Carlos,1055
ES,1998,M,Juan Jose,1075
ES,1998,M,Luis,1310
ES,1998,M,Manuel,2745
ES,1998,M,Marc,1581
ES,1998,M,Marcos,1079
ES,1998,M,Mario,1482
ES,1998,M,Miguel,2335
ES,1998,M,Miguel Angel,1767
ES,1998,M,Mohamed,1054
ES,1998,M,Oscar,1457
ES,1998,M,Pablo,3693
ES,1998,M,Pedro,1183
ES,1998,M,Rafael,1451
ES,1998,M,Raul,1776
ES,1998,M,Ruben,2538
ES,1998,M,Samuel,1080
ES,1998,M,Sergio,4537
ES,1998,M,Victor,2223
ES,1999,F,Alba,3317
ES,1999,F,Alicia,1269
ES,1999,F,Ana,3453
ES,1999,F,Ana Maria,1374
ES,1999,F,Andrea,3905
ES,1999,F,Angela,1112
ES,1999,F,Anna,989
ES,1999,F,Beatriz,2042
ES,1999,F,Belen,827
ES,1999,F,Carla,1197
ES,1999,F,Carmen,1530
ES,1999,F,Carolina,1022
ES,1999,F,Celia,846
ES,1999,F,Clara,898
ES,1999,F,Claudia,1334
ES,1999,F,Cristina,5183
ES,1999,F,Elena,2262
ES,1999,F,Estefania,1159
ES,1999,F,Esther,848
ES,1999,F,Eva,1011
ES,1999,F,Irene,2496
ES,1999,F,Isabel,1185
ES,1999,F,Jennifer,897
ES,1999,F,Julia,996
ES,1999,F,Laura,6279
ES,1999,F,Lidia,1044
ES,1999,F,Lorena,1624
ES,1999,F,Lucia,2376
ES,1999,F,Maria,7406
ES,1999,F,Maria Carmen,1602
ES,1999,F,Maria Jose,1197
ES,1999,F,Marina,2251
ES,1999,F,Marta,4684
ES,1999,F,Miriam,1793
ES,1999,F,Monica,1098
ES,1999,F,Natalia,1791
ES,1999,F,Nerea,1527
ES,1999,F,Noelia,1827
ES,1999,F,Nuria,1407
ES,1999,F,Patricia,2509
ES,1999,F,Paula,3334
ES,1999,F,Raquel,2370
ES,1999,F,Rocio,2120
ES,1999,F,Sandra,2646
ES,1999,F,Sara,3948
ES,1999,F,Silvia,1504
ES,1999,F,Sonia,1020
ES,1999,F,Tamara,1151
ES,1999,F,Tania,914
ES,1999,F,Veronica,995
ES,1999,M,Adrian,4342
ES,1999,M,Aitor,1081
ES,1999,M,Alberto,2836
ES,1999,M,Alejandro,5914
ES,1999,M,Alvaro,3582
ES,1999,M,Andres,1140
ES,1999,M,Angel,1424
ES,1999,M,Antonio,3015
ES,1999,M,Borja,1127
ES,1999,M,Carlos,3977
ES,1999,M,Cristian,2072
ES,1999,M,Daniel,5869
ES,1999,M,David,5872
ES,1999,M,Diego,2146
ES,1999,M,Eduardo,1122
ES,1999,M,Fernando,1467
ES,1999,M,Francisco,2012
ES,1999,M,Francisco Javier,2049
ES,1999,M,Francisco Jose,1049
ES,1999,M,Guillermo,1214
ES,1999,M,Ignacio,1256
ES,1999,M,Ivan,2805
ES,1999,M,Jaime,1106
ES,1999,M,Javier,4888
ES,1999,M,Jesus,2507
ES,1999,M,Jorge,2796
ES,1999,M,Jose,1711
ES,1999,M,Jose Antonio,1808
ES,1999,M,Jose Luis,1215
ES,1999,M,Jose Manuel,1728
ES,1999,M,Juan,1607
ES,1999,M,Juan Carlos,1055
ES,1999,M,Juan Jose,1075
ES,1999,M,Luis,1310
ES,1999,M,Manuel,2745
ES,1999,M,Marc,1581
ES,1999,M,Marcos,1079
ES,1999,M,Mario,1482
ES,1999,M,Miguel,2335
ES,1999,M,Miguel Angel,1766
ES,1999,M,Mohamed,1054
ES,1999,M,Oscar,1457
ES,1999,M,Pablo,3693
ES,1999,M,Pedro,1182
ES,1999,M,Rafael,1451
ES,1999,M,Raul,1776
ES,1999,M,Ruben,2538
ES,1999,M,Samuel,1079
ES,1999,M,Sergio,4537
ES,1999,M,Victor,2223
ES,2000,F,Adriana,1161
ES,2000,F,Ainara,843
ES,2000,F,Ainhoa,1825
ES,2000,F,Aitana,1268
ES,2000,F,Alba,4233
ES,2000,F,Alejandra,1489
ES,2000,F,Alicia,1234
ES,2000,F,Ana,3001
ES,2000,F,Andrea,3906
ES,2000,F,Angela,1659
ES,2000,F,Ariadna,1064
ES,2000,F,Blanca,969
ES,2000,F,Candela,900
ES,2000,F,Carla,3144
ES,2000,F,Carlota,981
ES,2000,F,Carmen,2288
ES,2000,F,Carolina,878
ES,2000,F,Celia,1226
ES,2000,F,Clara,1211
ES,2000,F,Claudia,3579
ES,2000,F,Cristina,2226
ES,2000,F,Daniela,1762
ES,2000,F,Elena,2433
ES,2000,F,Eva,1112
ES,2000,F,Ines,1349
ES,2000,F,Irene,3074
ES,2000,F,Isabel,1062
ES,2000,F,Julia,2222
ES,2000,F,Laia,1122
ES,2000,F,Laura,5166
ES,2000,F,Lorena,966
ES,2000,F,Lucia,7954
ES,2000,F,Maria,8097
ES,2000,F,Marina,2248
ES,2000,F,Marta,4579
ES,2000,F,Martina,1041
ES,2000,F,Miriam,1122
ES,2000,F,Natalia,2304
ES,2000,F,Nerea,2823
ES,2000,F,Noa,851
ES,2000,F,Noelia,1202
ES,2000,F,Nuria,1521
ES,2000,F,Patricia,1269
ES,2000,F,Paula,6690
ES,2000,F,Raquel,1217
ES,2000,F,Rocio,1731
ES,2000,F,Sandra,1388
ES,2000,F,Sara,3965
ES,2000,F,Silvia,1068
ES,2000,F,Sofia,2227
ES,2000,M,Aaron,1134
ES,2000,M,Adrian,4982
ES,2000,M,Aitor,1158
ES,2000,M,Alberto,1904
ES,2000,M,Alejandro,7251
ES,2000,M,Alex,1807
ES,2000,M,Alvaro,4628
ES,2000,M,Angel,1727
ES,2000,M,Antonio,2428
ES,2000,M,Carlos,3309
ES,2000,M,Daniel,6266
ES,2000,M,David,5655
ES,2000,M,Diego,3052
ES,2000,M,Francisco,1644
ES,2000,M,Francisco Javier,1148
ES,2000,M,Gabriel,1224
ES,2000,M,Gonzalo,1309
ES,2000,M,Guillermo,1361
ES,2000,M,Hector,1277
ES,2000,M,Hugo,3036
ES,2000,M,Ignacio,1191
ES,2000,M,Iker,1916
ES,2000,M,Ismael,1338
ES,2000,M,Ivan,3171
ES,2000,M,Jaime,1452
ES,2000,M,Javier,4539
ES,2000,M,Jesus,1817
ES,2000,M,Jorge,2932
ES,2000,M,Jose,1576
ES,2000,M,Juan,1990
ES,2000,M,Lucas,1292
ES,2000,M,Luis,1293
ES,2000,M,Manuel,2772
ES,2000,M,Marc,1988
ES,2000,M,Marcos,2543
ES,2000,M,Mario,2764
ES,2000,M,Miguel,2638
ES,2000,M,Miguel Angel,1292
ES,2000,M,Nicolas,1474
ES,2000,M,Oscar,1577
ES,2000,M,Pablo,5908
ES,2000,M,Pau,1313
ES,2000,M,Pedro,1284
ES,2000,M,Rafael,1192
ES,2000,M,Raul,2545
ES,2000,M,Rodrigo,1142
ES,2000,M,Ruben,2322
ES,2000,M,Samuel,1703
ES,2000,M,Sergio,3765
ES,2000,M,Victor,2156
ES,2001,F,Adriana,1161
ES,2001,F,Ainara,842
ES,2001,F,Ainhoa,1825
ES,2001,F,Aitana,1267
ES,2001,F,Alba,4233
ES,2001,F,Alejandra,1489
ES,2001,F,Alicia,1234
ES,2001,F,Ana,3001
ES,2001,F,Andrea,3906
ES,2001,F,Angela,1659
ES,2001,F,Ariadna,1064
ES,2001,F,Blanca,969
ES,2001,F,Candela,899
ES,2001,F,Carla,3144
ES,2001,F,Carlota,980
ES,2001,F,Carmen,2288
ES,2001,F,Carolina,878
ES,2001,F,Celia,1225
ES,2001,F,Clara,1210
ES,2001,F,Claudia,3579
ES,2001,F,Cristina,2225
ES,2001,F,Daniela,1762
ES,2001,F,Elena,2432
ES,2001,F,Eva,1112
ES,2001,F,Ines,1349
ES,2001,F,Irene,3074
ES,2001,F,Isabel,1062
ES,2001,F,Julia,2222
ES,2001,F,Laia,1122
ES,2001,F,Laura,5166
ES,2001,F,Lorena,966
ES,2001,F,Lucia,7954
ES,2001,F,Maria,8097
ES,2001,F,Marina,2248
ES,2001,F,Marta,4579
ES,2001,F,Martina,1041
ES,2001,F,Miriam,1122
ES,2001,F,Natalia,2304
ES,2001,F,Nerea,2823
ES,2001,F,Noa,851
ES,2001,F,Noelia,1202
ES,2001,F,Nuria,1521
ES,2001,F,Patricia,1269
ES,2001,F,Paula,6690
ES,2001,F,Raquel,1216
ES,2001,F,Rocio,1731
ES,2001,F,Sandra,1388
ES,2001,F,Sara,3965
ES,2001,F,Silvia,1067
ES,2001,F,Sofia,2227
ES,2001,M,Aaron,1134
ES,2001,M,Adrian,4982
ES,2001,M,Aitor,1158
ES,2001,M,Alberto,1903
ES,2001,M,Alejandro,7251
ES,2001,M,Alex,1807
ES,2001,M,Alvaro,4628
ES,2001,M,Angel,1727
ES,2001,M,Antonio,2428
ES,2001,M,Carlos,3309
ES,2001,M,Daniel,6266
ES,2001,M,David,5655
ES,2001,M,Diego,3052
ES,2001,M,Francisco,1644
ES,2001,M,Francisco Javier,1148
ES,2001,M,Gabriel,1224
ES,2001,M,Gonzalo,1309
ES,2001,M,Guillermo,1361
ES,2001,M,Hector,1277
ES,2001,M,Hugo,3036
ES,2001,M,Ignacio,1191
ES,2001,M,Iker,1916
ES,2001,M,Ismael,1338
ES,2001,M,Ivan,3171
ES,2001,M,Jaime,1452
ES,2001,M,Javier,4539
ES,2001,M,Jesus,1817
ES,2001,M,Jorge,2932
ES,2001,M,Jose,1576
ES,2001,M,Juan,1990
ES,2001,M,Lucas,1292
ES,2001,M,Luis,1293
ES,2001,M,Manuel,2772
ES,2001,M,Marc,1987
ES,2001,M,Marcos,2543
ES,2001,M,Mario,2764
ES,2001,M,Miguel,2638
ES,2001,M,Miguel Angel,1292
ES,2001,M,Nicolas,1474
ES,2001,M,Oscar,1577
ES,2001,M,Pablo,5907
ES,2001,M,Pau,1313
ES,2001,M,Pedro,1284
ES,2001,M,Rafael,1192
ES,2001,M,Raul,2544
ES,2001,M,Rodrigo,1142
ES,2001,M,Ruben,2322
ES,2001,M,Samuel,1703
ES,2001,M,Sergio,3765
ES,2001,M,Victor,2156
ES,2002,F,Adriana,1161
ES,2002,F,Ainara,842
ES,2002,F,Ainhoa,1825
ES,2002,F,Aitana,1267
ES,2002,F,Alba,4233
ES,2002,F,Alejandra,1489
ES,2002,F,Alicia,1234
ES,2002,F,Ana,3001
ES,2002,F,Andrea,3906
ES,2002,F,Angela,1659
ES,2002,F,Ariadna,1064
ES,2002,F,Blanca,969
ES,2002,F,Candela,899
ES,2002,F,Carla,3144
ES,2002,F,Carlota,980
ES,2002,F,Carmen,2288
ES,2002,F,Carolina,878
ES,2002,F,Celia,1225
ES,2002,F,Clara,1210
ES,2002,F,Claudia,3579
ES,2002,F,Cristina,2225
ES,2002,F,Daniela,1762
ES,2002,F,Elena,2432
ES,2002,F,Eva,1111
ES,2002,F,Ines,1349
ES,2002,F,Irene,3073
ES,2002,F,Isabel,1062
ES,2002,F,Julia,2221
ES,2002,F,Laia,1121
ES,2002,F,Laura,5165
ES,2002,F,Lorena,966
ES,2002,F,Lucia,7953
ES,2002,F,Maria,8097
ES,2002,F,Marina,2248
ES,2002,F,Marta,4579
ES,2002,F,Martina,1041
ES,2002,F,Miriam,1122
ES,2002,F,Natalia,2304
ES,2002,F,Nerea,2823
ES,2002,F,Noa,851
ES,2002,F,Noelia,1202
ES,2002,F,Nuria,1521
ES,2002,F,Patricia,1269
ES,2002,F,Paula,6689
ES,2002,F,Raquel,1216
ES,2002,F,Rocio,1731
ES,2002,F,Sandra,1388
ES,2002,F,Sara,3965
ES,2002,F,Silvia,1067
ES,2002,F,Sofia,2227
ES,2002,M,Aaron,1134
ES,2002,M,Adrian,4982
ES,2002,M,Aitor,1158
ES,2002,M,Alberto,1903
ES,2002,M,Alejandro,7251
ES,2002,M,Alex,1807
ES,2002,M,Alvaro,4628
ES,2002,M,Angel,1727
ES,2002,M,Antonio,2428
ES,2002,M,Carlos,3309
ES,2002,M,Daniel,6266
ES,2002,M,David,5654
ES,2002,M,Diego,3052
ES,2002,M,Francisco,1644
ES,2002,M,Francisco Javier,1148
ES,2002,M,Gabriel,1224
ES,2002,M,Gonzalo,1309
ES,2002,M,Guillermo,1361
ES,2002,M,Hector,1276
ES,2002,M,Hugo,3035
ES,2002,M,Ignacio,1191
ES,2002,M,Iker,1916
ES,2002,M,Ismael,1338
ES,2002,M,Ivan,3171
ES,2002,M,Jaime,1451
ES,2002,M,Javier,4539
ES,2002,M,Jesus,1817
ES,2002,M,Jorge,2932
ES,2002,M,Jose,1576
ES,2002,M,Juan,1990
ES,2002,M,Lucas,1292
ES,2002,M,Luis,1293
ES,2002,M,Manuel,2772
ES,2002,M,Marc,1987
ES,2002,M,Marcos,2543
ES,2002,M,Mario,2764
ES,2002,M,Miguel,2638
ES,2002,M,Miguel Angel,1292
ES,2002,M,Nicolas,1474
ES,2002,M,Oscar,1577
ES,2002,M,Pablo,5907
ES,2002,M,Pau,1313
ES,2002,M,Pedro,1284
ES,2002,M,Rafael,1192
ES,2002,M,Raul,2544
ES,2002,M,Rodrigo,1142
ES,2002,M,Ruben,2322
ES,2002,M,Samuel,1703
ES,2002,M,Sergio,3765
ES,2002,M,Victor,2156
ES,2003,F,Adriana,1161
ES,2003,F,Ainara,842
ES,2003,F,Ainhoa,1825
ES,2003,F,Aitana,1267
ES,2003,F,Alba,4233
ES,2003,F,Alejandra,1489
ES,2003,F,Alicia,1233
ES,2003,F,Ana,3000
ES,2003,F,Andrea,3906
ES,2003,F,Angela,1659
ES,2003,F,Ariadna,1063
ES,2003,F,Blanca,969
ES,2003,F,Candela,899
ES,2003,F,Carla,3144
ES,2003,F,Carlota,980
ES,2003,F,Carmen,2288
ES,2003,F,Carolina,878
ES,2003,F,Celia,1225
ES,2003,F,Clara,1210
ES,2003,F,Claudia,3579
ES,2003,F,Cristina,2225
ES,2003,F,Daniela,1761
ES,2003,F,Elena,2432
ES,2003,F,Eva,1111
ES,2003,F,Ines,1349
ES,2003,F,Irene,3073
ES,2003,F,Isabel,1062
ES,2003,F,Julia,2221
ES,2003,F,Laia,1121
ES,2003,F,Laura,5165
ES,2003,F,Lorena,966
ES,2003,F,Lucia,7953
ES,2003,F,Maria,8097
ES,2003,F,Marina,2247
ES,2003,F,Marta,4579
ES,2003,F,Martina,1041
ES,2003,F,Miriam,1122
ES,2003,F,Natalia,2304
ES,2003,F,Nerea,2823
ES,2003,F,Noa,851
ES,2003,F,Noelia,1202
ES,2003,F,Nuria,1521
ES,2003,F,Patricia,1269
ES,2003,F,Paula,6689
ES,2003,F,Raquel,1216
ES,2003,F,Rocio,1731
ES,2003,F,Sandra,1388
ES,2003,F,Sara,3965
ES,2003,F,Silvia,1067
ES,2003,F,Sofia,2227
ES,2003,M,Aaron,1133
ES,2003,M,Adrian,4982
ES,2003,M,Aitor,1157
ES,2003,M,Alberto,1903
ES,2003,M,Alejandro,7251
ES,2003,M,Alex,1806
ES,2003,M,Alvaro,4627
ES,2003,M,Angel,1727
ES,2003,M,Antonio,2428
ES,2003,M,Carlos,3309
ES,2003,M,Daniel,6266
ES,2003,M,David,5654
ES,2003,M,Diego,3051
ES,2003,M,Francisco,1644
ES,2003,M,Francisco Javier,1148
ES,2003,M,Gabriel,1224
ES,2003,M,Gonzalo,1309
ES,2003,M,Guillermo,1361
ES,2003,M,Hector,1276
ES,2003,M,Hugo,3035
ES,2003,M,Ignacio,1191
ES,2003,M,Iker,1916
ES,2003,M,Ismael,1338
ES,2003,M,Ivan,3171
ES,2003,M,Jaime,1451
ES,2003,M,Javier,4539
ES,2003,M,Jesus,1817
ES,2003,M,Jorge,2932
ES,2003,M,Jose,1576
ES,2003,M,Juan,1990
ES,2003,M,Lucas,1292
ES,2003,M,Luis,1293
ES,2003,M,Manuel,2772
ES,2003,M,Marc,1987
ES,2003,M,Marcos,2543
ES,2003,M,Mario,2764
ES,2003,M,Miguel,2638
ES,2003,M,Miguel Angel,1292
ES,2003,M,Nicolas,1474
ES,2003,M,Oscar,1577
ES,2003,M,Pablo,5907
ES,2003,M,Pau,1313
ES,2003,M,Pedro,1284
ES,2003,M,Rafael,1192
ES,2003,M,Raul,2544
ES,2003,M,Rodrigo,1142
ES,2003,M,Ruben,2322
ES,2003,M,Samuel,1703
ES,2003,M,Sergio,3765
ES,2003,M,Victor,2156
ES,2004,F,Adriana,1161
ES,2004,F,Ainara,842
ES,2004,F,Ainhoa,1824
ES,2004,F,Aitana,1267
ES,2004,F,Alba,4233
ES,2004,F,Alejandra,1489
ES,2004,F,Alicia,1233
ES,2004,F,Ana,3000
ES,2004,F,Andrea,3906
ES,2004,F,Angela,1659
ES,2004,F,Ariadna,1063
ES,2004,F,Blanca,969
ES,2004,F,Candela,899
ES,2004,F,Carla,3144
ES,2004,F,Carlota,980
ES,2004,F,Carmen,2288
ES,2004,F,Carolina,878
ES,2004,F,Celia,1225
ES,2004,F,Clara,1210
ES,2004,F,Claudia,3579
ES,2004,F,Cristina,2225
ES,2004,F,Daniela,1761
ES,2004,F,Elena,2432
ES,2004,F,Eva,1111
ES,2004,F,Ines,1349
ES,2004,F,Irene,3073
ES,2004,F,Isabel,1061
ES,2004,F,Julia,2221
ES,2004,F,Laia,1121
ES,2004,F,Laura,5165
ES,2004,F,Lorena,966
ES,2004,F,Lucia,7953
ES,2004,F,Maria,8097
ES,2004,F,Marina,2247
ES,2004,F,Marta,4579
ES,2004,F,Martina,1041
ES,2004,F,Miriam,1122
ES,2004,F,Natalia,2304
ES,2004,F,Nerea,2823
ES,2004,F,Noa,851
ES,2004,F,Noelia,1202
ES,2004,F,Nuria,1521
ES,2004,F,Patricia,1269
ES,2004,F,Paula,6689
ES,2004,F,Raquel,1216
ES,2004,F,Rocio,1731
ES,2004,F,Sandra,1388
ES,2004,F,Sara,3965
ES,2004,F,Silvia,1067
ES,2004,F,Sofia,2227
ES,2004,M,Aaron,1133
ES,2004,M,Adrian,4982
ES,2004,M,Aitor,1157
ES,2004,M,Alberto,1903
ES,2004,M,Alejandro,7251
ES,2004,M,Alex,1806
ES,2004,M,Alvaro,4627
ES,2004,M,Angel,1727
ES,2004,M,Antonio,2428
ES,2004,M,Carlos,3309
ES,2004,M,Daniel,6266
ES,2004,M,David,5654
ES,2004,M,Diego,3051
ES,2004,M,Francisco,1644
ES,2004,M,Francisco Javier,1148
ES,2004,M,Gabriel,1224
ES,2004,M,Gonzalo,1309
ES,2004,M,Guillermo,1361
ES,2004,M,Hector,1276
ES,2004,M,Hugo,3035
ES,2004,M,Ignacio,1191
ES,2004,M,Iker,1915
ES,2004,M,Ismael,1338
ES,2004,M,Ivan,3171
ES,2004,M,Jaime,1451
ES,2004,M,Javier,4539
ES,2004,M,Jesus,1817
ES,2004,M,Jorge,2931
ES,2004,M,Jose,1576
ES,2004,M,Juan,1990
ES,2004,M,Lucas,1292
ES,2004,M,Luis,1293
ES,2004,M,Manuel,2772
ES,2004,M,Marc,1987
ES,2004,M,Marcos,2543
ES,2004,M,Mario,2764
ES,2004,M,Miguel,2638
ES,2004,M,Miguel Angel,1292
ES,2004,M,Nicolas,1474
ES,2004,M,Oscar,1577
ES,2004,M,Pablo,5907
ES,2004,M,Pau,1313
ES,2004,M,Pedro,1284
ES,2004,M,Rafael,1191
ES,2004,M,Raul,2544
ES,2004,M,Rodrigo,1142
ES,2004,M,Ruben,2322
ES,2004,M,Samuel,1703
ES,2004,M,Sergio,3765
ES,2004,M,Victor,2156
ES,2005,F,Adriana,1161
ES,2005,F,Ainara,842
ES,2005,F,Ainhoa,1824
ES,2005,F,Aitana,1267
ES,2005,F,Alba,4233
ES,2005,F,Alejandra,1489
ES,2005,F,Alicia,1233
ES,2005,F,Ana,3000
ES,2005,F,Andrea,3906
ES,2005,F,Angela,1659
ES,2005,F,Ariadna,1063
ES,2005,F,Blanca,968
ES,2005,F,Candela,899
ES,2005,F,Carla,3143
ES,2005,F,Carlota,980
ES,2005,F,Carmen,2287
ES,2005,F,Carolina,878
ES,2005,F,Celia,1225
ES,2005,F,Clara,1210
ES,2005,F,Claudia,3579
ES,2005,F,Cristina,2225
ES,2005,F,Daniela,1761
ES,2005,F,Elena,2432
ES,2005,F,Eva,1111
ES,2005,F,Ines,1349
ES,2005,F,Irene,3073
ES,2005,F,Isabel,1061
ES,2005,F,Julia,2221
ES,2005,F,Laia,1121
ES,2005,F,Laura,5165
ES,2005,F,Lorena,966
ES,2005,F,Lucia,7953
ES,2005,F,Maria,8096
ES,2005,F,Marina,2247
ES,2005,F,Marta,4579
ES,2005,F,Martina,1041
ES,2005,F,Miriam,1121
ES,2005,F,Natalia,2304
ES,2005,F,Nerea,2823
ES,2005,F,Noa,850
ES,2005,F,Noelia,1202
ES,2005,F,Nuria,1521
ES,2005,F,Patricia,1268
ES,2005,F,Paula,6689
ES,2005,F,Raquel,1216
ES,2005,F,Rocio,1731
ES,2005,F,Sandra,1388
ES,2005,F,Sara,3965
ES,2005,F,Silvia,1067
ES,2005,F,Sofia,2227
ES,2005,M,Aaron,1133
ES,2005,M,Adrian,4982
ES,2005,M,Aitor,1157
ES,2005,M,Alberto,1903
ES,2005,M,Alejandro,7251
ES,2005,M,Alex,1806
ES,2005,M,Alvaro,4627
ES,2005,M,Angel,1726
ES,2005,M,Antonio,2427
ES,2005,M,Carlos,3309
ES,2005,M,Daniel,6266
ES,2005,M,David,5654
ES,2005,M,Diego,3051
ES,2005,M,Francisco,1644
ES,2005,M,Francisco Javier,1148
ES,2005,M,Gabriel,1224
ES,2005,M,Gonzalo,1309
ES,2005,M,Guillermo,1361
ES,2005,M,Hector,1276
ES,2005,M,Hugo,3035
ES,2005,M,Ignacio,1190
ES,2005,M,Iker,1915
ES,2005,M,Ismael,1338
ES,2005,M,Ivan,3171
ES,2005,M,Jaime,1451
ES,2005,M,Javier,4539
ES,2005,M,Jesus,1817
ES,2005,M,Jorge,2931
ES,2005,M,Jose,1576
ES,2005,M,Juan,1990
ES,2005,M,Lucas,1292
ES,2005,M,Luis,1293
ES,2005,M,Manuel,2772
ES,2005,M,Marc,1987
ES,2005,M,Marcos,2543
ES,2005,M,Mario,2764
ES,2005,M,Miguel,2638
ES,2005,M,Miguel Angel,1292
ES,2005,M,Nicolas,1474
ES,2005,M,Oscar,1577
ES,2005,M,Pablo,5907
ES,2005,M,Pau,1313
ES,2005,M,Pedro,1284
ES,2005,M,Rafael,1191
ES,2005,M,Raul,2544
ES,2005,M,Rodrigo,1142
ES,2005,M,Ruben,2322
ES,2005,M,Samuel,1703
ES,2005,M,Sergio,3765
ES,2005,M,Victor,2156
ES,2006,F,Adriana,1161
ES,2006,F,Ainara,842
ES,2006,F,Ainhoa,1824
ES,2006,F,Aitana,1267
ES,2006,F,Alba,4233
ES,2006,F,Alejandra,1489
ES,2006,F,Alicia,1233
ES,2006,F,Ana,3000
ES,2006,F,Andrea,3906
ES,2006,F,Angela,1659
ES,2006,F,Ariadna,1063
ES,2006,F,Blanca,968
ES,2006,F,Candela,899
ES,2006,F,Carla,3143
ES,2006,F,Carlota,980
ES,2006,F,Carmen,2287
ES,2006,F,Carolina,878
ES,2006,F,Celia,1225
ES,2006,F,Clara,1210
ES,2006,F,Claudia,3578
ES,2006,F,Cristina,2225
ES,2006,F,Daniela,1761
ES,2006,F,Elena,2432
ES,2006,F,Eva,1111
ES,2006,F,Ines,1349
ES,2006,F,Irene,3073
ES,2006,F,Isabel,1061
ES,2006,F,Julia,2221
ES,2006,F,Laia,1121
ES,2006,F,Laura,5165
ES,2006,F,Lorena,966
ES,2006,F,Lucia,7953
ES,2006,F,Maria,8096
ES,2006,F,Marina,2247
ES,2006,F,Marta,4579
ES,2006,F,Martina,1041
ES,2006,F,Miriam,1121
ES,2006,F,Natalia,2304
ES,2006,F,Nerea,2823
ES,2006,F,Noa,850
ES,2006,F,Noelia,1202
ES,2006,F,Nuria,1521
ES,2006,F,Patricia,1268
ES,2006,F,Paula,6689
ES,2006,F,Raquel,1216
ES,2006,F,Rocio,1731
ES,2006,F,Sandra,1387
ES,2006,F,Sara,3965
ES,2006,F,Silvia,1067
ES,2006,F,Sofia,2227
ES,2006,M,Aaron,1133
ES,2006,M,Adrian,4982
ES,2006,M,Aitor,1157
ES,2006,M,Alberto,1903
ES,2006,M,Alejandro,7251
ES,2006,M,Alex,1806
ES,2006,M,Alvaro,4627
ES,2006,M,Angel,1726
ES,2006,M,Antonio,2427
ES,2006,M,Carlos,3309
ES,2006,M,Daniel,6266
ES,2006,M,David,5654
ES,2006,M,Diego,3051
ES,2006,M,Francisco,1644
ES,2006,M,Francisco Javier,1148
ES,2006,M,Gabriel,1224
ES,2006,M,Gonzalo,1309
ES,2006,M,Guillermo,1361
ES,2006,M,Hector,1276
ES,2006,M,Hugo,3035
ES,2006,M,Ignacio,1190
ES,2006,M,Iker,1915
ES,2006,M,Ismael,1338
ES,2006,M,Ivan,3170
ES,2006,M,Jaime,1451
ES,2006,M,Javier,4539
ES,2006,M,Jesus,1817
ES,2006,M,Jorge,2931
ES,2006,M,Jose,1576
ES,2006,M,Juan,1990
ES,2006,M,Lucas,1292
ES,2006,M,Luis,1293
ES,2006,M,Manuel,2772
ES,2006,M,Marc,1987
ES,2006,M,Marcos,2543
ES,2006,M,Mario,2764
ES,2006,M,Miguel,2638
ES,2006,M,Miguel Angel,1292
ES,2006,M,Nicolas,1474
ES,2006,M,Oscar,1577
ES,2006,M,Pablo,5907
ES,2006,M,Pau,1312
ES,2006,M,Pedro,1284
ES,2006,M,Rafael,1191
ES,2006,M,Raul,2544
ES,2006,M,Rodrigo,1142
ES,2006,M,Ruben,2322
ES,2006,M,Samuel,1702
ES,2006,M,Sergio,3764
ES,2006,M,Victor,2156
ES,2007,F,Adriana,1160
ES,2007,F,Ainara,842
ES,2007,F,Ainhoa,1824
ES,2007,F,Aitana,1267
ES,2007,F,Alba,4233
ES,2007,F,Alejandra,1489
ES,2007,F,Alicia,1233
ES,2007,F,Ana,3000
ES,2007,F,Andrea,3906
ES,2007,F,Angela,1659
ES,2007,F,Ariadna,1063
ES,2007,F,Blanca,968
ES,2007,F,Candela,899
ES,2007,F,Carla,3143
ES,2007,F,Carlota,980
ES,2007,F,Carmen,2287
ES,2007,F,Carolina,878
ES,2007,F,Celia,1225
ES,2007,F,Clara,1210
ES,2007,F,Claudia,3578
ES,2007,F,Cristina,2225
ES,2007,F,Daniela,1761
ES,2007,F,Elena,2432
ES,2007,F,Eva,1111
ES,2007,F,Ines,1349
ES,2007,F,Irene,3073
ES,2007,F,Isabel,1061
ES,2007,F,Julia,2221
ES,2007,F,Laia,1121
ES,2007,F,Laura,5165
ES,2007,F,Lorena,966
ES,2007,F,Lucia,7953
ES,2007,F,Maria,8096
ES,2007,F,Marina,2247
ES,2007,F,Marta,4578
ES,2007,F,Martina,1041
ES,2007,F,Miriam,1121
ES,2007,F,Natalia,2304
ES,2007,F,Nerea,2822
ES,2007,F,Noa,850
ES,2007,F,Noelia,1202
ES,2007,F,Nuria,1520
ES,2007,F,Patricia,1268
ES,2007,F,Paula,6689
ES,2007,F,Raquel,1216
ES,2007,F,Rocio,1731
ES,2007,F,Sandra,1387
ES,2007,F,Sara,3965
ES,2007,F,Silvia,1067
ES,2007,F,Sofia,2227
ES,2007,M,Aaron,1133
ES,2007,M,Adrian,4981
ES,2007,M,Aitor,1157
ES,2007,M,Alberto,1903
ES,2007,M,Alejandro,7251
ES,2007,M,Alex,1806
ES,2007,M,Alvaro,4627
ES,2007,M,Angel,1726
ES,2007,M,Antonio,2427
ES,2007,M,Carlos,3309
ES,2007,M,Daniel,6265
ES,2007,M,David,5654
ES,2007,M,Diego,3051
ES,2007,M,Francisco,1644
ES,2007,M,Francisco Javier,1148
ES,2007,M,Gabriel,1223
ES,2007,M,Gonzalo,1309
ES,2007,M,Guillermo,1361
ES,2007,M,Hector,1276
ES,2007,M,Hugo,3035
ES,2007,M,Ignacio,1190
ES,2007,M,Iker,1915
ES,2007,M,Ismael,1338
ES,2007,M,Ivan,3170
ES,2007,M,Jaime,1451
ES,2007,M,Javier,4539
ES,2007,M,Jesus,1816
ES,2007,M,Jorge,2931
ES,2007,M,Jose,1576
ES,2007,M,Juan,1990
ES,2007,M,Lucas,1291
ES,2007,M,Luis,1292
ES,2007,M,Manuel,2772
ES,2007,M,Marc,1987
ES,2007,M,Marcos,2542
ES,2007,M,Mario,2763
ES,2007,M,Miguel,2638
ES,2007,M,Miguel Angel,1291
ES,2007,M,Nicolas,1474
ES,2007,M,Oscar,1576
ES,2007,M,Pablo,5907
ES,2007,M,Pau,1312
ES,2007,M,Pedro,1284
ES,2007,M,Rafael,1191
ES,2007,M,Raul,2544
ES,2007,M,Rodrigo,1142
ES,2007,M,Ruben,2322
ES,2007,M,Samuel,1702
ES,2007,M,Sergio,3764
ES,2007,M,Victor,2155
ES,2008,F,Adriana,1160
ES,2008,F,Ainara,842
ES,2008,F,Ainhoa,1824
ES,2008,F,Aitana,1267
ES,2008,F,Alba,4233
ES,2008,F,Alejandra,1488
ES,2008,F,Alicia,1233
ES,2008,F,Ana,3000
ES,2008,F,Andrea,3906
ES,2008,F,Angela,1659
ES,2008,F,Ariadna,1063
ES,2008,F,Blanca,968
ES,2008,F,Candela,899
ES,2008,F,Carla,3143
ES,2008,F,Carlota,980
ES,2008,F,Carmen,2287
ES,2008,F,Carolina,878
ES,2008,F,Celia,1225
ES,2008,F,Clara,1210
ES,2008,F,Claudia,3578
ES,2008,F,Cristina,2225
ES,2008,F,Daniela,1761
ES,2008,F,Elena,2432
ES,2008,F,Eva,1111
ES,2008,F,Ines,1349
ES,2008,F,Irene,3073
ES,2008,F,Isabel,1061
ES,2008,F,Julia,2221
ES,2008,F,Laia,1121
ES,2008,F,Laura,5165
ES,2008,F,Lorena,966
ES,2008,F,Lucia,7953
ES,2008,F,Maria,8096
ES,2008,F,Marina,2247
ES,2008,F,Marta,4578
ES,2008,F,Martina,1041
ES,2008,F,Miriam,1121
ES,2008,F,Natalia,2304
ES,2008,F,Nerea,2822
ES,2008,F,Noa,850
ES,2008,F,Noelia,1201
ES,2008,F,Nuria,1520
ES,2008,F,Patricia,1268
ES,2008,F,Paula,6689
ES,2008,F,Raquel,1216
ES,2008,F,Rocio,1731
ES,2008,F,Sandra,1387
ES,2008,F,Sara,3965
ES,2008,F,Silvia,1067
ES,2008,F,Sofia,2227
ES,2008,M,Aaron,1133
ES,2008,M,Adrian,4981
ES,2008,M,Aitor,1157
ES,2008,M,Alberto,1903
ES,2008,M,Alejandro,7251
ES,2008,M,Alex,1806
ES,2008,M,Alvaro,4627
ES,2008,M,Angel,1726
ES,2008,M,Antonio,2427
ES,2008,M,Carlos,3308
ES,2008,M,Daniel,6265
ES,2008,M,David,5654
ES,2008,M,Diego,3051
ES,2008,M,Francisco,1644
ES,2008,M,Francisco Javier,1147
ES,2008,M,Gabriel,1223
ES,2008,M,Gonzalo,1309
ES,2008,M,Guillermo,1361
ES,2008,M,Hector,1276
ES,2008,M,Hugo,3035
ES,2008,M,Ignacio,1190
ES,2008,M,Iker,1915
ES,2008,M,Ismael,1338
ES,2008,M,Ivan,3170
ES,2008,M,Jaime,1451
ES,2008,M,Javier,4539
ES,2008,M,Jesus,1816
ES,2008,M,Jorge,2931
ES,2008,M,Jose,1576
ES,2008,M,Juan,1990
ES,2008,M,Lucas,1291
ES,2008,M,Luis,1292
ES,2008,M,Manuel,2772
ES,2008,M,Marc,1987
ES,2008,M,Marcos,2542
ES,2008,M,Mario,2763
ES,2008,M,Miguel,2637
ES,2008,M,Miguel Angel,1291
ES,2008,M,Nicolas,1473
ES,2008,M,Oscar,1576
ES,2008,M,Pablo,5907
ES,2008,M,Pau,1312
ES,2008,M,Pedro,1284
ES,2008,M,Rafael,1191
ES,2008,M,Raul,2544
ES,2008,M,Rodrigo,1142
ES,2008,M,Ruben,2321
ES,2008,M,Samuel,1702
ES,2008,M,Sergio,3764
ES,2008,M,Victor,2155
ES,2009,F,Adriana,1160
ES,2009,F,Ainara,842
ES,2009,F,Ainhoa,1824
ES,2009,F,Aitana,1267
ES,2009,F,Alba,4233
ES,2009,F,Alejandra,1488
ES,2009,F,Alicia,1233
ES,2009,F,Ana,3000
ES,2009,F,Andrea,3906
ES,2009,F,Angela,1658
ES,2009,F,Ariadna,1063
ES,2009,F,Blanca,968
ES,2009,F,Candela,899
ES,2009,F,Carla,3143
ES,2009,F,Carlota,980
ES,2009,F,Carmen,2287
ES,2009,F,Carolina,877
ES,2009,F,Celia,1225
ES,2009,F,Clara,1210
ES,2009,F,Claudia,3578
ES,2009,F,Cristina,2225
ES,2009,F,Daniela,1761
ES,2009,F,Elena,2432
ES,2009,F,Eva,1111
ES,2009,F,Ines,1349
ES,2009,F,Irene,3073
ES,2009,F,Isabel,1061
ES,2009,F,Julia,2221
ES,2009,F,Laia,1121
ES,2009,F,Laura,5165
ES,2009,F,Lorena,965
ES,2009,F,Lucia,7953
ES,2009,F,Maria,8096
ES,2009,F,Marina,2247
ES,2009,F,Marta,4578
ES,2009,F,Martina,1040
ES,2009,F,Miriam,1121
ES,2009,F,Natalia,2304
ES,2009,F,Nerea,2822
ES,2009,F,Noa,850
ES,2009,F,Noelia,1201
ES,2009,F,Nuria,1520
ES,2009,F,Patricia,1268
ES,2009,F,Paula,6689
ES,2009,F,Raquel,1216
ES,2009,F,Rocio,1730
ES,2009,F,Sandra,1387
ES,2009,F,Sara,3965
ES,2009,F,Silvia,1067
ES,2009,F,Sofia,2226
ES,2009,M,Aaron,1133
ES,2009,M,Adrian,4981
ES,2009,M,Aitor,1157
ES,2009,M,Alberto,1903
ES,2009,M,Alejandro,7251
ES,2009,M,Alex,1806
ES,2009,M,Alvaro,4627
ES,2009,M,Angel,1726
ES,2009,M,Antonio,2427
ES,2009,M,Carlos,3308
ES,2009,M,Daniel,6265
ES,2009,M,David,5654
ES,2009,M,Diego,3051
ES,2009,M,Francisco,1644
ES,2009,M,Francisco Javier,1147
ES,2009,M,Gabriel,1223
ES,2009,M,Gonzalo,1308
ES,2009,M,Guillermo,1361
ES,2009,M,Hector,1276
ES,2009,M,Hugo,3035
ES,2009,M,Ignacio,1190
ES,2009,M,Iker,1915
ES,2009,M,Ismael,1337
ES,2009,M,Ivan,3170
ES,2009,M,Jaime,1451
ES,2009,M,Javier,4539
ES,2009,M,Jesus,1816
ES,2009,M,Jorge,2931
ES,2009,M,Jose,1575
ES,2009,M,Juan,1989
ES,2009,M,Lucas,1291
ES,2009,M,Luis,1292
ES,2009,M,Manuel,2772
ES,2009,M,Marc,1987
ES,2009,M,Marcos,2542
ES,2009,M,Mario,2763
ES,2009,M,Miguel,2637
ES,2009,M,Miguel Angel,1291
ES,2009,M,Nicolas,1473
ES,2009,M,Oscar,1576
ES,2009,M,Pablo,5907
ES,2009,M,Pau,1312
ES,2009,M,Pedro,1284
ES,2009,M,Rafael,1191
ES,2009,M,Raul,2544
ES,2009,M,Rodrigo,1141
ES,2009,M,Ruben,2321
ES,2009,M,Samuel,1702
ES,2009,M,Sergio,3764
ES,2009,M,Victor,2155
ES,2010,F,Adriana,1756
ES,2010,F,Ainara,1056
ES,2010,F,Ainhoa,1363
ES,2010,F,Aitana,1549
ES,2010,F,Alba,2958
ES,2010,F,Alejandra,1540
ES,2010,F,Alicia,1029
ES,2010,F,Alma,1107
ES,2010,F,Ana,1751
ES,2010,F,Andrea,1081
ES,2010,F,Angela,1044
ES,2010,F,Ariadna,1263
ES,2010,F,Blanca,1027
ES,2010,F,Candela,1214
ES,2010,F,Carla,3018
ES,2010,F,Carlota,1158
ES,2010,F,Carmen,2233
ES,2010,F,Celia,952
ES,2010,F,Clara,968
ES,2010,F,Claudia,2509
ES,2010,F,Daniela,3530
ES,2010,F,Elena,1709
ES,2010,F,Emma,2207
ES,2010,F,Ines,1390
ES,2010,F,Irene,1993
ES,2010,F,Jimena,1216
ES,2010,F,Julia,3046
ES,2010,F,Laia,1330
ES,2010,F,Laura,1873
ES,2010,F,Leire,1057
ES,2010,F,Lola,1308
ES,2010,F,Lucia,5129
ES,2010,F,Maria,4578
ES,2010,F,Marina,1248
ES,2010,F,Marta,2031
ES,2010,F,Martina,3740
ES,2010,F,Natalia,919
ES,2010,F,Nerea,1185
ES,2010,F,Noa,2421
ES,2010,F,Nora,1006
ES,2010,F,Olivia,1107
ES,2010,F,Paula,4055
ES,2010,F,Rocio,1140
ES,2010,F,Sara,3213
ES,2010,F,Sofia,3698
ES,2010,F,Valentina,1449
ES,2010,F,Valeria,2752
ES,2010,F,Vega,1122
ES,2010,F,Vera,1036
ES,2010,F,Victoria,895
ES,2010,M,Aaron,1070
ES,2010,M,Adam,1249
ES,2010,M,Adrian,3414
ES,2010,M,Aitor,1213
ES,2010,M,Alejandro,4253
ES,2010,M,Alex,1756
ES,2010,M,Alvaro,3518
ES,2010,M,Angel,1481
ES,2010,M,Antonio,1624
ES,2010,M,Bruno,1227
ES,2010,M,Carlos,1791
ES,2010,M,Daniel,4604
ES,2010,M,Dario,1163
ES,2010,M,David,3145
ES,2010,M,Diego,2730
ES,2010,M,Enzo,1254
ES,2010,M,Eric,1256
ES,2010,M,Francisco,1002
ES,2010,M,Gabriel,1239
ES,2010,M,Gonzalo,1555
ES,2010,M,Guillermo,1067
ES,2010,M,Hector,1304
ES,2010,M,Hugo,4756
ES,2010,M,Iker,1752
ES,2010,M,Ivan,1590
ES,2010,M,Izan,1872
ES,2010,M,Javier,2463
ES,2010,M,Jesus,1049
ES,2010,M,Jorge,1752
ES,2010,M,Jose,1177
ES,2010,M,Juan,1472
ES,2010,M,Leo,2065
ES,2010,M,Lucas,2952
ES,2010,M,Manuel,2521
ES,2010,M,Marc,1711
ES,2010,M,Marco,1210
ES,2010,M,Marcos,2178
ES,2010,M,Mario,2702
ES,2010,M,Martin,2920
ES,2010,M,Mateo,2370
ES,2010,M,Miguel,1746
ES,2010,M,Nicolas,1806
ES,2010,M,Oliver,1035
ES,2010,M,Pablo,4177
ES,2010,M,Raul,1124
ES,2010,M,Rodrigo,1086
ES,2010,M,Ruben,1347
ES,2010,M,Samuel,1424
ES,2010,M,Sergio,2017
ES,2010,M,Victor,1285
ES,2011,F,Adriana,1756
ES,2011,F,Ainara,1056
ES,2011,F,Ainhoa,1363
ES,2011,F,Aitana,1549
ES,2011,F,Alba,2958
ES,2011,F,Alejandra,1540
ES,2011,F,Alicia,1029
ES,2011,F,Alma,1107
ES,2011,F,Ana,1751
ES,2011,F,Andrea,1081
ES,2011,F,Angela,1044
ES,2011,F,Ariadna,1263
ES,2011,F,Blanca,1027
ES,2011,F,Candela,1214
ES,2011,F,Carla,3018
ES,2011,F,Carlota,1158
ES,2011,F,Carmen,2233
ES,2011,F,Celia,952
ES,2011,F,Clara,968
ES,2011,F,Claudia,2509
ES,2011,F,Daniela,3530
ES,2011,F,Elena,1709
ES,2011,F,Emma,2207
ES,2011,F,Ines,1390
ES,2011,F,Irene,1993
ES,2011,F,Jimena,1216
ES,2011,F,Julia,3046
ES,2011,F,Laia,1330
ES,2011,F,Laura,1872
ES,2011,F,Leire,1057
ES,2011,F,Lola,1308
ES,2011,F,Lucia,5129
ES,2011,F,Maria,4578
ES,2011,F,Marina,1248
ES,2011,F,Marta,2031
ES,2011,F,Martina,3740
ES,2011,F,Natalia,919
ES,2011,F,Nerea,1185
ES,2011,F,Noa,2420
ES,2011,F,Nora,1005
ES,2011,F,Olivia,1107
ES,2011,F,Paula,4054
ES,2011,F,Rocio,1140
ES,2011,F,Sara,3212
ES,2011,F,Sofia,3697
ES,2011,F,Valentina,1448
ES,2011,F,Valeria,2752
ES,2011,F,Vega,1121
ES,2011,F,Vera,1036
ES,2011,F,Victoria,895
ES,2011,M,Aaron,1070
ES,2011,M,Adam,1249
ES,2011,M,Adrian,3414
ES,2011,M,Aitor,1212
ES,2011,M,Alejandro,4253
ES,2011,M,Alex,1756
ES,2011,M,Alvaro,3518
ES,2011,M,Angel,1481
ES,2011,M,Antonio,1624
ES,2011,M,Bruno,1227
ES,2011,M,Carlos,1791
ES,2011,M,Daniel,4604
ES,2011,M,Dario,1163
ES,2011,M,David,3144
ES,2011,M,Diego,2730
ES,2011,M,Enzo,1254
ES,2011,M,Eric,1256
ES,2011,M,Francisco,1002
ES,2011,M,Gabriel,1239
ES,2011,M,Gonzalo,1555
ES,2011,M,Guillermo,1066
ES,2011,M,Hector,1304
ES,2011,M,Hugo,4756
ES,2011,M,Iker,1752
ES,2011,M,Ivan,1590
ES,2011,M,Izan,1872
ES,2011,M,Javier,2463
ES,2011,M,Jesus,1049
ES,2011,M,Jorge,1752
ES,2011,M,Jose,1177
ES,2011,M,Juan,1472
ES,2011,M,Leo,2065
ES,2011,M,Lucas,2952
ES,2011,M,Manuel,2521
ES,2011,M,Marc,1711
ES,2011,M,Marco,1210
ES,2011,M,Marcos,2178
ES,2011,M,Mario,2701
ES,2011,M,Martin,2920
ES,2011,M,Mateo,2370
ES,2011,M,Miguel,1746
ES,2011,M,Nicolas,1805
ES,2011,M,Oliver,1035
ES,2011,M,Pablo,4177
ES,2011,M,Raul,1124
ES,2011,M,Rodrigo,1086
ES,2011,M,Ruben,1347
ES,2011,M,Samuel,1423
ES,2011,M,Sergio,2017
ES,2011,M,Victor,1285
ES,2012,F,Adriana,1756
ES,2012,F,Ainara,1056
ES,2012,F,Ainhoa,1363
ES,2012,F,Aitana,1549
ES,2012,F,Alba,2958
ES,2012,F,Alejandra,1540
ES,2012,F,Alicia,1029
ES,2012,F,Alma,1107
ES,2012,F,Ana,1750
ES,2012,F,Andrea,1081
ES,2012,F,Angela,1044
ES,2012,F,Ariadna,1263
ES,2012,F,Blanca,1027
ES,2012,F,Candela,1214
ES,2012,F,Carla,3018
ES,2012,F,Carlota,1158
ES,2012,F,Carmen,2233
ES,2012,F,Celia,952
ES,2012,F,Clara,967
ES,2012,F,Claudia,2509
ES,2012,F,Daniela,3530
ES,2012,F,Elena,1709
ES,2012,F,Emma,2207
ES,2012,F,Ines,1390
ES,2012,F,Irene,1993
ES,2012,F,Jimena,1216
ES,2012,F,Julia,3046
ES,2012,F,Laia,1329
ES,2012,F,Laura,1872
ES,2012,F,Leire,1056
ES,2012,F,Lola,1308
ES,2012,F,Lucia,5129
ES,2012,F,Maria,4578
ES,2012,F,Marina,1248
ES,2012,F,Marta,2030
ES,2012,F,Martina,3740
ES,2012,F,Natalia,919
ES,2012,F,Nerea,1185
ES,2012,F,Noa,2420
ES,2012,F,Nora,1005
ES,2012,F,Olivia,1107
ES,2012,F,Paula,4054
ES,2012,F,Rocio,1140
ES,2012,F,Sara,3212
ES,2012,F,Sofia,3697
ES,2012,F,Valentina,1448
ES,2012,F,Valeria,2752
ES,2012,F,Vega,1121
ES,2012,F,Vera,1036
ES,2012,F,Victoria,895
ES,2012,M,Aaron,1070
ES,2012,M,Adam,1248
ES,2012,M,Adrian,3414
ES,2012,M,Aitor,1212
ES,2012,M,Alejandro,4252
ES,2012,M,Alex,1756
ES,2012,M,Alvaro,3518
ES,2012,M,Angel,1481
ES,2012,M,Antonio,1624
ES,2012,M,Bruno,1227
ES,2012,M,Carlos,1790
ES,2012,M,Daniel,4604
ES,2012,M,Dario,1163
ES,2012,M,David,3144
ES,2012,M,Diego,2730
ES,2012,M,Enzo,1254
ES,2012,M,Eric,1255
ES,2012,M,Francisco,1002
ES,2012,M,Gabriel,1239
ES,2012,M,Gonzalo,1555
ES,2012,M,Guillermo,1066
ES,2012,M,Hector,1304
ES,2012,M,Hugo,4756
ES,2012,M,Iker,1752
ES,2012,M,Ivan,1590
ES,2012,M,Izan,1872
ES,2012,M,Javier,2463
ES,2012,M,Jesus,1048
ES,2012,M,Jorge,1752
ES,2012,M,Jose,1177
ES,2012,M,Juan,1472
ES,2012,M,Leo,2065
ES,2012,M,Lucas,2952
ES,2012,M,Manuel,2521
ES,2012,M,Marc,1711
ES,2012,M,Marco,1210
ES,2012,M,Marcos,2178
ES,2012,M,Mario,2701
ES,2012,M,Martin,2920
ES,2012,M,Mateo,2370
ES,2012,M,Miguel,1746
ES,2012,M,Nicolas,1805
ES,2012,M,Oliver,1035
ES,2012,M,Pablo,4177
ES,2012,M,Raul,1124
ES,2012,M,Rodrigo,1086
ES,2012,M,Ruben,1347
ES,2012,M,Samuel,1423
ES,2012,M,Sergio,2017
ES,2012,M,Victor,1285
ES,2013,F,Adriana,1756
ES,2013,F,Ainara,1056
ES,2013,F,Ainhoa,1363
ES,2013,F,Aitana,1549
ES,2013,F,Alba,2958
ES,2013,F,Alejandra,1540
ES,2013,F,Alicia,1029
ES,2013,F,Alma,1107
ES,2013,F,Ana,1750
ES,2013,F,Andrea,1081
ES,2013,F,Angela,1044
ES,2013,F,Ariadna,1263
ES,2013,F,Blanca,1027
ES,2013,F,Candela,1214
ES,2013,F,Carla,3018
ES,2013,F,Carlota,1158
ES,2013,F,Carmen,2233
ES,2013,F,Celia,952
ES,2013,F,Clara,967
ES,2013,F,Claudia,2509
ES,2013,F,Daniela,3530
ES,2013,F,Elena,1709
ES,2013,F,Emma,2207
ES,2013,F,Ines,1390
ES,2013,F,Irene,1993
ES,2013,F,Jimena,1216
ES,2013,F,Julia,3046
ES,2013,F,Laia,1329
ES,2013,F,Laura,1872
ES,2013,F,Leire,1056
ES,2013,F,Lola,1308
ES,2013,F,Lucia,5129
ES,2013,F,Maria,4578
ES,2013,F,Marina,1248
ES,2013,F,Marta,2030
ES,2013,F,Martina,3739
ES,2013,F,Natalia,919
ES,2013,F,Nerea,1185
ES,2013,F,Noa,2420
ES,2013,F,Nora,1005
ES,2013,F,Olivia,1107
ES,2013,F,Paula,4054
ES,2013,F,Rocio,1139
ES,2013,F,Sara,3212
ES,2013,F,Sofia,3697
ES,2013,F,Valentina,1448
ES,2013,F,Valeria,2752
ES,2013,F,Vega,1121
ES,2013,F,Vera,1036
ES,2013,F,Victoria,895
ES,2013,M,Aaron,1070
ES,2013,M,Adam,1248
ES,2013,M,Adrian,3414
ES,2013,M,Aitor,1212
ES,2013,M,Alejandro,4252
ES,2013,M,Alex,1756
ES,2013,M,Alvaro,3518
ES,2013,M,Angel,1481
ES,2013,M,Antonio,1624
ES,2013,M,Bruno,1227
ES,2013,M,Carlos,1790
ES,2013,M,Daniel,4603
ES,2013,M,Dario,1163
ES,2013,M,David,3144
ES,2013,M,Diego,2730
ES,2013,M,Enzo,1254
ES,2013,M,Eric,1255
ES,2013,M,Francisco,1002
ES,2013,M,Gabriel,1239
ES,2013,M,Gonzalo,1555
ES,2013,M,Guillermo,1066
ES,2013,M,Hector,1304
ES,2013,M,Hugo,4755
ES,2013,M,Iker,1751
ES,2013,M,Ivan,1590
ES,2013,M,Izan,1872
ES,2013,M,Javier,2463
ES,2013,M,Jesus,1048
ES,2013,M,Jorge,1752
ES,2013,M,Jose,1176
ES,2013,M,Juan,1472
ES,2013,M,Leo,2065
ES,2013,M,Lucas,2952
ES,2013,M,Manuel,2521
ES,2013,M,Marc,1711
ES,2013,M,Marco,1210
ES,2013,M,Marcos,2177
ES,2013,M,Mario,2701
ES,2013,M,Martin,2919
ES,2013,M,Mateo,2370
ES,2013,M,Miguel,1746
ES,2013,M,Nicolas,1805
ES,2013,M,Oliver,1035
ES,2013,M,Pablo,4177
ES,2013,M,Raul,1124
ES,2013,M,Rodrigo,1086
ES,2013,M,Ruben,1347
ES,2013,M,Samuel,1423
ES,2013,M,Sergio,2017
ES,2013,M,Victor,1285
ES,2014,F,Adriana,1756
ES,2014,F,Ainara,1056
ES,2014,F,Ainhoa,1362
ES,2014,F,Aitana,1549
ES,2014,F,Alba,2958
ES,2014,F,Alejandra,1540
ES,2014,F,Alicia,1029
ES,2014,F,Alma,1107
ES,2014,F,Ana,1750
ES,2014,F,Andrea,1081
ES,2014,F,Angela,1044
ES,2014,F,Ariadna,1263
ES,2014,F,Blanca,1027
ES,2014,F,Candela,1213
ES,2014,F,Carla,3018
ES,2014,F,Carlota,1157
ES,2014,F,Carmen,2233
ES,2014,F,Celia,952
ES,2014,F,Clara,967
ES,2014,F,Claudia,2509
ES,2014,F,Daniela,3530
ES,2014,F,Elena,1709
ES,2014,F,Emma,2207
ES,2014,F,Ines,1390
ES,2014,F,Irene,1992
ES,2014,F,Jimena,1216
ES,2014,F,Julia,3046
ES,2014,F,Laia,1329
ES,2014,F,Laura,1872
ES,2014,F,Leire,1056
ES,2014,F,Lola,1308
ES,2014,F,Lucia,5128
ES,2014,F,Maria,4578
ES,2014,F,Marina,1248
ES,2014,F,Marta,2030
ES,2014,F,Martina,3739
ES,2014,F,Natalia,919
ES,2014,F,Nerea,1184
ES,2014,F,Noa,2420
ES,2014,F,Nora,1005
ES,2014,F,Olivia,1107
ES,2014,F,Paula,4054
ES,2014,F,Rocio,1139
ES,2014,F,Sara,3212
ES,2014,F,Sofia,3697
ES,2014,F,Valentina,1448
ES,2014,F,Valeria,2752
ES,2014,F,Vega,1121
ES,2014,F,Vera,1036
ES,2014,F,Victoria,895
ES,2014,M,Aaron,1070
ES,2014,M,Adam,1248
ES,2014,M,Adrian,3414
ES,2014,M,Aitor,1212
ES,2014,M,Alejandro,4252
ES,2014,M,Alex,1756
ES,2014,M,Alvaro,3518
ES,2014,M,Angel,1481
ES,2014,M,Antonio,1623
ES,2014,M,Bruno,1227
ES,2014,M,Carlos,1790
ES,2014,M,Daniel,4603
ES,2014,M,Dario,1163
ES,2014,M,David,3144
ES,2014,M,Diego,2730
ES,2014,M,Enzo,1254
ES,2014,M,Eric,1255
ES,2014,M,Francisco,1002
ES,2014,M,Gabriel,1239
ES,2014,M,Gonzalo,1555
ES,2014,M,Guillermo,1066
ES,2014,M,Hector,1304
ES,2014,M,Hugo,4755
ES,2014,M,Iker,1751
ES,2014,M,Ivan,1590
ES,2014,M,Izan,1871
ES,2014,M,Javier,2463
ES,2014,M,Jesus,1048
ES,2014,M,Jorge,1751
ES,2014,M,Jose,1176
ES,2014,M,Juan,1471
ES,2014,M,Leo,2065
ES,2014,M,Lucas,2952
ES,2014,M,Manuel,2521
ES,2014,M,Marc,1711
ES,2014,M,Marco,1209
ES,2014,M,Marcos,2177
ES,2014,M,Mario,2701
ES,2014,M,Martin,2919
ES,2014,M,Mateo,2370
ES,2014,M,Miguel,1746
ES,2014,M,Nicolas,1805
ES,2014,M,Oliver,1035
ES,2014,M,Pablo,4177
ES,2014,M,Raul,1124
ES,2014,M,Rodrigo,1086
ES,2014,M,Ruben,1347
ES,2014,M,Samuel,1423
ES,2014,M,Sergio,2017
ES,2014,M,Victor,1285
ES,2015,F,Adriana,1756
ES,2015,F,Ainara,1056
ES,2015,F,Ainhoa,1362
ES,2015,F,Aitana,1549
ES,2015,F,Alba,2958
ES,2015,F,Alejandra,1540
ES,2015,F,Alicia,1029
ES,2015,F,Alma,1106
ES,2015,F,Ana,1750
ES,2015,F,Andrea,1081
ES,2015,F,Angela,1044
ES,2015,F,Ariadna,1262
ES,2015,F,Blanca,1027
ES,2015,F,Candela,1213
ES,2015,F,Carla,3018
ES,2015,F,Carlota,1157
ES,2015,F,Carmen,2233
ES,2015,F,Celia,952
ES,2015,F,Clara,967
ES,2015,F,Claudia,2508
ES,2015,F,Daniela,3530
ES,2015,F,Elena,1709
ES,2015,F,Emma,2207
ES,2015,F,Ines,1390
ES,2015,F,Irene,1992
ES,2015,F,Jimena,1216
ES,2015,F,Julia,3046
ES,2015,F,Laia,1329
ES,2015,F,Laura,1872
ES,2015,F,Leire,1056
ES,2015,F,Lola,1308
ES,2015,F,Lucia,5128
ES,2015,F,Maria,4578
ES,2015,F,Marina,1248
ES,2015,F,Marta,2030
ES,2015,F,Martina,3739
ES,2015,F,Natalia,919
ES,2015,F,Nerea,1184
ES,2015,F,Noa,2420
ES,2015,F,Nora,1005
ES,2015,F,Olivia,1107
ES,2015,F,Paula,4054
ES,2015,F,Rocio,1139
ES,2015,F,Sara,3212
ES,2015,F,Sofia,3697
ES,2015,F,Valentina,1448
ES,2015,F,Valeria,2752
ES,2015,F,Vega,1121
ES,2015,F,Vera,1036
ES,2015,F,Victoria,895
ES,2015,M,Aaron,1070
ES,2015,M,Adam,1248
ES,2015,M,Adrian,3414
ES,2015,M,Aitor,1212
ES,2015,M,Alejandro,4252
ES,2015,M,Alex,1755
ES,2015,M,Alvaro,3518
ES,2015,M,Angel,1480
ES,2015,M,Antonio,1623
ES,2015,M,Bruno,1227
ES,2015,M,Carlos,1790
ES,2015,M,Daniel,4603
ES,2015,M,Dario,1163
ES,2015,M,David,3144
ES,2015,M,Diego,2730
ES,2015,M,Enzo,1254
ES,2015,M,Eric,1255
ES,2015,M,Francisco,1002
ES,2015,M,Gabriel,1239
ES,2015,M,Gonzalo,1555
ES,2015,M,Guillermo,1066
ES,2015,M,Hector,1304
ES,2015,M,Hugo,4755
ES,2015,M,Iker,1751
ES,2015,M,Ivan,1590
ES,2015,M,Izan,1871
ES,2015,M,Javier,2463
ES,2015,M,Jesus,1048
ES,2015,M,Jorge,1751
ES,2015,M,Jose,1176
ES,2015,M,Juan,1471
ES,2015,M,Leo,2064
ES,2015,M,Lucas,2952
ES,2015,M,Manuel,2521
ES,2015,M,Marc,1711
ES,2015,M,Marco,1209
ES,2015,M,Marcos,2177
ES,2015,M,Mario,2701
ES,2015,M,Martin,2919
ES,2015,M,Mateo,2370
ES,2015,M,Miguel,1745
ES,2015,M,Nicolas,1805
ES,2015,M,Oliver,1035
ES,2015,M,Pablo,4177
ES,2015,M,Raul,1124
ES,2015,M,Rodrigo,1086
ES,2015,M,Ruben,1347
ES,2015,M,Samuel,1423
ES,2015,M,Sergio,2017
ES,2015,M,Victor,1285
ES,2016,F,Adriana,1756
ES,2016,F,Ainara,1056
ES,2016,F,Ainhoa,1362
ES,2016,F,Aitana,1549
ES,2016,F,Alba,2958
ES,2016,F,Alejandra,1540
ES,2016,F,Alicia,1029
ES,2016,F,Alma,1106
ES,2016,F,Ana,1750
ES,2016,F,Andrea,1081
ES,2016,F,Angela,1044
ES,2016,F,Ariadna,1262
ES,2016,F,Blanca,1027
ES,2016,F,Candela,1213
ES,2016,F,Carla,3018
ES,2016,F,Carlota,1157
ES,2016,F,Carmen,2233
ES,2016,F,Celia,952
ES,2016,F,Clara,967
ES,2016,F,Claudia,2508
ES,2016,F,Daniela,3530
ES,2016,F,Elena,1708
ES,2016,F,Emma,2206
ES,2016,F,Ines,1390
ES,2016,F,Irene,1992
ES,2016,F,Jimena,1216
ES,2016,F,Julia,3045
ES,2016,F,Laia,1329
ES,2016,F,Laura,1872
ES,2016,F,Leire,1056
ES,2016,F,Lola,1308
ES,2016,F,Lucia,5128
ES,2016,F,Maria,4578
ES,2016,F,Marina,1248
ES,2016,F,Marta,2030
ES,2016,F,Martina,3739
ES,2016,F,Natalia,918
ES,2016,F,Nerea,1184
ES,2016,F,Noa,2420
ES,2016,F,Nora,1005
ES,2016,F,Olivia,1107
ES,2016,F,Paula,4054
ES,2016,F,Rocio,1139
ES,2016,F,Sara,3212
ES,2016,F,Sofia,3697
ES,2016,F,Valentina,1448
ES,2016,F,Valeria,2751
ES,2016,F,Vega,1121
ES,2016,F,Vera,1036
ES,2016,F,Victoria,895
ES,2016,M,Aaron,1070
ES,2016,M,Adam,1248
ES,2016,M,Adrian,3414
ES,2016,M,Aitor,1212
ES,2016,M,Alejandro,4252
ES,2016,M,Alex,1755
ES,2016,M,Alvaro,3518
ES,2016,M,Angel,1480
ES,2016,M,Antonio,1623
ES,2016,M,Bruno,1227
ES,2016,M,Carlos,1790
ES,2016,M,Daniel,4603
ES,2016,M,Dario,1163
ES,2016,M,David,3144
ES,2016,M,Diego,2730
ES,2016,M,Enzo,1254
ES,2016,M,Eric,1255
ES,2016,M,Francisco,1002
ES,2016,M,Gabriel,1238
ES,2016,M,Gonzalo,1554
ES,2016,M,Guillermo,1066
ES,2016,M,Hector,1304
ES,2016,M,Hugo,4755
ES,2016,M,Iker,1751
ES,2016,M,Ivan,1589
ES,2016,M,Izan,1871
ES,2016,M,Javier,2463
ES,2016,M,Jesus,1048
ES,2016,M,Jorge,1751
ES,2016,M,Jose,1176
ES,2016,M,Juan,1471
ES,2016,M,Leo,2064
ES,2016,M,Lucas,2952
ES,2016,M,Manuel,2521
ES,2016,M,Marc,1711
ES,2016,M,Marco,1209
ES,2016,M,Marcos,2177
ES,2016,M,Mario,2701
ES,2016,M,Martin,2919
ES,2016,M,Mateo,2370
ES,2016,M,Miguel,1745
ES,2016,M,Nicolas,1805
ES,2016,M,Oliver,1035
ES,2016,M,Pablo,4177
ES,2016,M,Raul,1123
ES,2016,M,Rodrigo,1086
ES,2016,M,Ruben,1347
ES,2016,M,Samuel,1423
ES,2016,M,Sergio,2016
ES,2016,M,Victor,1285
ES,2017,F,Adriana,1756
ES,2017,F,Ainara,1056
ES,2017,F,Ainhoa,1362
ES,2017,F,Aitana,1549
ES,2017,F,Alba,2958
ES,2017,F,Alejandra,1539
ES,2017,F,Alicia,1028
ES,2017,F,Alma,1106
ES,2017,F,Ana,1750
ES,2017,F,Andrea,1081
ES,2017,F,Angela,1044
ES,2017,F,Ariadna,1262
ES,2017,F,Blanca,1027
ES,2017,F,Candela,1213
ES,2017,F,Carla,3018
ES,2017,F,Carlota,1157
ES,2017,F,Carmen,2232
ES,2017,F,Celia,952
ES,2017,F,Clara,967
ES,2017,F,Claudia,2508
ES,2017,F,Daniela,3530
ES,2017,F,Elena,1708
ES,2017,F,Emma,2206
ES,2017,F,Ines,1390
ES,2017,F,Irene,1992
ES,2017,F,Jimena,1216
ES,2017,F,Julia,3045
ES,2017,F,Laia,1329
ES,2017,F,Laura,1872
ES,2017,F,Leire,1056
ES,2017,F,Lola,1307
ES,2017,F,Lucia,5128
ES,2017,F,Maria,4578
ES,2017,F,Marina,1248
ES,2017,F,Marta,2030
ES,2017,F,Martina,3739
ES,2017,F,Natalia,918
ES,2017,F,Nerea,1184
ES,2017,F,Noa,2420
ES,2017,F,Nora,1005
ES,2017,F,Olivia,1107
ES,2017,F,Paula,4054
ES,2017,F,Rocio,1139
ES,2017,F,Sara,3212
ES,2017,F,Sofia,3697
ES,2017,F,Valentina,1448
ES,2017,F,Valeria,2751
ES,2017,F,Vega,1121
ES,2017,F,Vera,1036
ES,2017,F,Victoria,894
ES,2017,M,Aaron,1070
ES,2017,M,Adam,1248
ES,2017,M,Adrian,3414
ES,2017,M,Aitor,1212
ES,2017,M,Alejandro,4252
ES,2017,M,Alex,1755
ES,2017,M,Alvaro,3518
ES,2017,M,Angel,1480
ES,2017,M,Antonio,1623
ES,2017,M,Bruno,1226
ES,2017,M,Carlos,1790
ES,2017,M,Daniel,4603
ES,2017,M,Dario,1162
ES,2017,M,David,3144
ES,2017,M,Diego,2730
ES,2017,M,Enzo,1254
ES,2017,M,Eric,1255
ES,2017,M,Francisco,1002
ES,2017,M,Gabriel,1238
ES,2017,M,Gonzalo,1554
ES,2017,M,Guillermo,1066
ES,2017,M,Hector,1303
ES,2017,M,Hugo,4755
ES,2017,M,Iker,1751
ES,2017,M,Ivan,1589
ES,2017,M,Izan,1871
ES,2017,M,Javier,2463
ES,2017,M,Jesus,1048
ES,2017,M,Jorge,1751
ES,2017,M,Jose,1176
ES,2017,M,Juan,1471
ES,2017,M,Leo,2064
ES,2017,M,Lucas,2952
ES,2017,M,Manuel,2521
ES,2017,M,Marc,1711
ES,2017,M,Marco,1209
ES,2017,M,Marcos,2177
ES,2017,M,Mario,2701
ES,2017,M,Martin,2919
ES,2017,M,Mateo,2370
ES,2017,M,Miguel,1745
ES,2017,M,Nicolas,1805
ES,2017,M,Oliver,1035
ES,2017,M,Pablo,4177
ES,2017,M,Raul,1123
ES,2017,M,Rodrigo,1086
ES,2017,M,Ruben,1347
ES,2017,M,Samuel,1423
ES,2017,M,Sergio,2016
ES,2017,M,Victor,1285
ES,2018,F,Adriana,1756
ES,2018,F,Ainara,1056
ES,2018,F,Ainhoa,1362
ES,2018,F,Aitana,1549
ES,2018,F,Alba,2958
ES,2018,F,Alejandra,1539
ES,2018,F,Alicia,1028
ES,2018,F,Alma,1106
ES,2018,F,Ana,1750
ES,2018,F,Andrea,1081
ES,2018,F,Angela,1044
ES,2018,F,Ariadna,1262
ES,2018,F,Blanca,1027
ES,2018,F,Candela,1213
ES,2018,F,Carla,3018
ES,2018,F,Carlota,1157
ES,2018,F,Carmen,2232
ES,2018,F,Celia,952
ES,2018,F,Clara,967
ES,2018,F,Claudia,2508
ES,2018,F,Daniela,3530
ES,2018,F,Elena,1708
ES,2018,F,Emma,2206
ES,2018,F,Ines,1390
ES,2018,F,Irene,1992
ES,2018,F,Jimena,1215
ES,2018,F,Julia,3045
ES,2018,F,Laia,1329
ES,2018,F,Laura,1872
ES,2018,F,Leire,1056
ES,2018,F,Lola,1307
ES,2018,F,Lucia,5128
ES,2018,F,Maria,4578
ES,2018,F,Marina,1248
ES,2018,F,Marta,2030
ES,2018,F,Martina,3739
ES,2018,F,Natalia,918
ES,2018,F,Nerea,1184
ES,2018,F,Noa,2420
ES,2018,F,Nora,1005
ES,2018,F,Olivia,1106
ES,2018,F,Paula,4054
ES,2018,F,Rocio,1139
ES,2018,F,Sara,3212
ES,2018,F,Sofia,3697
ES,2018,F,Valentina,1448
ES,2018,F,Valeria,2751
ES,2018,F,Vega,1121
ES,2018,F,Vera,1036
ES,2018,F,Victoria,894
ES,2018,M,Aaron,1070
ES,2018,M,Adam,1248
ES,2018,M,Adrian,3414
ES,2018,M,Aitor,1212
ES,2018,M,Alejandro,4252
ES,2018,M,Alex,1755
ES,2018,M,Alvaro,3518
ES,2018,M,Angel,1480
ES,2018,M,Antonio,1623
ES,2018,M,Bruno,1226
ES,2018,M,Carlos,1790
ES,2018,M,Daniel,4603
ES,2018,M,Dario,1162
ES,2018,M,David,3144
ES,2018,M,Diego,2730
ES,2018,M,Enzo,1253
ES,2018,M,Eric,1255
ES,2018,M,Francisco,1002
ES,2018,M,Gabriel,1238
ES,2018,M,Gonzalo,1554
ES,2018,M,Guillermo,1066
ES,2018,M,Hector,1303
ES,2018,M,Hugo,4755
ES,2018,M,Iker,1751
ES,2018,M,Ivan,1589
ES,2018,M,Izan,1871
ES,2018,M,Javier,2463
ES,2018,M,Jesus,1048
ES,2018,M,Jorge,1751
ES,2018,M,Jose,1176
ES,2018,M,Juan,1471
ES,2018,M,Leo,2064
ES,2018,M,Lucas,2951
ES,2018,M,Manuel,2520
ES,2018,M,Marc,1711
ES,2018,M,Marco,1209
ES,2018,M,Marcos,2177
ES,2018,M,Mario,2701
ES,2018,M,Martin,2919
ES,2018,M,Mateo,2370
ES,2018,M,Miguel,1745
ES,2018,M,Nicolas,1805
ES,2018,M,Oliver,1034
ES,2018,M,Pablo,4176
ES,2018,M,Raul,1123
ES,2018,M,Rodrigo,1085
ES,2018,M,Ruben,1347
ES,2018,M,Samuel,1423
ES,2018,M,Sergio,2016
ES,2018,M,Victor,1285
ES,2019,F,Adriana,1756
ES,2019,F,Ainara,1055
ES,2019,F,Ainhoa,1362
ES,2019,F,Aitana,1549
ES,2019,F,Alba,2957
ES,2019,F,Alejandra,1539
ES,2019,F,Alicia,1028
ES,2019,F,Alma,1106
ES,2019,F,Ana,1750
ES,2019,F,Andrea,1081
ES,2019,F,Angela,1043
ES,2019,F,Ariadna,1262
ES,2019,F,Blanca,1027
ES,2019,F,Candela,1213
ES,2019,F,Carla,3017
ES,2019,F,Carlota,1157
ES,2019,F,Carmen,2232
ES,2019,F,Celia,952
ES,2019,F,Clara,967
ES,2019,F,Claudia,2508
ES,2019,F,Daniela,3529
ES,2019,F,Elena,1708
ES,2019,F,Emma,2206
ES,2019,F,Ines,1390
ES,2019,F,Irene,1992
ES,2019,F,Jimena,1215
ES,2019,F,Julia,3045
ES,2019,F,Laia,1329
ES,2019,F,Laura,1872
ES,2019,F,Leire,1056
ES,2019,F,Lola,1307
ES,2019,F,Lucia,5128
ES,2019,F,Maria,4577
ES,2019,F,Marina,1248
ES,2019,F,Marta,2030
ES,2019,F,Martina,3739
ES,2019,F,Natalia,918
ES,2019,F,Nerea,1184
ES,2019,F,Noa,2420
ES,2019,F,Nora,1005
ES,2019,F,Olivia,1106
ES,2019,F,Paula,4054
ES,2019,F,Rocio,1139
ES,2019,F,Sara,3212
ES,2019,F,Sofia,3697
ES,2019,F,Valentina,1448
ES,2019,F,Valeria,2751
ES,2019,F,Vega,1121
ES,2019,F,Vera,1035
ES,2019,F,Victoria,894
ES,2019,M,Aaron,1069
ES,2019,M,Adam,1248
ES,2019,M,Adrian,3414
ES,2019,M,Aitor,1212
ES,2019,M,Alejandro,4252
ES,2019,M,Alex,1755
ES,2019,M,Alvaro,3517
ES,2019,M,Angel,1480
ES,2019,M,Antonio,1623
ES,2019,M,Bruno,1226
ES,2019,M,Carlos,1790
ES,2019,M,Daniel,4603
ES,2019,M,Dario,1162
ES,2019,M,David,3144
ES,2019,M,Diego,2730
ES,2019,M,Enzo,1253
ES,2019,M,Eric,1255
ES,2019,M,Francisco,1001
ES,2019,M,Gabriel,1238
ES,2019,M,Gonzalo,1554
ES,2019,M,Guillermo,1066
ES,2019,M,Hector,1303
ES,2019,M,Hugo,4755
ES,2019,M,Iker,1751
ES,2019,M,Ivan,1589
ES,2019,M,Izan,1871
ES,2019,M,Javier,2462
ES,2019,M,Jesus,1048
ES,2019,M,Jorge,1751
ES,2019,M,Jose,1176
ES,2019,M,Juan,1471
ES,2019,M,Leo,2064
ES,2019,M,Lucas,2951
ES,2019,M,Manuel,2520
ES,2019,M,Marc,1711
ES,2019,M,Marco,1209
ES,2019,M,Marcos,2177
ES,2019,M,Mario,2701
ES,2019,M,Martin,2919
ES,2019,M,Mateo,2369
ES,2019,M,Miguel,1745
ES,2019,M,Nicolas,1805
ES,2019,M,Oliver,1034
ES,2019,M,Pablo,4176
ES,2019,M,Raul,1123
ES,2019,M,Rodrigo,1085
ES,2019,M,Ruben,1347
ES,2019,M,Samuel,1423
ES,2019,M,Sergio,2016
ES,2019,M,Victor,1284
ES,2020,F,Abril,448
ES,2020,F,Adriana,387
ES,2020,F,Aitana,490
ES,2020,F,Alba,652
ES,2020,F,Alejandra,416
ES,2020,F,Alicia,293
ES,2020,F,Alma,681
ES,2020,F,Ana,434
ES,2020,F,Ariadna,263
ES,2020,F,Blanca,330
ES,2020,F,Candela,416
ES,2020,F,Carla,708
ES,2020,F,Carlota,361
ES,2020,F,Carmen,662
ES,2020,F,Chloe,529
ES,2020,F,Clara,286
ES,2020,F,Claudia,538
ES,2020,F,Daniela,754
ES,2020,F,Elena,389
ES,2020,F,Emma,811
ES,2020,F,Ines,363
ES,2020,F,Irene,307
ES,2020,F,Jimena,524
ES,2020,F,Julia,938
ES,2020,F,Laia,448
ES,2020,F,Lara,615
ES,2020,F,Laura,285
ES,2020,F,Lia,298
ES,2020,F,Lola,557
ES,2020,F,Lucia,1378
ES,2020,F,Manuela,378
ES,2020,F,Maria,1074
ES,2020,F,Marina,328
ES,2020,F,Marta,338
ES,2020,F,Martina,1181
ES,2020,F,Mia,615
ES,2020,F,Noa,647
ES,2020,F,Nora,295
ES,2020,F,Olivia,622
ES,2020,F,Paula,830
ES,2020,F,Rocio,295
ES,2020,F,Sara,675
ES,2020,F,Sofia,1216
ES,2020,F,Triana,422
ES,2020,F,Valentina,564
ES,2020,F,Valeria,881
ES,2020,F,Vega,649
ES,2020,F,Vera,401
ES,2020,F,Victoria,322
ES,2020,F,Zoe,273
ES,2020,M,Adam,324
ES,2020,M,Adrian,721
ES,2020,M,Alejandro,983
ES,2020,M,Alex,545
ES,2020,M,Alvaro,777
ES,2020,M,Angel,402
ES,2020,M,Antonio,488
ES,2020,M,Bruno,539
ES,2020,M,Carlos,394
ES,2020,M,Daniel,995
ES,2020,M,Dario,327
ES,2020,M,David,604
ES,2020,M,Diego,635
ES,2020,M,Dylan,397
ES,2020,M,Enzo,744
ES,2020,M,Eric,321
ES,2020,M,Gabriel,378
ES,2020,M,Gael,443
ES,2020,M,Gonzalo,498
ES,2020,M,Hector,301
ES,2020,M,Hugo,1287
ES,2020,M,Ian,267
ES,2020,M,Iker,302
ES,2020,M,Izan,502
ES,2020,M,Jaime,274
ES,2020,M,Javier,499
ES,2020,M,Jesus,276
ES,2020,M,Jorge,350
ES,2020,M,Jose,379
ES,2020,M,Juan,406
ES,2020,M,Leo,1101
ES,2020,M,Liam,464
ES,2020,M,Luca,425
ES,2020,M,Lucas,1133
ES,2020,M,Manuel,960
ES,2020,M,Marc,423
ES,2020,M,Marco,528
ES,2020,M,Marcos,529
ES,2020,M,Mario,694
ES,2020,M,Martin,1284
ES,2020,M,Mateo,1264
ES,2020,M,Miguel,491
ES,2020,M,Nicolas,453
ES,2020,M,Oliver,554
ES,2020,M,Pablo,911
ES,2020,M,Pau,270
ES,2020,M,Rodrigo,292
ES,2020,M,Samuel,315
ES,2020,M,Sergio,371
ES,2020,M,Thiago,558
ES,2021,F,Abril,448
ES,2021,F,Adriana,387
ES,2021,F,Aitana,490
ES,2021,F,Alba,652
ES,2021,F,Alejandra,416
ES,2021,F,Alicia,293
ES,2021,F,Alma,681
ES,2021,F,Ana,434
ES,2021,F,Ariadna,262
ES,2021,F,Blanca,330
ES,2021,F,Candela,416
ES,2021,F,Carla,708
ES,2021,F,Carlota,360
ES,2021,F,Carmen,661
ES,2021,F,Chloe,529
ES,2021,F,Clara,286
ES,2021,F,Claudia,538
ES,2021,F,Daniela,753
ES,2021,F,Elena,389
ES,2021,F,Emma,811
ES,2021,F,Ines,363
ES,2021,F,Irene,307
ES,2021,F,Jimena,523
ES,2021,F,Julia,938
ES,2021,F,Laia,447
ES,2021,F,Lara,614
ES,2021,F,Laura,285
ES,2021,F,Lia,297
ES,2021,F,Lola,557
ES,2021,F,Lucia,1378
ES,2021,F,Manuela,378
ES,2021,F,Maria,1074
ES,2021,F,Marina,328
ES,2021,F,Marta,338
ES,2021,F,Martina,1181
ES,2021,F,Mia,614
ES,2021,F,Noa,647
ES,2021,F,Nora,294
ES,2021,F,Olivia,622
ES,2021,F,Paula,829
ES,2021,F,Rocio,295
ES,2021,F,Sara,675
ES,2021,F,Sofia,1216
ES,2021,F,Triana,422
ES,2021,F,Valentina,564
ES,2021,F,Valeria,881
ES,2021,F,Vega,648
ES,2021,F,Vera,401
ES,2021,F,Victoria,322
ES,2021,F,Zoe,273
ES,2021,M,Adam,323
ES,2021,M,Adrian,721
ES,2021,M,Alejandro,983
ES,2021,M,Alex,545
ES,2021,M,Alvaro,777
ES,2021,M,Angel,402
ES,2021,M,Antonio,488
ES,2021,M,Bruno,539
ES,2021,M,Carlos,394
ES,2021,M,Daniel,995
ES,2021,M,Dario,327
ES,2021,M,David,604
ES,2021,M,Diego,635
ES,2021,M,Dylan,396
ES,2021,M,Enzo,744
ES,2021,M,Eric,321
ES,2021,M,Gabriel,378
ES,2021,M,Gael,442
ES,2021,M,Gonzalo,498
ES,2021,M,Hector,301
ES,2021,M,Hugo,1287
ES,2021,M,Ian,266
ES,2021,M,Iker,301
ES,2021,M,Izan,502
ES,2021,M,Jaime,273
ES,2021,M,Javier,498
ES,2021,M,Jesus,276
ES,2021,M,Jorge,350
ES,2021,M,Jose,379
ES,2021,M,Juan,406
ES,2021,M,Leo,1101
ES,2021,M,Liam,463
ES,2021,M,Luca,424
ES,2021,M,Lucas,1133
ES,2021,M,Manuel,959
ES,2021,M,Marc,423
ES,2021,M,Marco,528
ES,2021,M,Marcos,529
ES,2021,M,Mario,694
ES,2021,M,Martin,1284
ES,2021,M,Mateo,1264
ES,2021,M,Miguel,491
ES,2021,M,Nicolas,453
ES,2021,M,Oliver,554
ES,2021,M,Pablo,910
ES,2021,M,Pau,270
ES,2021,M,Rodrigo,292
ES,2021,M,Samuel,315
ES,2021,M,Sergio,371
ES,2021,M,Thiago,558
ES,2022,F,Abril,448
ES,2022,F,Adriana,387
ES,2022,F,Aitana,490
ES,2022,F,Alba,652
ES,2022,F,Alejandra,416
ES,2022,F,Alicia,293
ES,2022,F,Alma,681
ES,2022,F,Ana,434
ES,2022,F,Ariadna,262
ES,2022,F,Blanca,330
ES,2022,F,Candela,416
ES,2022,F,Carla,708
ES,2022,F,Carlota,360
ES,2022,F,Carmen,661
ES,2022,F,Chloe,528
ES,2022,F,Clara,286
ES,2022,F,Claudia,538
ES,2022,F,Daniela,753
ES,2022,F,Elena,389
ES,2022,F,Emma,811
ES,2022,F,Ines,363
ES,2022,F,Irene,307
ES,2022,F,Jimena,523
ES,2022,F,Julia,938
ES,2022,F,Laia,447
ES,2022,F,Lara,614
ES,2022,F,Laura,285
ES,2022,F,Lia,297
ES,2022,F,Lola,557
ES,2022,F,Lucia,1378
ES,2022,F,Manuela,378
ES,2022,F,Maria,1074
ES,2022,F,Marina,328
ES,2022,F,Marta,338
ES,2022,F,Martina,1181
ES,2022,F,Mia,614
ES,2022,F,Noa,647
ES,2022,F,Nora,294
ES,2022,F,Olivia,622
ES,2022,F,Paula,829
ES,2022,F,Rocio,294
ES,2022,F,Sara,674
ES,2022,F,Sofia,1216
ES,2022,F,Triana,422
ES,2022,F,Valentina,564
ES,2022,F,Valeria,881
ES,2022,F,Vega,648
ES,2022,F,Vera,401
ES,2022,F,Victoria,322
ES,2022,F,Zoe,273
ES,2022,M,Adam,323
ES,2022,M,Adrian,721
ES,2022,M,Alejandro,983
ES,2022,M,Alex,545
ES,2022,M,Alvaro,777
ES,2022,M,Angel,402
ES,2022,M,Antonio,488
ES,2022,M,Bruno,539
ES,2022,M,Carlos,393
ES,2022,M,Daniel,994
ES,2022,M,Dario,327
ES,2022,M,David,603
ES,2022,M,Diego,635
ES,2022,M,Dylan,396
ES,2022,M,Enzo,744
ES,2022,M,Eric,321
ES,2022,M,Gabriel,378
ES,2022,M,Gael,442
ES,2022,M,Gonzalo,498
ES,2022,M,Hector,301
ES,2022,M,Hugo,1287
ES,2022,M,Ian,266
ES,2022,M,Iker,301
ES,2022,M,Izan,502
ES,2022,M,Jaime,273
ES,2022,M,Javier,498
ES,2022,M,Jesus,275
ES,2022,M,Jorge,350
ES,2022,M,Jose,379
ES,2022,M,Juan,405
ES,2022,M,Leo,1100
ES,2022,M,Liam,463
ES,2022,M,Luca,424
ES,2022,M,Lucas,1133
ES,2022,M,Manuel,959
ES,2022,M,Marc,423
ES,2022,M,Marco,527
ES,2022,M,Marcos,528
ES,2022,M,Mario,694
ES,2022,M,Martin,1284
ES,2022,M,Mateo,1263
ES,2022,M,Miguel,491
ES,2022,M,Nicolas,452
ES,2022,M,Oliver,554
ES,2022,M,Pablo,910
ES,2022,M,Pau,270
ES,2022,M,Rodrigo,292
ES,2022,M,Samuel,315
ES,2022,M,Sergio,371
ES,2022,M,Thiago,558
ES,2023,F,Abril,448
ES,2023,F,Adriana,387
ES,2023,F,Aitana,490
ES,2023,F,Alba,652
ES,2023,F,Alejandra,415
ES,2023,F,Alicia,292
ES,2023,F,Alma,681
ES,2023,F,Ana,433
ES,2023,F,Ariadna,262
ES,2023,F,Blanca,330
ES,2023,F,Candela,416
ES,2023,F,Carla,708
ES,2023,F,Carlota,360
ES,2023,F,Carmen,661
ES,2023,F,Chloe,528
ES,2023,F,Clara,286
ES,2023,F,Claudia,538
ES,2023,F,Daniela,753
ES,2023,F,Elena,389
ES,2023,F,Emma,811
ES,2023,F,Ines,363
ES,2023,F,Irene,307
ES,2023,F,Jimena,523
ES,2023,F,Julia,938
ES,2023,F,Laia,447
ES,2023,F,Lara,614
ES,2023,F,Laura,285
ES,2023,F,Lia,297
ES,2023,F,Lola,557
ES,2023,F,Lucia,1378
ES,2023,F,Manuela,377
ES,2023,F,Maria,1074
ES,2023,F,Marina,327
ES,2023,F,Marta,338
ES,2023,F,Martina,1180
ES,2023,F,Mia,614
ES,2023,F,Noa,647
ES,2023,F,Nora,294
ES,2023,F,Olivia,622
ES,2023,F,Paula,829
ES,2023,F,Rocio,294
ES,2023,F,Sara,674
ES,2023,F,Sofia,1216
ES,2023,F,Triana,422
ES,2023,F,Valentina,563
ES,2023,F,Valeria,881
ES,2023,F,Vega,648
ES,2023,F,Vera,400
ES,2023,F,Victoria,321
ES,2023,F,Zoe,272
ES,2023,M,Adam,323
ES,2023,M,Adrian,721
ES,2023,M,Alejandro,983
ES,2023,M,Alex,545
ES,2023,M,Alvaro,777
ES,2023,M,Angel,402
ES,2023,M,Antonio,488
ES,2023,M,Bruno,538
ES,2023,M,Carlos,393
ES,2023,M,Daniel,994
ES,2023,M,Dario,327
ES,2023,M,David,603
ES,2023,M,Diego,635
ES,2023,M,Dylan,396
ES,2023,M,Enzo,744
ES,2023,M,Eric,321
ES,2023,M,Gabriel,378
ES,2023,M,Gael,442
ES,2023,M,Gonzalo,497
ES,2023,M,Hector,300
ES,2023,M,Hugo,1287
ES,2023,M,Ian,266
ES,2023,M,Iker,301
ES,2023,M,Izan,502
ES,2023,M,Jaime,273
ES,2023,M,Javier,498
ES,2023,M,Jesus,275
ES,2023,M,Jorge,349
ES,2023,M,Jose,379
ES,2023,M,Juan,405
ES,2023,M,Leo,1100
ES,2023,M,Liam,463
ES,2023,M,Luca,424
ES,2023,M,Lucas,1133
ES,2023,M,Manuel,959
ES,2023,M,Marc,422
ES,2023,M,Marco,527
ES,2023,M,Marcos,528
ES,2023,M,Mario,694
ES,2023,M,Martin,1283
ES,2023,M,Mateo,1263
ES,2023,M,Miguel,491
ES,2023,M,Nicolas,452
ES,2023,M,Oliver,554
ES,2023,M,Pablo,910
ES,2023,M,Pau,270
ES,2023,M,Rodrigo,291
ES,2023,M,Samuel,315
ES,2023,M,Sergio,370
ES,2023,M,Thiago,557
ES,2024,F,Abril,447
ES,2024,F,Adriana,387
ES,2024,F,Aitana,490
ES,2024,F,Alba,652
ES,2024,F,Alejandra,415
ES,2024,F,Alicia,292
ES,2024,F,Alma,681
ES,2024,F,Ana,433
ES,2024,F,Ariadna,262
ES,2024,F,Blanca,330
ES,2024,F,Candela,415
ES,2024,F,Carla,707
ES,2024,F,Carlota,360
ES,2024,F,Carmen,661
ES,2024,F,Chloe,528
ES,2024,F,Clara,285
ES,2024,F,Claudia,537
ES,2024,F,Daniela,753
ES,2024,F,Elena,389
ES,2024,F,Emma,810
ES,2024,F,Ines,363
ES,2024,F,Irene,307
ES,2024,F,Jimena,523
ES,2024,F,Julia,937
ES,2024,F,Laia,447
ES,2024,F,Lara,614
ES,2024,F,Laura,285
ES,2024,F,Lia,297
ES,2024,F,Lola,556
ES,2024,F,Lucia,1377
ES,2024,F,Manuela,377
ES,2024,F,Maria,1073
ES,2024,F,Marina,327
ES,2024,F,Marta,337
ES,2024,F,Martina,1180
ES,2024,F,Mia,614
ES,2024,F,Noa,646
ES,2024,F,Nora,294
ES,2024,F,Olivia,622
ES,2024,F,Paula,829
ES,2024,F,Rocio,294
ES,2024,F,Sara,674
ES,2024,F,Sofia,1216
ES,2024,F,Triana,422
ES,2024,F,Valentina,563
ES,2024,F,Valeria,881
ES,2024,F,Vega,648
ES,2024,F,Vera,400
ES,2024,F,Victoria,321
ES,2024,F,Zoe,272
ES,2024,M,Adam,323
ES,2024,M,Adrian,720
ES,2024,M,Alejandro,982
ES,2024,M,Alex,545
ES,2024,M,Alvaro,776
ES,2024,M,Angel,402
ES,2024,M,Antonio,488
ES,2024,M,Bruno,538
ES,2024,M,Carlos,393
ES,2024,M,Daniel,994
ES,2024,M,Dario,327
ES,2024,M,David,603
ES,2024,M,Diego,635
ES,2024,M,Dylan,396
ES,2024,M,Enzo,744
ES,2024,M,Eric,321
ES,2024,M,Gabriel,378
ES,2024,M,Gael,442
ES,2024,M,Gonzalo,497
ES,2024,M,Hector,300
ES,2024,M,Hugo,1287
ES,2024,M,Ian,266
ES,2024,M,Iker,301
ES,2024,M,Izan,501
ES,2024,M,Jaime,273
ES,2024,M,Javier,498
ES,2024,M,Jesus,275
ES,2024,M,Jorge,349
ES,2024,M,Jose,378
ES,2024,M,Juan,405
ES,2024,M,Leo,1100
ES,2024,M,Liam,463
ES,2024,M,Luca,424
ES,2024,M,Lucas,1132
ES,2024,M,Manuel,959
ES,2024,M,Marc,422
ES,2024,M,Marco,527
ES,2024,M,Marcos,528
ES,2024,M,Mario,693
ES,2024,M,Martin,1283
ES,2024,M,Mateo,1263
ES,2024,M,Miguel,490
ES,2024,M,Nicolas,452
ES,2024,M,Oliver,553
ES,2024,M,Pablo,910
ES,2024,M,Pau,270
ES,2024,M,Rodrigo,291
ES,2024,M,Samuel,315
ES,2024,M,Sergio,370
ES,2024,M,Thiago,557
